date,Close,High,Low,Open,Volume,log_return,realized_vol
2015-02-03,94.57952117919922,94.64382321569916,93.40370850697364,94.01917185752978,30750400,0.009563500331645,0.19053193836596224
2015-02-04,94.49684143066406,95.12149273128956,93.98241817765764,94.1937002829203,34073200,-0.0008745646749683,0.18286971993055265
2015-02-05,95.31439208984376,95.37869411587768,94.49683475524292,94.73566684714314,23605500,0.0086144081121544,0.1772364614466849
2015-02-06,94.73566436767578,95.69101373545838,94.39578524256127,95.46136264729128,34169300,-0.0060902850731116,0.17441259796892103
2015-02-09,94.43254852294922,94.88266278046788,94.20289739036266,94.36824648616084,22604700,-0.0032047255669232,0.16182038234637078
2015-02-10,95.9023208618164,96.03092494409889,94.80917915401864,94.95615925285396,23686500,0.0154443750506145,0.1687552148818407
2015-02-11,96.25138092041016,96.4718440438582,95.82882368030292,96.01254178177692,20303600,0.0036331378403141,0.1638585246828392
2015-02-12,97.37208557128906,97.40883059553111,96.72906516804493,96.8760382566164,22520300,0.0115762535047377,0.16735114396011483
2015-02-13,98.2080078125,98.22637681831068,97.4639334218421,97.64765852192872,29030200,0.0085481841931166,0.16641236209501278
2015-02-17,98.29986572265624,98.36416775484469,97.95997954771975,98.2080066778722,17675300,0.0009349031689611,0.1564461541703375
2015-02-18,98.43767547607422,98.49278951116544,98.0518562052443,98.18046029272188,15149600,0.0014009504756212,0.15361754513009543
2015-02-19,98.9245147705078,98.98881680122172,98.3457894856868,98.37334649765052,19828100,0.0049334706030784,0.15274153197452212
2015-02-20,99.58594512939452,99.6410591721598,98.54791726799483,98.86024652992688,28336700,0.0066639592389352,0.15313788713993437
2015-02-23,99.68698120117188,99.71454522984554,99.31035691007251,99.53082008067696,17868000,0.0010140472395895,0.14243187559908868
2015-02-24,99.76045989990234,99.8798829853612,99.2552315661204,99.55836576303076,19745000,0.0007368227102756,0.14249752616519115
2015-02-25,99.5124282836914,99.99928755281132,99.29195815517218,99.613475340497,19472300,-0.0024893676862761,0.14293803894939852
2015-02-26,100.01764678955078,100.07276782049443,99.33788148067354,99.61346561020528,22255500,0.0050640945769181,0.09993780044311437
2015-02-27,99.57674407958984,100.0452344069386,99.42058297327266,99.9809253542698,27757600,-0.0044179941650037,0.09919218558073685
2015-03-02,100.4769287109375,100.51367372134833,99.75123052421044,99.76960653361292,22988600,0.008999491929771,0.09876739389412881
2015-03-03,100.00849151611328,100.27488770761234,99.37465206018804,100.1738406346852,20788900,-0.0046730385356029,0.09484853937705426
2015-03-04,99.62267303466795,99.8247671821468,99.0806996467906,99.67779408023328,21007400,-0.0038653179495229,0.09621513210527906
2015-03-05,99.79718780517578,100.10032895847878,99.38381860223228,99.87986585080198,15381000,0.0017502250209376,0.09318612028068808
2015-03-06,98.66732025146484,99.86150198771408,98.41929309280304,99.66859586897527,30990400,-0.0113862148112878,0.10449217935386916
2015-03-09,98.95207977294922,99.20009990904629,98.4652204998872,98.869401721986,26237100,0.002881900446361,0.10181164576632917
2015-03-10,97.11486053466795,98.27230406777912,97.11486053466795,98.24474004808972,34234500,-0.0187412830519127,0.12164048778150849
2015-03-11,96.55452728271484,97.38127280055666,96.51778225876669,97.26184972062596,25459700,-0.0057865088723515,0.12313303317069212
2015-03-12,97.18836975097656,97.29859781790609,96.4167382404854,96.4810402823266,21473200,0.0065431532133396,0.1135145338717773
2015-03-13,96.76580047607422,97.48231791614882,96.15952511403766,97.096498676602,42021100,-0.0043574205496246,0.11422736510198277
2015-03-16,98.0150909423828,98.05183596098944,97.0230034735864,97.12405052265574,25674100,0.0128278250333643,0.11586109368433417
2015-03-17,98.1712875366211,98.32744865475829,97.5190790358149,97.74873021250994,19603800,0.0015923289726069,0.11207563945068287
2015-03-18,99.13579559326172,99.58591684265096,97.3996336553208,97.90486893182047,40622200,0.0097767979141884,0.11709559041574466
2015-03-19,99.28276824951172,99.55834537284454,99.08986216066008,99.23683522475844,31314000,0.0014814408519369,0.1171045633788474
2015-03-20,99.92544555664062,100.4226337321864,99.9070343017754,100.10038408817952,31761400,0.0064523397358645,0.11795936879678291
2015-03-23,99.73209381103516,100.14641377025976,99.69526427751282,99.87020280561512,17268500,-0.0019368345083449,0.11602436775938978
2015-03-24,99.37300872802734,100.18323734377164,99.35459747461913,99.72287873890252,22445300,-0.0036069941729146,0.1166531105036572
2015-03-25,97.09882354736328,99.62158640914944,97.06199402079169,99.52951610497742,41581400,-0.0231512754799874,0.1411441209193967
2015-03-26,96.76736450195312,97.31979334961088,95.97554724465525,96.29779682041276,47846300,-0.0034194654747936,0.1412806003503393
2015-03-27,97.154052734375,97.3842319796014,96.60162395073424,96.74894203944544,33878400,0.0039880973484322,0.14071485127941652
2015-03-30,98.26815032958984,98.35101150622984,97.74334180399198,97.74334180399198,30570200,0.0114020786563485,0.14694940095042527
2015-03-31,97.22772216796876,98.19447791102728,97.20010177951232,97.99191902966156,30488100,-0.010644091574916,0.14648490501833483
2015-04-01,96.72132873535156,97.24613717191086,96.09524086151646,97.22771889721692,32970500,-0.0052219341211308,0.14664388486260682
2015-04-02,96.78579711914062,97.09883760354457,96.47274961022174,96.8134175119392,19164200,0.0006663153709672,0.14659874466657563
2015-04-06,97.57759857177734,97.84460034160628,96.06761610819778,96.21493421177192,24451100,0.0081476847028048,0.14995422474559325
2015-04-07,97.4118881225586,98.2405280301816,97.4118881225586,97.52236969716692,19379400,-0.0016996863976814,0.14523869518416255
2015-04-08,98.18526458740234,98.32337354831034,97.4394860328181,97.4486881455687,25866900,0.0079078911361029,0.14778242503863467
2015-04-09,98.80217742919922,98.83900696645745,97.80780802129136,98.13925980758331,23114700,0.0062634942851271,0.13329170303505838
2015-04-10,99.207275390625,99.21648452921907,98.5443579021435,98.76532805679916,17164300,0.0040917089647854,0.1315028548383747
2015-04-13,98.95867156982422,99.7873112947531,98.84818299506068,99.28092113224253,17783500,-0.0025090481491302,0.13068331811167136
2015-04-14,98.67326354980467,99.142831302525,98.11162547927049,98.85741120994744,23755700,-0.0028882803607299,0.1300418565276617
2015-04-15,99.29014587402344,99.50191393445527,98.81137598996024,98.93106670484724,21128600,0.0062323064927997,0.12431941193546364
2015-04-16,99.15203094482422,99.32696242456107,98.8850221315777,99.02313110732788,16195300,-0.0013919919012653,0.12445370900153087
2015-04-17,97.60520935058594,98.47067853807792,97.18168038127855,98.203676794536,46514000,-0.0157234718261215,0.13158053852434928
2015-04-20,99.0691909790039,99.24412953310323,98.056403242436,98.09323278143144,28945900,0.0148876383080036,0.1422003936359327
2015-04-21,99.4926986694336,99.81495530996943,99.37300796191572,99.64001679362308,22759800,0.0042657564689991,0.14112809401562432
2015-04-22,100.0359344482422,100.20166384056934,99.10600802326675,99.75050731314155,21429200,0.0054452046563573,0.14229973735141802
2015-04-23,100.41339874267578,100.8645551526578,99.67682932092312,99.69524057104869,29473200,0.0037661860440485,0.14214243466958534
2015-04-24,101.77606201171876,101.91417097203411,101.30649435645188,101.47222370392764,32508100,0.0134792772665554,0.12032255576694109
2015-04-27,101.51827239990234,102.34691921918696,101.29729523175033,102.15356244092536,31121300,-0.0025361233084634,0.11983694745576225
2015-04-28,101.31573486328124,101.78530266393676,100.45946747362272,101.59194584491954,36849200,-0.0019970773803588,0.12055491532703885
2015-04-29,100.6803970336914,101.34331436132436,100.12796826883488,100.75405607554237,34043900,-0.0062906147632184,0.11872952460861663
2015-04-30,99.0968017578125,100.51470726117826,98.5719931709739,100.10959642058492,44080500,-0.015853945842924,0.12637828090166964
2015-05-01,100.40420532226562,100.4686552400551,99.46506992074576,99.48348819697944,32874300,0.0131069241229978,0.13104229708346402
2015-05-04,100.5699462890625,101.19603428747264,100.51469847850144,100.72646653253628,23507300,0.0016493763306583,0.1309813066525343
2015-05-05,98.9310531616211,100.35816752801789,98.88502151966544,100.17402691116668,47843300,-0.0164302935892646,0.1431426174466979
2015-05-06,98.24974822998048,99.39143578472056,97.59603975006816,99.10601565216452,42687200,-0.0069104866004191,0.14534429353926662
2015-05-07,98.83899688720705,99.11521487621792,98.1484589391951,98.22211800620002,29335800,0.0059795440129065,0.14423981891151363
2015-05-08,100.07274627685548,100.2845072812697,99.71366716109726,99.86097824792704,33023300,0.0124051520695952,0.1489236604088936
2015-05-11,99.6860580444336,100.33977350287068,99.6124059997568,100.13721457484964,19679300,-0.0038715561673459,0.1491315594360851
2015-05-12,99.2348861694336,99.74128337533624,98.33258736102472,99.09677720195889,33665000,-0.0045362005537835,0.1497645439122921
2015-05-13,99.4374542236328,100.18323288246542,99.29013610486788,99.66763351581714,20738400,0.0020392181820097,0.14948462712231422
2015-05-14,100.89217376708984,100.975034927969,99.879386439657,100.2476676318046,23904200,0.0145235143557159,0.1561921682826973
2015-05-15,100.89217376708984,101.28808237071064,100.6435762354254,101.14997341139856,23937400,0.0,0.15602461424052066
2015-05-18,101.33415222167967,101.53671116845612,100.65282332985396,100.7264824058665,17631100,0.0043711337399994,0.14424824143088322
2015-05-19,101.22367095947266,101.60116143235432,101.05794155016665,101.44464116370864,14212900,-0.00109086157649,0.13636556086038507
2015-05-20,101.2881317138672,101.89580159655172,100.75411389078414,101.29733383099432,21131900,0.000636612342793,0.1358572248435429
2015-05-21,101.81291198730467,101.95102097536208,100.96585382984132,101.11316493245825,16771800,0.0051676882770131,0.1357423486371985
2015-05-22,101.71166229248048,102.0799506935586,101.62879406559232,101.69324400894224,13543800,-0.0009949629280414,0.1354501207860601
2015-05-26,100.54229736328124,101.62874374503323,100.13718664474752,101.49064180946122,25488400,-0.0115634617108566,0.1332365818892778
2015-05-27,102.1627960205078,102.27328463101716,100.62519973629465,100.84616993279742,30572700,0.0159890721388288,0.144766569047335
2015-05-28,101.9325942993164,102.20881225267446,101.619553841724,101.9694238280651,17302400,-0.0022558257533457,0.14482109603118415
2015-05-29,101.32493591308594,102.00626470947864,101.08554746183412,101.86815571742892,30383000,-0.0059792146048513,0.14464674558161114
2015-06-01,101.66561126708984,101.94182929049792,100.83696422138172,101.86817021432029,24570200,0.0033565668804686,0.13239760133194942
2015-06-02,101.34334564208984,101.84053379127728,100.79091670671993,101.28810485590736,19449600,-0.0031748933703043,0.12582734668408005
2015-06-03,101.64717864990234,102.02466904308272,101.39858107617276,101.80369888550116,20507200,0.0029935706188382,0.12607559799958817
2015-06-04,100.87379455566406,101.72085988936053,100.55154487548856,101.0763535044933,31374600,-0.0076376075176892,0.1143233251092706
2015-06-05,100.63438415527344,100.99346327057428,100.01749834544904,100.75407485220232,22641700,-0.0023761865604658,0.1114500094265927
2015-06-08,99.61238861083984,100.66200557779834,99.4098297181787,100.58834652146442,24549200,-0.0102074495778348,0.11658483079514027
2015-06-09,99.4466552734375,99.80573437807728,98.70086965075076,99.37299622004628,27554600,-0.0016651680070755,0.10817019623507952
2015-06-10,100.809326171875,101.1039554004788,99.67684792813829,99.7873294985429,30297900,0.0136095004123496,0.11744779655288498
2015-06-11,100.95661926269533,101.41697775725888,100.78168078691697,101.14996898747044,17593500,0.0014600394201176,0.11601454292197166
2015-06-12,100.12799072265624,100.63438796830074,99.9898817443428,100.4226199316182,27201800,-0.0082416374922824,0.12004841991624722
2015-06-15,99.63080596923828,99.78732620515562,98.80215909597788,99.3822154195175,31238800,-0.0049778611835923,0.10954386323183511
2015-06-16,100.174072265625,100.33980170563188,99.48353410301596,99.52956576581276,16456900,0.0054379816945274,0.11152047192549397
2015-06-17,100.4502182006836,100.7724677294378,99.83333952785227,100.33973666197524,23296700,0.0027528681478139,0.11079762583002999
2015-06-18,101.9142074584961,102.08913898131046,100.7633107513562,100.8185515454538,43032400,0.0144690925199226,0.12213644216713972
2015-06-19,101.41031646728516,102.0470747376906,101.33648799289914,101.96401594383862,27877600,-0.004956529719879,0.12348527086943953
2015-06-22,102.15779876708984,102.46233590872517,101.92709009142732,102.15779876708984,19120900,0.007343838286003,0.12484262970383297
2015-06-23,102.2408676147461,102.33314968596014,101.81636445462487,102.26855153204323,18127900,0.0008128120765176,0.12478876649492764
2015-06-24,101.71485900878906,102.55463506704557,101.68717508960177,102.12090859865926,15815900,-0.0051580779897985,0.1189881114889459
2015-06-25,101.51182556152344,102.21318196406357,101.34571501988684,102.11166957524838,18326700,-0.0019980989725253,0.10508771411170444
2015-06-26,100.83814239501952,101.72406988369085,100.4597838373329,101.49336121366952,32311700,-0.0066586188513668,0.10720333377769743
2015-06-29,98.45724487304688,100.27523051508012,98.41110031780588,99.72152401487077,50874900,-0.0238942890960445,0.13345881586149783
2015-06-30,98.80792999267578,99.4077740708231,98.50339279352342,99.19551895123077,34809900,0.00355547287347,0.13354927030467198
2015-07-01,99.59233856201172,99.98915784204723,99.13092112200164,99.7861330419354,21293000,0.0079073749470668,0.1371193211290156
2015-07-02,99.62002563476562,99.96147708582131,99.3154954656312,99.87842532351328,20499400,0.0002779654068541,0.13648643281019598
2015-07-06,99.3893051147461,99.9614652252207,98.78023780807251,98.99248586923498,24311000,-0.002318691515817,0.13443546392356362
2015-07-07,99.63848114013672,99.73076321816866,97.66361509943408,99.5000545027532,44230800,0.0025039333478731,0.13473411194823834
2015-07-08,97.90354919433594,99.04786951662702,97.71898503431294,98.9278964760078,39691500,-0.0175656446614639,0.14355455986335325
2015-07-09,97.8481903076172,99.29704092244955,97.83895998657005,99.20475883399422,28381000,-0.00056560302693,0.14352390697798223
2015-07-10,99.3431625366211,99.7122978458364,98.78946309313332,99.14936808343388,26415800,0.0151629455385882,0.14557144484034706
2015-07-13,101.08729553222656,101.17034726062836,100.1921449092185,100.2013752259305,25780700,0.0174043110859694,0.15845704418524423
2015-07-14,101.75177001953124,102.02861624329157,101.17037957235968,101.22575444964856,21977200,0.0065517642019312,0.15696935320470087
2015-07-15,101.86253356933594,102.25935293525993,101.57645694762547,101.9455923876643,28631500,0.0010879742609255,0.155572819282429
2015-07-16,103.30213928222656,103.32059288203156,102.49927039761688,102.70229519882884,29838900,0.0140338911211619,0.16136613301457609
2015-07-17,104.82482147216795,104.82482147216795,103.95736138298209,104.13269524064434,35926800,0.0146325046289669,0.1676851679922075
2015-07-20,105.18473052978516,105.56308919752746,104.723313055527,105.04630387937333,26539000,0.0034275527616788,0.1616172728421537
2015-07-21,105.12012481689452,105.3877407369569,104.8155876159901,105.2216301765246,35468900,-0.0006144006025581,0.1601232510843783
2015-07-22,103.92967224121094,104.43722722777052,103.51439229874754,103.51439229874754,35575000,-0.011389300165033,0.16489830734629995
2015-07-23,103.54208374023438,104.37263664481138,103.27446778717228,104.03119220230414,25698300,-0.0037363056965219,0.16565167434534261
2015-07-24,102.52694702148438,104.28033458638072,102.37006679195616,104.09577043877938,30844700,-0.0098524744518902,0.1684825273471733
2015-07-27,101.67794799804688,102.38852776221027,101.45646959684512,101.94557095980674,35994800,-0.0083152160990015,0.17100759098933566
2015-07-28,102.55463409423828,102.75765888724754,101.31803877779446,102.13013090916034,33553500,0.0085852264311969,0.17159343935125504
2015-07-29,102.94224548339844,103.16372390860468,102.37931557880044,102.77613490432572,26714100,0.0037724353736192,0.14632212169830697
2015-07-30,103.4312973022461,103.60663107781733,102.08395971391587,102.7022571681629,25438100,0.0047394906120326,0.14652569773101928
2015-07-31,103.31134033203124,103.80967190759571,103.09909229692244,103.75430407942297,22081700,-0.0011604474534043,0.1454207018569248
2015-08-03,102.9883804321289,103.61590848840972,102.30548453109957,103.3298319029796,25001800,-0.0031309801345181,0.1463308814226001
2015-08-04,102.7945785522461,103.1267996782216,102.37007534475994,102.94223551520032,22132300,-0.0018835567156445,0.14619237382815445
2015-08-05,103.58821105957033,104.28033719137144,103.24675963324016,103.36673266878184,28989900,0.007690916677434,0.14769114484540904
2015-08-06,101.92707824707033,103.81889198393412,101.46566094936394,103.68046538648838,42125400,-0.0161658920278506,0.14543479950881594
2015-08-07,101.79792022705078,102.037859283425,100.9581440907488,101.6779542191996,30006800,-0.0012679645432934,0.14560616930352824
2015-08-10,102.96070098876952,103.18217941807048,102.43468531875956,102.44391564017651,21500800,0.0113576977068776,0.1417801335404737
2015-08-11,101.6410140991211,102.8130181201714,101.07808436441252,102.41619891440422,36123300,-0.0129002358602705,0.13831650144897398
2015-08-12,101.99169921875,102.19472400169654,99.8691833985607,100.93966810772774,41889000,0.0034442939997325,0.1369475957478655
2015-08-13,101.82560729980467,102.5823387349152,101.60412887819814,102.09323028622065,22510500,-0.0016298120954301,0.13702718002438652
2015-08-14,101.98249053955078,102.13014046785857,101.38264642424689,101.58567123625792,17924900,0.0015395195028585,0.1273798984486727
2015-08-17,102.83148956298828,102.85917348250476,101.4749211813108,101.73331381769292,21224900,0.0082904876493626,0.11946504159048067
2015-08-18,102.30548095703124,102.77612874296766,102.16705430932386,102.69306993807452,13984400,-0.0051283760062281,0.11922337263355065
2015-08-19,101.63175964355467,102.53614053982008,101.0411461344024,101.99166453067346,42511400,-0.0066071676013052,0.12057513303492412
2015-08-20,98.81716918945312,101.01351385923095,98.80793886846656,100.69052303142126,57747300,-0.0280847143361514,0.14832007432705535
2015-08-21,94.498291015625,98.25422861195212,94.498291015625,97.42367583031456,97763400,-0.0446896170320654,0.2085711171036977
2015-08-24,90.8623275756836,94.61826550928824,78.20103104058234,86.95873971245753,150829900,-0.0392362726764976,0.24069813699366946
2015-08-25,90.52088928222656,94.81207379645896,90.44706782701154,94.19377598491174,75088300,-0.0037648322999902,0.24060356896524732
2015-08-26,95.07967376708984,95.2642449620712,91.29605227836151,93.16940590322754,104103800,0.0491345664759134,0.3033965588093083
2015-08-27,97.48828887939452,97.55288704779588,95.31039771518796,96.45471114430036,69377700,0.0250170453871826,0.31845637431900425
2015-08-28,97.46981811523438,97.82049281900052,96.75923134726396,96.97148645787968,49919600,-0.0001894844436084,0.3174828048943988
2015-08-31,96.26093292236328,97.46062144209344,96.02100085095604,96.925375361557,39549400,-0.0124802167674816,0.31915138932387693
2015-09-01,93.25247192382812,95.3196201830282,92.86487590468234,93.86153931276284,73155500,-0.0317519887818477,0.3339432515387144
2015-09-02,95.8825454711914,95.90099907090196,93.85230451013096,94.94124995051054,43963600,0.0278133909852263,0.35246319433211115
2015-09-03,95.41190338134766,96.91612179099153,95.1442804052751,96.26090983191946,45131800,-0.0049206136642494,0.35020167210327596
2015-09-04,94.27678680419922,94.9135378951955,93.7507643193142,94.1014459759042,49379600,-0.0119683479878741,0.348649958522438
2015-09-08,96.9345932006836,97.05455922093726,95.68876730797716,96.08558665579784,37343500,0.0278014580906084,0.3653628479136642
2015-09-09,95.84562683105467,98.106569367724,95.59645748203675,98.07888544909336,47146700,-0.0112976108444658,0.3630895760907311
2015-09-10,96.88845825195312,97.52521674417332,95.62417863086736,95.73491434035031,47686700,0.0108215585972641,0.3645730654670814
2015-09-11,97.42366790771484,97.42366790771484,96.16861203767418,96.44546528926313,29106100,0.0055087762130162,0.365051349685694
2015-09-14,97.12835693359376,97.80202939549368,96.75922162737476,97.78356875781404,19718800,-0.003035807015258,0.3650570431233596
2015-09-15,98.27265167236328,98.57718877110533,96.99914249671797,97.35904741680618,30020200,0.0117124044357729,0.36807567014058
2015-09-16,98.8263931274414,98.9186822565772,97.94970272602777,98.29115419808286,31329100,0.0056189304473907,0.3672715731445805
2015-09-17,98.8633270263672,100.33986889803238,98.41113977452328,98.72490738648784,56139800,0.0003736552343415,0.36715516568547396
2015-09-18,97.45718383789062,98.61353392390689,97.29066914319225,97.34617874662558,48384000,-0.0143252198015331,0.36943986897458675
2015-09-21,97.76246643066406,98.5672886681896,96.88364314817386,97.99373645845634,35772600,0.0031275831219238,0.35729153420696985
2015-09-22,96.3008041381836,96.59682938686028,95.40347561812648,96.26380009987416,47359700,-0.0150640554374627,0.32435650560574386
2015-09-23,96.37480926513672,96.81885065346069,95.87526534994667,96.55982239322262,21775100,0.0007681836770639,0.28974090978501627
2015-09-24,96.02330780029295,96.3840884393404,94.60792945733724,95.44050287736992,38284300,-0.0036539012052662,0.28970947083807386
2015-09-25,95.209228515625,97.14264931682996,94.61717790133258,97.05014273168428,44700000,-0.0085140762971441,0.2377270947700286
2015-09-28,92.49874877929688,94.86695841842544,92.2212290093102,94.80220309964852,44077500,-0.0288817575718665,0.23975782744721413
2015-09-29,92.01769256591795,93.67358632198868,91.35163395366618,92.7300009353656,49315500,-0.0052142486577336,0.23977907350948838
2015-09-30,94.1361312866211,94.23789063882512,92.97052865270189,93.33130924404364,41411400,0.0227610707501928,0.25248408756973734
2015-10-01,94.56167602539062,94.57092880131012,93.05379115151428,94.302654762045,39339100,0.0045103381564544,0.2269001157770335
2015-10-02,96.2175750732422,96.2175750732422,92.95204372453033,93.24806904928548,59370900,0.0173597560888576,0.2136421497020759
2015-10-05,97.595947265625,97.85496855566004,96.71712402332028,96.92988848679155,32853500,0.0142239345847683,0.2181446445792882
2015-10-06,97.13339233398438,97.68843887861864,96.3748270761643,97.36466231573196,33051500,-0.0047507561271241,0.21410124493730293
2015-10-07,97.7161865234375,97.92895800418664,96.47658285498424,97.7439448487696,37389300,0.0059820085912686,0.19247687309589354
2015-10-08,98.10472869873048,98.27124336725284,96.40257796963527,97.34616344386188,50188900,0.003968347147614,0.18801757484948273
2015-10-09,98.5487823486328,98.73380260411116,97.882723544513,98.15099762160575,23916200,0.0045161096006103,0.1851606644721052
2015-10-12,98.78929138183594,98.9743045537246,98.38225393432074,98.73378884182937,16162000,0.0024375342045256,0.1844828712969386
2015-10-13,98.15096282958984,99.2240587575757,98.05845626354244,98.2249709055472,26999600,-0.0064824816048997,0.18573566335951255
2015-10-14,97.99372100830078,98.6412741609024,97.58668356506546,98.1509829085326,30902600,-0.001603325177077,0.18128050337438442
2015-10-15,99.6033706665039,99.6126234435018,98.22500332145698,98.35451396822376,38393800,0.0162926007770494,0.18914944936089256
2015-10-16,100.0196304321289,100.0751329615863,99.33506629909336,99.8161117470534,27091100,0.0041704649931128,0.18960636540862058
2015-10-19,100.59320068359376,100.65795600350891,99.66812065177676,99.89014494102923,23776300,0.00571819669905,0.1823627482325587
2015-10-20,100.0751724243164,100.63021911115878,99.7328902228262,100.41745462580664,23404700,-0.0051630399151545,0.1836917278766214
2015-10-21,99.46460723876952,100.6857126638082,99.42761024638128,100.58396034803911,30195200,-0.0061197530850127,0.1762280404132095
2015-10-22,101.4905014038086,101.573762253725,100.06587770147082,100.35265723140672,42778700,0.0201633371311742,0.18759930433011263
2015-10-23,104.33055114746094,104.75608722238393,103.67374500631011,104.21954603266504,53170900,0.0275990233239599,0.20517561020981462
2015-10-26,104.39527893066406,104.59879766447828,103.85873082475396,104.2565155159907,25918000,0.0006202182571635,0.20057159853476456
2015-10-27,104.60804748535156,104.7560566144344,104.08999788906094,104.1177562174517,31390500,0.0020360310224468,0.160561430349745
2015-10-28,105.47763061523438,105.47763061523438,103.92349575433332,104.76532203881357,42221900,0.0082784138732191,0.1555626730855401
2015-10-29,105.31111907958984,105.4868865635676,104.8855830648344,104.99659522173631,24913300,-0.001579890487711,0.1460672662395943
2015-10-30,104.83932495117188,105.5331349965524,104.81157367860476,105.35736752655976,27199200,-0.0044900682769036,0.1499877002122979
2015-11-02,106.0234375,106.15294815752884,104.8948385777044,105.11685583949652,22176900,0.0112312385753136,0.14499924746990844
2015-11-03,106.39346313476562,106.7727423016365,105.6533962395918,105.81065816103091,20418400,0.0034839601551483,0.14074810690464812
2015-11-04,106.4027099609375,106.81900024047872,105.95867546545476,106.74499213863126,28633000,8.690782398182816e-05,0.1378791827948529
2015-11-05,106.11591339111328,106.75422077404686,105.56086686837948,106.49519953395772,25004100,-0.0026990269314181,0.1398422150559044
2015-11-06,106.18992614746094,106.31018399770684,105.23709494759017,105.91239934498606,29924900,0.0006972277305871,0.1402883844040969
2015-11-09,105.06134796142578,105.93092552457226,104.4137947066153,105.79216209631257,33479800,-0.0106848011003363,0.1488901206029286
2015-11-10,104.79308319091795,104.8948425768276,104.19177965357984,104.5063105894282,35452100,-0.0025566762175366,0.1501476340295299
2015-11-11,104.6635284423828,105.58860824622766,104.48776102115669,105.07981153099348,22748800,-0.0012370558660952,0.14712659094886804
2015-11-12,103.64596557617188,104.74681305091032,103.57195748120786,104.2380162202832,31196900,-0.0097697991612921,0.15299039855676222
2015-11-13,101.61080169677734,103.32220564424186,101.55529914550443,103.2111934838945,52836000,-0.0198310691883841,0.1632928164937206
2015-11-16,103.0723876953125,103.09089324333388,101.27773771616452,101.5090076618412,33980600,0.0142816891381361,0.16944593011305284
2015-11-17,103.13714599609376,103.8772126668931,102.87812477865364,103.24815811405333,30579500,0.0006280825309175,0.1687394375953139
2015-11-18,105.11685180664062,105.21861118476662,103.4517118203814,103.55347119850738,32966500,0.0190129886454061,0.17781085064247004
2015-11-19,105.19084167480467,105.67188720760804,104.98732295383402,105.17234318098916,26188100,0.0007036344699705,0.17527310959887196
2015-11-20,105.90315246582033,105.98640627096984,105.58862162261168,105.6903809785498,22727600,0.0067487803003695,0.1642101102040068
2015-11-23,105.59789276123048,106.328706872873,105.14460549728037,105.94016787454342,20696200,-0.0028866043307391,0.13591094055504765
2015-11-24,105.50537109375,105.75513957475442,104.38601814367117,104.91332049052475,26374400,-0.0008765536990284,0.13600353170106988
2015-11-25,105.59789276123048,105.7921587314948,105.37587551775708,105.6626480846519,14159900,0.0008765536990284,0.13589819706242676
2015-11-27,105.74590301513672,105.95867454164286,105.38512234402712,105.82916389343946,8828000,0.001400658841773,0.13296195418709628
2015-11-30,105.47763061523438,106.06043559919796,105.135355492895,106.06043559919796,25041600,-0.0025401766511873,0.13315820032954676
2015-12-01,106.53221130371094,106.53221130371094,105.77363896299988,105.90315665023832,28639400,0.0099484946245403,0.13627794584320768
2015-12-02,105.87540435791016,107.07801119444524,105.71814245002798,106.61547118928564,22395500,-0.006184420809629,0.13272905339881041
2015-12-03,104.08075714111328,106.34720041304304,103.46094815119156,106.16218722840412,42754300,-0.0170958633810151,0.1444230735272449
2015-12-04,106.51374053955078,106.68950804739433,104.18254139048906,104.39530589785542,40037300,0.0231068871929858,0.1669567788970819
2015-12-07,106.03266143798828,106.65246328155408,105.52386466622556,106.58770797040243,25892100,-0.0045268225537002,0.1674552537690903
2015-12-08,106.04191589355467,106.3841980280181,104.88556591498929,104.9225699612394,30792600,8.727548288656261e-05,0.16743486825629575
2015-12-09,104.4322738647461,106.16217589339992,103.7939664476332,105.57937101419256,48509200,-0.0152956845959699,0.17182361062046245
2015-12-10,104.90410614013672,105.60716913566638,104.35830509979849,104.67283606798378,30154600,0.0045078937009623,0.17238911277023683
2015-12-11,102.48960876464844,103.96973527680304,102.42485345029792,103.6922084679866,56022200,-0.0232852424786085,0.19043848983716802
2015-12-14,103.26665496826172,103.31291178112818,101.1852254296484,102.62835470905678,53098500,0.0075531104976888,0.18984006343317025
2015-12-15,103.8957290649414,104.793057764163,103.76621843389913,104.21951270034718,48428000,0.0060732650206465,0.17680533434103282
2015-12-16,105.4406280517578,105.61638846336577,103.5072070616644,104.59880181174852,44944100,0.0147602361694197,0.17726345490706946
2015-12-17,103.9050064086914,105.90318300203243,103.88650791036864,105.90318300203243,45668800,-0.0146709454002122,0.1854884247206947
2015-12-18,101.9118423461914,103.81404399247444,101.9118423461914,103.58206766395048,53746100,-0.0193689329749673,0.18448801437031634
2015-12-21,103.04391479492188,103.06246979111904,102.1160092391976,102.8768915117172,26432800,0.011047105751386,0.18943974864456462
2015-12-22,103.72125244140624,103.86972068626608,103.04388554246108,103.59134626683168,26540300,0.0065517812161166,0.18933965723711849
2015-12-23,104.49141693115234,104.5656510545755,104.07386237576948,104.2594406049717,25656900,0.007397897587926,0.19138328305073593
2015-12-24,104.4728546142578,104.7605100720053,104.42646359674448,104.49141668474766,11468600,-0.0001776601981389,0.19138134347509692
2015-12-28,104.41716766357422,104.43572973141568,103.47070750494368,104.2223084273666,19183600,-0.0005331700518343,0.19131881772106246
2015-12-29,106.0595932006836,106.29156955757104,104.97393847013932,105.03889156689355,27725700,0.0156070329917608,0.1992934235217916
2015-12-30,105.10384368896484,106.00391307803838,105.0852886955028,105.9667960117578,19520100,-0.0090522871977732,0.2016600182213743
2015-12-31,103.79547119140624,104.92751661305854,103.77690912387008,104.73265738005594,29886800,-0.0125265093061544,0.20247962325655303
2016-01-04,101.60562896728516,101.6984180801513,100.32512221927914,101.55923087117432,50807600,-0.0213234028083807,0.2136231326861712
2016-01-05,101.42935180664062,102.23663217098708,100.95612508073582,102.10672596238292,38795200,-0.0017364220122523,0.2064156259341267
2016-01-06,100.4550323486328,101.03961015412754,99.66631423918112,99.66631423918112,41891100,-0.0096523267675347,0.1881369680137529
2016-01-07,97.30943298339844,99.55496214782488,97.25375385050748,98.31156534381104,61386300,-0.0318142561441738,0.21336808386575903
2016-01-08,96.51143646240234,98.62705950636932,96.40936630858324,98.01463858345473,69344000,-0.0082344180203933,0.21326352405350552
2016-01-11,96.808349609375,97.48571642970144,95.32370272987042,97.19806808786592,50024100,0.0030717329712312,0.21101087005196148
2016-01-12,97.93115234375,98.43222218897958,96.57641109376966,97.73629302827584,46734200,0.0115314578203093,0.21576452886806244
2016-01-13,94.55353546142578,98.57136642854988,94.40506724049672,98.33010910921736,69870700,-0.0350985177669672,0.23277846743074093
2016-01-14,96.5671157836914,97.41151310530368,93.41223597224652,94.92472632208906,78445700,0.0210720800345807,0.2454783524029667
2016-01-15,93.56995391845705,94.59065526865436,92.3358454230128,93.3658207277722,91443900,-0.0315289401401138,0.2616203272363068
2016-01-19,93.77411651611328,94.98967739185842,92.6791878719438,94.84120913125956,56563800,0.0021795478021195,0.2531495222643326
2016-01-20,93.48648834228516,94.48862808013668,90.2388187720817,92.29877031787944,86675000,-0.0030719584638687,0.2510836259723439
2016-01-21,93.57923889160156,94.97109670480144,92.62349765923445,93.88544930955072,61660100,0.0009916360232134,0.246295040301727
2016-01-22,96.28876495361328,96.32588202866138,95.138163944555,95.46292950202812,42229800,0.0285430926824418,0.2664509312910518
2016-01-25,94.8597412109375,96.49284908503408,94.77622607091722,95.94538847572257,38881500,-0.0149522525196439,0.26691777386057713
2016-01-26,95.71344757080078,96.12172115051898,94.42365957529422,95.25877588733071,36143900,0.0089594142384428,0.26782982163134417
2016-01-27,93.3287353515625,95.56498388845718,92.92973570996128,95.15671028914586,54524700,-0.0252307573711582,0.2770178594295216
2016-01-28,94.64637756347656,94.9154710550918,93.03182369314348,94.87835397907332,47641500,0.0140195558131645,0.28470087999550703
2016-01-29,96.6227798461914,96.6598969090608,94.59067197942235,94.61850800673544,54245100,0.0206669246209736,0.28973850700066794
2016-02-01,96.88260650634766,97.24448904709828,95.78767784784785,96.15883434549002,32750300,0.0026854737349139,0.29023555099027454
2016-02-02,94.78550720214844,96.47429419779,94.49785180773004,96.43717714433748,44928100,-0.0218834834067405,0.2955105253074214
2016-02-03,94.33084869384766,95.41649610945947,92.67917144454876,95.41649610945947,61572900,-0.0048082502657595,0.2890063441921981
2016-02-04,94.3215789794922,95.07318003752704,93.1988143705596,94.08032160950528,49321600,-9.82729401073738e-05,0.2891906404787864
2016-02-05,91.04606628417967,94.02464130696968,90.67490276583978,93.98752424720016,70749900,-0.0353443954213324,0.3091304041348491
2016-02-08,89.65422058105469,90.05322017859417,88.00254305399982,89.34801010586843,91673100,-0.0154053239615207,0.29592864364199417
2016-02-09,89.3758544921875,90.73059562742412,88.31804282386088,88.45723006008426,73778400,-0.0031097156505981,0.29551543902987826
2016-02-10,89.71917724609375,91.5749880844576,89.65422414992527,90.40582527406852,59421700,0.0038339776500402,0.2957458520100077
2016-02-11,89.58924865722656,90.30373253646503,88.32729703626752,88.57782832189913,76839200,-0.0014492192539496,0.2907419780014092
2016-02-12,90.95325469970705,91.04605087310117,89.75626335168856,90.60065331061324,49186500,0.0151103698007957,0.27520406297495115
2016-02-16,93.00394439697266,93.00394439697266,91.72343064769557,92.29873443935304,40565900,0.0222962152074267,0.2765182093048956
2016-02-17,95.1103286743164,95.24023489835216,93.44009568048754,93.68135313056466,41766500,0.0223956670920705,0.2663547298850673
2016-02-18,94.02466583251952,95.42579803767732,93.90403358696383,95.4072430426303,38991500,-0.0114804218944916,0.26963190272646165
2016-02-19,94.30303192138672,94.5906874357892,93.36585247838156,93.5699857384853,28257900,0.0029561906709281,0.26953935704532683
2016-02-22,95.83405303955078,95.9268421486335,95.0917330875338,95.18452219661653,23979100,0.0161047405259806,0.27497688078609567
2016-02-23,94.25662231445312,95.5371290831647,94.191669226461,95.27731673119618,29869700,-0.0165969943759233,0.26245933361775625
2016-02-24,95.15668487548828,95.277310007717,92.57710237025742,93.15240616570117,40739100,0.0095037603108082,0.25975585951979796
2016-02-25,96.0938720703125,96.0938720703125,94.49787379723884,95.35155206658791,29389300,0.0098007003113862,0.26013148149792237
2016-02-26,95.9732437133789,96.84547694487914,95.74126739260592,96.82691487477824,30925000,-0.0012561064636394,0.24332740925502466
2016-02-29,95.1103286743164,96.5949762914097,95.1103286743164,95.88049205921294,27553900,-0.0090318690850486,0.24127505146382291
2016-03-01,98.1631088256836,98.1631088256836,95.72272027889964,96.01964971074923,37699800,0.031592898687837,0.25548459543088453
2016-03-02,98.20023345947266,98.2187884531753,97.43935128924475,98.04249123525194,29209800,0.0003781218408624,0.25538971967720825
2016-03-03,98.01463317871094,98.12598436201596,97.30943025584568,98.0981483360286,25474600,-0.0018918070714613,0.24222129909616197
2016-03-04,98.05176544189452,98.68274141973936,97.40223447029985,98.12599957560724,31655400,0.0003787723331358,0.2411576238571693
2016-03-07,97.44863891601562,98.11673205273372,96.75270974516056,97.55070909408964,25861200,-0.006170099149244,0.2426856488557771
2016-03-08,96.64132690429688,97.62490413979371,96.47430368700924,96.7805140985957,28898500,-0.0083189943816193,0.20623313466400545
2016-03-09,97.2630615234375,97.28161651991232,96.46506216722352,97.00324909664369,31047400,0.0064128177281288,0.19548111550572306
2016-03-10,97.11457061767578,98.22805412898252,95.86189281826132,97.67131237332914,44236100,-0.0015278603099745,0.19484430771561087
2016-03-11,98.8126220703125,98.8126220703125,97.85688085373602,98.163091266626,31454000,0.0173339284478442,0.20027567430578655
2016-03-14,98.97968292236328,99.21165930893262,98.41365997278548,98.4414960064766,25374900,0.0016892557249263,0.1993748700074412
2016-03-15,98.94255065917967,99.05390185620462,98.3115747014179,98.627066219977,26524600,-0.0003752207414732,0.19642726007675734
2016-03-16,99.8240737915039,100.08388619464884,98.6734658927806,98.701309003995,31693100,0.0088699892586541,0.18590210845910707
2016-03-17,99.76838684082033,100.000363193954,99.16525398615792,99.53641048768662,29623700,-0.0005580065695078,0.17284939169895025
2016-03-18,99.92472076416016,100.17599522141568,99.39424615408308,100.00847654979373,37682300,0.0015657421245347,0.1655187458921809
2016-03-21,100.31559753417967,100.40866188707662,99.69205855937972,99.74789575104688,17288600,0.0039040815537547,0.16555550419675027
2016-03-22,100.62271118164062,100.85537560225086,99.72928065853988,99.74789068803268,18840300,0.0030567977660718,0.15850551722423448
2016-03-23,99.79444885253906,100.50174373798444,99.57108584627146,100.42729650291813,20912900,-0.008265430408702,0.1482729042881001
2016-03-24,99.82234191894533,99.8502605124982,99.14295870762253,99.31047736929426,19017300,0.0002794661358894,0.14638541424059395
2016-03-28,99.68273162841795,100.12014181683551,99.50590442024398,100.10152468947317,13892300,-0.0013995665456908,0.14426079116643342
2016-03-29,101.2834701538086,101.34861590297903,99.32909057834124,99.49660923340154,29963900,0.015930762140381,0.15184063657593036
2016-03-30,101.77670288085938,102.40955025313907,101.562648535673,101.88838433491571,23807200,0.0048580052869294,0.14598533172936692
2016-03-31,101.6278305053711,102.08385794674165,101.46962038098816,101.702284834618,21447200,-0.0014638061363987,0.10389477687606277
2016-04-01,102.70740509033205,102.74463225789572,100.8740079148682,101.013608018143,26389000,0.0105667984964732,0.10822579109541956
2016-04-04,102.31652069091795,102.78184959040316,102.07454767508612,102.7073952624002,17163000,-0.0038130659290505,0.10932598558871497
2016-04-05,101.33004760742188,101.90705816411452,101.19975604629089,101.52548494911836,20107900,-0.0096881652132462,0.11658088636852074
2016-04-06,102.9958724975586,103.03309965273708,101.43236748183068,101.43236748183068,25056000,0.0163059273018062,0.12357763194010063
2016-04-07,101.51615142822266,102.58640928561272,101.07874113952238,102.40027347108318,28567200,-0.0144710013933845,0.13200004370123422
2016-04-08,101.4416961669922,102.3909639610958,101.0880487731801,102.1489980549716,22898000,-0.0007337017558347,0.13154472274501355
2016-04-11,101.0694351196289,102.39096748447888,101.06012655357912,101.87910995742853,25772100,-0.0036764543686852,0.1324786527995413
2016-04-12,101.91635131835938,102.11178863049662,100.5296658983492,101.1439035368004,28564100,0.0083446346468336,0.12257327415713257
2016-04-13,103.2192611694336,103.37747129313126,102.5677964418784,102.6980879673183,25356700,0.0127030831548337,0.1286077776330931
2016-04-14,103.22857666015624,103.6101498224686,102.37237306226652,103.2378852276254,17199700,9.024546662153812e-05,0.12850965979141582
2016-04-15,102.96797943115234,103.35885400689035,102.70739638066034,103.14480668699576,21353300,-0.0025276597504003,0.12690927274877387
2016-04-18,103.5170669555664,103.55428701808046,102.60501921615536,102.6701649760879,17126100,0.0053184366451921,0.12735405930780097
2016-04-19,102.88420104980467,103.7124857500405,102.26065505832554,103.7124857500405,42481400,-0.0061324031115902,0.13025815437906335
2016-04-20,102.96797943115234,103.44261690189455,102.53056912481694,102.88422363650376,18078300,0.000813966466398,0.12994609474583926
2016-04-21,102.97731018066406,103.34957480456951,102.5119811758715,102.91216440400738,20216000,9.061386677679373e-05,0.12983053271399775
2016-04-22,101.42310333251952,102.11178820580886,100.62273695260636,101.63715067810304,39074000,-0.0152077657335596,0.13810513257380055
2016-04-25,101.42310333251952,101.43240479947085,100.92984867019815,101.11598451457124,14351900,0.0,0.1381210542257151
2016-04-26,100.92984771728516,101.80466842668812,100.62273600259287,101.63714971851216,19118300,-0.0048752102663843,0.13932452006353235
2016-04-27,100.12017059326172,100.35283504968756,99.29188569641413,99.89680760283676,33059800,-0.0080545280042047,0.13055148353637452
2016-04-28,98.9103012084961,100.8181523719946,98.71486393960949,100.23183346497984,29818200,-0.0121577794244644,0.13490422716634182
2016-04-29,98.38915252685548,99.11506453953876,97.60739621294996,98.9103186692217,67502800,-0.0052828315923334,0.13558806846645483
2016-05-02,99.31981658935548,99.45941670056244,98.23094850258312,98.64043316833848,24813800,0.0094145545412262,0.13434452679093803
2016-05-03,98.39845275878906,99.05921894770532,98.13786260932348,98.61250007754848,38569400,-0.0093200340359636,0.13682066443044852
2016-05-04,97.76563262939452,98.16581588160852,97.52365954424344,97.80285270370312,27474500,-0.0064519692622518,0.13493373221769175
2016-05-05,97.73768615722656,98.33331372497676,97.54224885702124,98.11925929121507,20788100,-0.0002858925621495,0.11823645159657002
2016-05-06,98.25887298583984,98.27748302161488,97.16069626582944,97.25376064541872,30758500,0.0053183388459513,0.11272579458014914
2016-05-09,98.53802490234376,98.99405224216432,98.22160472403957,98.26813334419096,19289600,0.0028369563415358,0.11372694549150611
2016-05-10,99.88750457763672,99.93403320798215,98.71487374745502,98.8917010036923,21178900,0.0136020852268795,0.1245702703011986
2016-05-11,98.9847640991211,100.03640485617602,98.95684550119968,99.73859464442162,20966300,-0.0090786582261002,0.12349416493418211
2016-05-12,98.54734802246094,99.33840568541868,97.84935471390617,99.21742273473036,29196300,-0.0044288170357089,0.11264362017816798
2016-05-13,98.18441772460938,99.06853997298202,97.9889803991909,98.46361796112544,21059300,-0.0036895994725794,0.11243373339972018
2016-05-16,99.41287231445312,99.77582831180008,98.24024142283288,98.33331288911135,18311900,0.0124340816293969,0.12358817886267205
2016-05-17,98.16577911376952,99.61760288018267,97.9051889887102,99.3291012600249,29932700,-0.0126239323267321,0.12639598422581855
2016-05-18,98.51943969726562,99.0499143830574,97.7563005510326,97.94242927924324,27524400,0.0035962129415128,0.12738889209754603
2016-05-19,98.007568359375,98.3798328907612,97.29096499424976,98.13785988030686,27334600,-0.0052091821927736,0.12738287724763606
2016-05-20,99.0871124267578,99.48729546511592,98.34258353202289,98.39842781435796,29549600,0.010954682885938,0.13531894102369887
2016-05-23,98.95684814453124,99.55246858395022,98.86378378218872,99.19881406655064,15729800,-0.0013155089469699,0.12627399484596552
2016-05-24,100.93917083740234,101.060153827278,99.478037988903,99.50595659423144,29931300,0.0198341886833728,0.14577987812721468
2016-05-25,101.66504669189452,101.97216544160766,101.1438806441546,101.32070788193272,37951700,0.0071654871664047,0.14690594484467323
2016-05-26,101.962890625,102.09318218006013,101.5254802185737,101.76745329240984,21885900,0.0029253760504379,0.14388812069397966
2016-05-27,102.49332427978516,102.50263284436996,102.00938542668987,102.02799545550516,19870000,0.0051887377950701,0.1364566597407894
2016-05-31,102.68879699707033,102.84701424823449,102.16763080600762,102.63295979098696,24366100,0.0019053587632841,0.1340767403911425
2016-06-01,102.69807434082033,102.93073876257132,102.28858978677974,102.37234557043983,19571500,9.034018285474874e-05,0.13147740411579667
2016-06-02,102.9121322631836,102.92143372811736,101.93493881816686,102.49333202945289,15696600,0.0020821728963279,0.12534270335480416
2016-06-03,102.42819213867188,102.76322950470032,101.75811740661496,102.7167008763024,20269900,-0.0047135507545193,0.12397922009273722
2016-06-06,102.80048370361328,103.07037538058046,102.4375276450195,102.61435494036007,12502400,0.0036280697303415,0.1237241349895303
2016-06-07,102.5398941040039,102.95868734499204,102.4933583659578,102.85631440157596,12184300,-0.0025381246716937,0.1243846382304572
2016-06-08,102.71673583984376,102.93078322411505,102.33516261517912,102.71673583984376,14568700,0.0017231285502869,0.12435351801529206
2016-06-09,102.54918670654295,102.66086109989708,102.10246783205956,102.2979051207849,17571600,-0.0016325083913911,0.11741460255105815
2016-06-10,101.38585662841795,101.81395833745394,101.03220214243017,101.61852106378676,32965000,-0.0114089533386292,0.1202415094914375
2016-06-13,100.5389633178711,101.3765567772696,100.40867179089308,100.8088549381415,25154700,-0.0083882533764926,0.12329607434823177
2016-06-14,100.5389633178711,100.90191930021784,99.80374278686328,100.26907169760072,24588500,0.0,0.12220328001717215
2016-06-15,100.25047302246094,100.9205478658909,100.08295431160344,100.78094775678358,24605700,-0.0028735624660571,0.11569079033477561
2016-06-16,100.54826354980467,100.641327904167,99.1150497714889,99.75720588719248,32079900,0.0029660619458609,0.10575648153921943
2016-06-17,99.36972045898438,100.4801553572865,99.13643629509016,100.34018343509644,29208800,-0.0117904024435241,0.11434059509714746
2016-06-20,99.99494934082033,101.00273173903584,99.92029668339124,100.5268370662813,20562800,0.006272234014372,0.11414931346815359
2016-06-21,100.31219482421876,100.51748603643028,99.93893872194946,100.12557033271813,22804100,0.0031675929481348,0.10860770329890693
2016-06-22,100.0695571899414,100.95604114468084,99.98557832141448,100.36816058792594,22724200,-0.0024217549794379,0.10891879386209118
2016-06-23,101.49727630615234,101.51594302704903,100.42417479043851,100.84408346012933,18714200,0.0141664476101575,0.09742675979491514
2016-06-24,97.31681823730467,99.3790492980028,97.10219368380788,97.88603214085342,68012700,-0.0420601401401465,0.1732251340041528
2016-06-27,95.3852310180664,96.67295705259625,94.9466556465132,96.67295705259625,48222600,-0.0200480682211201,0.18287059816394313
2016-06-28,97.47544860839844,97.52210828621388,96.39301385189988,96.439666410448,28260600,0.0216767818115429,0.2004476150590407
2016-06-29,99.2017593383789,99.4070505494742,98.1939771227798,98.24062968576727,31356700,0.0175552122495512,0.2116893549257256
2016-06-30,100.3495101928711,100.41482946969327,99.03378417782322,99.36971392127089,36300800,0.0115034448431278,0.21650548092313732
2016-07-01,100.85340881347656,101.22666488982767,100.26552817946164,100.3028544990235,19902800,0.0050088704141121,0.21728374093218192
2016-07-05,100.23753356933594,100.46149148301996,99.69631262350066,100.32151956678427,21167900,-0.0061253596256479,0.21764559347790438
2016-07-06,101.0586929321289,101.10534548886253,99.44436354068512,99.76163367510196,24579300,0.0081587611663213,0.21942584133741622
2016-07-07,101.3573226928711,101.5812735334952,100.88142092718464,101.152031455937,19161700,0.0029506556236189,0.2197059592511061
2016-07-08,102.92497253417967,102.98095845348637,101.73055167458718,101.8985165517746,29457900,0.0153481789821648,0.2264502341009115
2016-07-11,103.5128402709961,103.89542256369778,103.26089652890153,103.27022276875412,20218500,0.0056953647967066,0.22716691985196963
2016-07-12,104.03539276123048,104.3153365760768,103.89542085380732,104.1473717110224,21906100,0.0050354906593052,0.22346679425042454
2016-07-13,103.78345489501952,104.34333543712148,103.7741215355254,104.27801615919738,21107800,-0.0024245923069386,0.2211762900381748
2016-07-14,104.4926528930664,104.68861074968228,104.23136863164372,104.47398617190213,20871000,0.0068101977375657,0.221846651074395
2016-07-15,104.32469177246094,104.7912601486897,104.09140758434654,104.73526710243972,17999300,-0.0016086897101049,0.22155133875042365
2016-07-18,105.01522827148438,105.20185280500483,104.3713615280804,104.39002825299424,20713900,0.006597298818809,0.22212846781636822
2016-07-19,104.6326141357422,104.95921767156086,104.44598964607546,104.65128085626962,18936700,-0.0036500691459193,0.2174695097377888
2016-07-20,105.85501861572266,106.05097644821318,105.07118016649324,105.20181872148694,24997900,0.0116151073288803,0.21942916455786135
2016-07-21,105.61238861083984,106.1349427689937,105.32311857604272,105.92965160135712,18885400,-0.0022947281998164,0.22010106945133176
2016-07-22,106.05098724365234,106.1722924515612,105.36046807992771,105.68706450065774,20003400,0.0041443094139168,0.21944346077813293
2016-07-25,106.06029510498048,106.08828806013182,105.7056986883532,105.96697576212088,12968100,8.776394382267611e-05,0.21561245053066166
2016-07-26,106.1816177368164,106.56420005221383,105.64973014371536,106.02298621870692,21223800,0.0011432486960349,0.1442750701134206
2016-07-27,106.91877746582033,107.19871413270673,106.47086883182936,107.07740895564925,27646100,0.0069184542679711,0.11444090317564407
2016-07-28,107.29205322265624,107.4133584220414,106.75083226675162,107.08676202426018,16939700,0.0034851284919363,0.09809421171514959
2016-07-29,107.52535247802734,107.81462259678167,107.18942267335268,107.5346787197966,22385300,0.0021720711721056,0.08618635503155739
2016-08-01,108.0945281982422,108.36513863619102,107.4693284550155,107.59996699481611,13990100,0.0052794486339752,0.08179522332618788
2016-08-02,107.27337646484376,108.02921478887492,106.58285741425644,107.93590255813612,21278400,-0.0076256089674791,0.09021337021724682
2016-08-03,107.6279754638672,107.63730882356008,107.12408794873066,107.18940722804597,15011300,0.0033001125182455,0.08397390579950133
2016-08-04,107.9359130859375,108.03855868554204,107.3387062078389,107.59065708660184,12835300,0.0028570446897103,0.08216727921072857
2016-08-05,108.97168731689452,109.21430481806934,108.365147123591,108.48645943381192,23196600,0.0095504454602401,0.08510863586565878
2016-08-08,108.8503646850586,109.05565583629256,108.5051016471409,109.02765576354312,12358200,-0.001113961082147,0.07456082370436841
2016-08-09,109.1023406982422,109.44760383841556,108.86905652443345,108.93437580832918,13276500,0.0023122092015541,0.07374514140270352
2016-08-10,108.8223876953125,109.19563662220172,108.53311052192632,109.16764366461172,14688400,-0.0025692647089081,0.07514825382261085
2016-08-11,109.28895568847656,109.52223982680806,108.97168555832693,109.19563633773042,12969800,0.0042782617132943,0.07358678968305254
2016-08-12,109.36359405517578,109.37292741349384,108.98101179533272,109.1023169764017,19379000,0.0006827120898957,0.0720697904200267
2016-08-15,109.8302001953125,110.08215112196388,109.46627740727732,109.50360373416154,11777800,0.0042574822571653,0.07105255290597075
2016-08-16,109.22364807128906,109.6342233574692,109.20498135144088,109.62489711681278,14161400,-0.0055379412779782,0.07447837536229521
2016-08-17,109.41962432861328,109.45695065532372,108.64511906772684,109.2516594180508,15980300,0.0017926580375049,0.07173038389459689
2016-08-18,109.44760131835938,109.60623284427244,109.13033114726537,109.31696275357592,10036300,0.0002556526205855,0.06307592034336658
2016-08-19,109.41962432861328,109.66223477332775,108.95305592363624,109.2516594180508,18743000,-0.0002556526205856,0.0618779892144387
2016-08-22,109.50359344482422,109.69022506170886,109.05569180283756,109.2609759025083,14500600,0.000767110233283,0.0612908682992936
2016-08-23,109.6995620727539,110.119477912518,109.65290950340383,109.932846277311,11997900,0.0017880096632361,0.06107090323022609
2016-08-24,108.99037170410156,109.774203131368,108.62644895297528,109.62490495824171,17728700,-0.0064858298913789,0.06720982753392953
2016-08-25,108.81305694580078,109.14898668347055,108.57977280126715,108.71041135266462,24266300,-0.0016282094232645,0.06458643101432783
2016-08-26,108.97168731689452,109.68087310226174,108.31849456673196,108.85038212594064,23896000,0.0014567631877431,0.06391699994569806
2016-08-29,109.12098693847656,109.41025698154176,108.98101503660848,108.99967463453312,11184900,0.0013691394762723,0.06375058171865566
2016-08-30,108.76637268066406,109.26093381618848,108.39312382920332,108.94367086859376,19843300,-0.0032550265562259,0.06287766426517757
2016-08-31,108.65444946289062,108.76642132069614,108.19720731262252,108.59845641471918,16169800,-0.0010295538997264,0.05620604003266808
2016-09-01,108.93436431884766,109.06500287286046,108.1598663541339,108.69175392954804,20944700,0.0025728805217976,0.055822487412802005
2016-09-02,109.28895568847656,109.69953093083848,108.87837332684772,109.475580151435,18088200,0.0032498055816755,0.05604099113967132
2016-09-06,109.97013854980467,109.97013854980467,109.23295983737482,109.47557732837792,18525200,0.0062135169834007,0.050209517310325365
2016-09-07,110.03545379638672,110.22208536697138,109.61554522128756,110.07278011050366,17546900,0.0005937598931409,0.04989350323432696
2016-09-08,109.39161682128906,109.73687283874295,109.10233960755588,109.70887987724863,20125300,-0.0058683627409501,0.0540560791475226
2016-09-09,106.63886260986328,108.71976061598626,106.62020300804848,108.47714307678504,50813300,-0.025486248246907,0.10383114540039554
2016-09-12,108.55179595947266,108.70109413212128,106.0323225528882,106.04165591345004,39646000,0.0177794310702611,0.12145889742630427
2016-09-13,107.58131408691406,108.32781905801228,107.05875989521864,108.0105560471306,45863900,-0.008980469440281,0.1250122418606628
2016-09-14,108.0945281982422,108.6824087466114,107.6652862647164,107.69328633975924,28221800,0.0047591336568253,0.12527886146177236
2016-09-15,109.77418518066406,109.94215004750748,108.1132032303608,108.12253658942628,38521400,0.0154192883876468,0.13579820807791976
2016-09-16,109.72181701660156,109.834076538293,109.1792400340836,109.65633407989112,27596500,-0.0004771673700832,0.13569868808079383
2016-09-19,109.24470520019533,110.33920859450308,109.02955007333328,110.00243722131552,16222900,-0.0043578586045232,0.13658365274183143
2016-09-20,109.45050811767578,109.8995389836123,109.26341608684594,109.63760014850564,18078600,0.0018820986075497,0.1367513130941808
2016-09-21,110.52631378173828,110.68534273409132,109.27277423841043,109.91825392833096,31546800,0.0097811599578352,0.14087994287017547
2016-09-22,111.4056625366211,111.52727879783608,111.05954151526647,111.1717938953363,22614400,0.0079245304913485,0.14320294450551702
2016-09-23,110.69470977783205,111.32147603926562,110.53568081068109,111.32147603926562,22213400,-0.0064021071166667,0.14315003683031352
2016-09-26,109.76858520507812,110.19890979807228,109.60955623733514,110.06794392615396,16403900,-0.0084016708595268,0.146446345129635
2016-09-27,110.85372161865234,110.90984780142156,109.59083254662006,109.69373530643269,20238400,0.0098371300692557,0.15003006896139523
2016-09-28,111.04080963134766,111.10629255457484,110.47016967018078,110.99404019310158,14794300,0.0016862791162452,0.1500488385840555
2016-09-29,110.23631286621094,111.05953500300863,109.7592260046804,110.8537294688092,27207500,-0.0072714277985665,0.15205834938427482
2016-09-30,111.0595245361328,111.38693915645445,110.41404490099627,110.52630440100802,25543200,0.0074399543782279,0.15370867898846213
2016-10-03,110.90049743652344,111.04081289248592,110.47017291456,110.91920378495058,19216400,-0.0014329348628363,0.15383249204328533
2016-10-04,110.7321319580078,111.47115775504528,110.311164101994,111.22793235848874,21239700,-0.0015193206105308,0.15378287798207368
2016-10-05,111.125,111.48047768718428,111.0127405075246,111.05951708033176,14481300,0.0035416346472698,0.15283500254952834
2016-10-06,111.06888580322266,111.3027544182797,110.52630890338538,110.98468939050817,11987100,-0.0005050921880003,0.15287367757524037
2016-10-07,110.82565307617188,111.33081010755872,110.28307621241154,111.1717740356957,19984200,-0.0021923281726534,0.15148485663380662
2016-10-10,111.52723693847656,111.77046223251264,111.34949455393846,111.39627111948064,19687300,0.006310565071,0.11900231084017437
2016-10-11,109.93694305419922,111.4524140785863,109.45049952994697,111.43370773181246,27774400,-0.0143618820815355,0.11784053234314867
2016-10-12,109.84339904785156,110.21759022407392,109.50662770296174,110.03984780952013,14267800,-0.0008512500353914,0.11276526984971084
2016-10-13,109.45050811767578,109.74985964926564,108.45890750749132,109.09503040425768,22821000,-0.0035832400054746,0.11295556328143425
2016-10-14,109.5814971923828,110.43278252842585,109.51601425400295,109.99310831197327,21313300,0.0011960726026095,0.09936132422593105
2016-10-17,109.28213500976562,109.7311659273704,109.14181240194512,109.4879405496218,14182700,-0.0027356063343721,0.09978113487374936
2016-10-18,110.25498962402344,110.7695032881224,110.1988634559769,110.58240416613108,19276700,0.008862837973378,0.1032741387040344
2016-10-19,110.24565887451172,110.40468781286977,110.04921010293351,110.17081920807144,13702900,-8.463239977593726e-05,0.103152361573492
2016-10-20,110.11467742919922,110.3579027421259,109.47855462876954,110.13339091171024,18132200,-0.0011887934365606,0.09734395822746836
2016-10-21,110.52631378173828,110.59179671136036,109.8340646490043,110.19889913362788,15707800,0.0037312815525564,0.09397173340853139
2016-10-24,111.8546905517578,111.9295302279227,111.218567578565,111.23728106615836,19143000,0.0119469967678131,0.10042476726503417
2016-10-25,111.49919128417967,111.938865375442,111.3308056138474,111.92015189145896,20341800,-0.0031832853304762,0.09613420591396063
2016-10-26,110.741455078125,111.3495148555276,110.41404047093997,110.77887490996088,20463700,-0.0068190869193345,0.09356601488726098
2016-10-27,110.23631286621094,111.31210998045988,110.07728391236742,111.21856395685217,19099800,-0.0045718906159128,0.09460988270878579
2016-10-28,109.54403686523438,110.4888678873257,109.20726555314444,109.91822800501234,35369300,-0.0062997287184831,0.09376985092518163
2016-10-31,109.44116973876952,109.94632687129752,109.38504354752354,109.94632687129752,18749400,-0.0009394893438356,0.089448222396726
2016-11-01,108.61792755126952,109.64694791076076,107.67309645762532,109.6282415640513,23498700,-0.0075506696028083,0.092537840033827
2016-11-02,107.74796295166016,108.79569705588602,107.47667446564353,108.5431149212374,26960100,-0.0080416491326809,0.09571148083027733
2016-11-03,106.69085693359376,107.9256828417436,106.56924069526256,107.57019800613324,36205200,-0.0098593583175739,0.09838888778973585
2016-11-04,106.31668853759766,107.14926035139,106.12958933741106,106.42894092060487,26997500,-0.0035131974317422,0.09838829636652575
2016-11-07,108.84246063232422,108.95472014579153,107.8602166536265,108.03795196190268,26591200,0.0234792537189115,0.13235346409441887
2016-11-08,109.55345153808594,110.04925202720158,108.47765411875808,108.73023630494168,20777900,0.0065110506006587,0.13249206916668152
2016-11-09,110.05855560302734,110.23629087128808,108.1408303847354,108.27179621907602,70234400,0.0045999757679367,0.12414674324475516
2016-11-10,108.28118133544922,110.741476881964,106.8311928990096,110.59180466225472,72825400,-0.0162811731297383,0.1364583094400938
2016-11-11,108.32791137695312,108.56177991866754,107.4298498961205,107.81339773034084,41115200,0.0004314688884359,0.13609105672534988
2016-11-14,107.2334442138672,108.458920717504,106.67216091591132,108.35601794688328,35906000,-0.0101546639928649,0.1399439077354779
2016-11-15,108.72086334228516,109.0950546241214,107.88829148717964,108.0473204624009,31796600,0.0137755311934515,0.14881747533604964
2016-11-16,109.3663101196289,109.44114264372855,108.20631678229762,108.20631678229762,16538100,0.0059191804050069,0.1468842623113433
2016-11-17,110.16146850585938,110.18017485373151,109.0856715070767,109.31018336705895,20598600,0.0072442938081463,0.14924841137726075
2016-11-18,109.74987030029295,110.47953928328732,109.64696753221898,110.29244723430052,16428700,-0.0037433148142718,0.14975840786463773
2016-11-21,110.8911361694336,110.9940389243434,109.98372486001276,110.02114469244388,20268500,0.0103450946464207,0.15362523850139503
2016-11-22,111.22791290283205,111.49920134824887,110.95662445741516,111.33081566271784,18850600,0.0030324008037398,0.1480058760082337
2016-11-23,110.77890014648438,110.98470569991468,110.29245649600756,110.86309657157167,22926000,-0.0040450413428536,0.14824968439829275
2016-11-25,111.13433837890624,111.1811078068826,110.77885361335686,110.90981943105344,7162800,0.0032034009213333,0.14676186457338905
2016-11-28,110.88176727294922,111.39628099110064,110.76951492506343,110.99402675793748,13479000,-0.0022752512857026,0.14604102074683628
2016-11-29,111.2653579711914,111.79857824011928,110.66665476176732,110.98471271929031,18553000,0.0034534867742629,0.14440498612539557
2016-11-30,109.918212890625,111.44303318945336,109.8807930680824,111.40561336691076,30405300,-0.0121813906288772,0.15114843387339066
2016-12-01,108.0192413330078,109.8901903273972,107.8508556380286,109.88083358403613,39796600,-0.0174271983224725,0.16108141608056684
2016-12-02,108.23438262939452,108.66470712372502,107.78535892494122,108.0847104402778,32876800,0.0019897134061631,0.15870867479825843
2016-12-05,109.07634735107422,109.50666485172368,108.29990164600638,108.79570922653176,21419700,0.0077489863004704,0.15632983745407006
2016-12-06,109.33824157714844,109.52534073303536,108.8798611351558,109.38501815039592,27293300,0.0023981397293447,0.15549321842144267
2016-12-07,110.72276306152344,110.86308566479408,108.78633112028024,109.11374576984232,26622400,0.0125832357723703,0.13972227241117993
2016-12-08,110.91919708251952,111.19984225169324,110.55436264485556,110.76952489283585,18578400,0.0017725350587898,0.13824492933606272
2016-12-09,111.78921508789062,111.82663492847304,111.32147778626764,111.33083453068946,21863100,0.0078131079353211,0.13985794525794754
2016-12-12,111.28404235839844,111.51791097645253,110.82566186540151,111.29339910150968,23259300,-0.0045292169833326,0.12718433912877636
2016-12-13,112.68727111816406,113.2953310445349,111.62083062943576,111.62083062943576,54477900,0.0125305968760003,0.13291695985699808
2016-12-14,112.45340728759766,113.19243312062297,112.1259925861574,112.82759857657447,28746000,-0.0020774914274475,0.12649296340209143
2016-12-15,112.63111877441406,113.29530473952616,112.33176725299587,112.6030556844535,22762300,0.0015790647793674,0.11936181134183413
2016-12-16,112.21361541748048,113.13309469177646,111.98843959532628,112.90791171141194,26283900,-0.0037137079351362,0.11971768714804341
2016-12-19,112.67332458496094,113.36762787140064,112.16668089558192,112.32618009994972,21138700,0.0040883637600392,0.1182076270453283
2016-12-20,113.10494995117188,113.31135694830694,112.8985357958264,113.02988895682616,11461800,0.0038234492926011,0.11722462947804807
2016-12-21,113.02050018310548,113.22691433048831,112.76717828472388,113.15185333903815,7079300,-0.0007469285031161,0.11281474394677582
2016-12-22,112.70148468017578,113.05801359838556,112.2605103697898,113.02986752039652,16645000,-0.0028266251116742,0.11324798723497236
2016-12-23,112.77655029296876,112.82346519999489,112.41063692443636,112.513843993326,9007500,0.0006658352825825,0.1119678989629492
2016-12-27,113.35826873779295,114.01503452470658,112.9735936792322,113.02050143074877,16110600,0.005144893037589,0.11268155639430738
2016-12-28,112.4762954711914,113.7053956878146,112.40124165347326,113.6021886354674,17975200,-0.0078108304963609,0.11624908728928508
2016-12-29,112.31680297851562,112.71086238836894,111.96027405886868,112.4481561151334,13267500,-0.0014190161578683,0.11600942118086134
2016-12-30,111.16277313232422,112.5419810954125,110.84376753805913,112.53260384132324,41749000,-0.0103279245847708,0.11362011295650651
2017-01-03,112.15731048583984,112.57951599910017,111.54745251030089,111.90398145131604,22307600,0.0089068919583058,0.0964910696302448
2017-01-04,112.76717376708984,112.97358790620342,112.2699072455216,112.2792845004196,19749100,0.0054228402728646,0.09730996017031947
2017-01-05,113.40518188476562,113.48023571766754,112.6827323721801,112.6827323721801,20644300,0.0056418018740512,0.0959936013160514
2017-01-06,114.39971923828124,114.6999560557388,113.23630246540948,113.52715486907482,24074300,0.0087315388493657,0.09890942483402221
2017-01-09,114.77503204345705,114.98144622458877,114.41849585487992,114.4935568586026,18909200,0.0032753445883774,0.09152405377394648
2017-01-10,115.02833557128906,115.3754872892813,114.55921511042882,114.82192142319693,16176600,0.0022045249645176,0.09153990753950182
2017-01-11,115.33796691894533,115.33796691894533,114.48416416928347,115.0752605831142,20686000,0.0026881668956357,0.08893478855810963
2017-01-12,115.15968322753906,115.23474421566216,114.09008920051932,114.92512300831176,19622500,-0.001546946156252,0.08697067233256565
2017-01-13,115.5537567138672,115.7507864507602,115.2159894054191,115.2159894054191,16930800,0.0034161327546706,0.07782752241054323
2017-01-17,115.20658111572266,115.43175688861793,114.86881387727536,115.25348885771275,14538500,-0.0030089734080956,0.07838608754829983
2017-01-18,115.44115447998048,115.55374595838684,115.08462553567472,115.37547790712917,12499700,0.0020340407377285,0.07843316559539425
2017-01-19,115.3848648071289,116.01348446914342,115.14092017776144,115.61004061058595,12710700,-0.0004877238202281,0.07667687388452023
2017-01-20,115.63819122314452,116.18237266451796,115.32857000737586,115.89151311718528,22091000,0.0021930842912582,0.07609577260860546
2017-01-23,115.73200988769533,115.90089353063075,115.00018315437828,115.56312624475986,17434200,0.0008109831710595,0.07551890868524061
2017-01-24,116.51077270507812,116.68904079341516,115.76017700933276,115.95720676886845,17640900,0.006706479551664,0.07761498780753866
2017-01-25,117.68358612060548,117.71173220940646,117.13940454308046,117.24261164082527,15036200,0.0100158110192491,0.08136172039825981
2017-01-26,117.80552673339844,118.04947137505188,117.5991125872463,117.84305722889974,16052200,0.0010356370382816,0.0812919412410036
2017-01-27,118.03072357177734,118.14330791329677,117.6460413163569,118.0588696571572,15053000,0.0019097734680989,0.08052266481999261
2017-01-30,117.1112289428711,117.63664155665305,116.46384043073974,117.63664155665305,25006700,-0.0078208019096935,0.08053785916819803
2017-01-31,116.87667846679688,116.90482455085296,116.2011438166084,116.69841039016086,19091100,-0.0020048091991652,0.08086902036178081
2017-02-01,117.68358612060548,117.91814640489606,117.1487889587514,117.70234779373553,22861900,0.006880200602478,0.06923011033021784
2017-02-02,117.58032989501952,117.93685880121878,117.1487400112387,117.47712284039709,15101400,-0.0008777906443513,0.06644395815837358
2017-02-03,117.91812896728516,118.0400977201234,117.5897460494816,117.70233038803669,16957200,0.0028688026713395,0.06548872638061147
2017-02-06,118.058837890625,118.07759955642632,117.6084791710943,117.72107064052923,11630100,0.0011925650362398,0.06428242606038562
2017-02-07,118.4904556274414,118.73440028943142,118.19021879661166,118.30280313429114,17541100,0.0036492877183921,0.05974257472901733
2017-02-08,118.6874771118164,118.85636076478616,118.10576516087396,118.33094813697376,12569100,0.0016613816253271,0.05945809394832967
2017-02-09,119.11907958984376,119.38178593134216,118.74378174846991,118.80945833384452,17542700,0.0036298658700615,0.05984559224214766
2017-02-10,119.51313018798828,119.68201384609948,119.1753628717659,119.38177702703628,13915700,0.0033025797872934,0.060015676905634356
2017-02-13,120.1886749267578,120.33878260265578,119.83213877410512,119.87904652804691,19120200,0.0056365576971266,0.06028721678323604
2017-02-14,120.59210205078124,120.60147930589488,119.85089087883476,120.23556592658343,16333500,0.0033509942662357,0.060268838881812475
2017-02-15,121.3051528930664,121.36145936971737,120.4419730312014,120.50765676241792,17891400,0.0058955022680077,0.058758723453699126
2017-02-16,121.26764678955078,121.62418294357175,120.95802554786223,121.38023112601162,15098300,-0.0003092358571412,0.05952658158714588
2017-02-17,121.79304504394533,121.8024366151538,121.0705955654486,121.08936439144604,15563700,0.0043231924400318,0.05897254594735396
2017-02-21,122.3935089111328,122.4685698927439,121.96192616239202,122.02759557354024,18479600,0.0049180847001945,0.05950398387866875
2017-02-22,122.44042205810548,122.52486029255,122.07450872576096,122.2809228431264,12110900,0.0003832242317156,0.05969355965581255
2017-02-23,121.980712890625,122.62810150115664,121.49283785591255,122.62810150115664,17489000,-0.0037616199568196,0.061781632810499296
2017-02-24,122.21524810791016,122.21524810791016,121.38960589412387,121.42712922894266,18624500,0.0019208777118281,0.05482539448774691
2017-02-27,122.36537170410156,122.3747489588259,121.78366694996484,121.99008108525584,12008700,0.0012276002502557,0.05479573083449826
2017-02-28,121.99009704589844,122.3935337981205,121.65232971817753,122.33724162957056,16598600,-0.00307154945346,0.05733767269764736
2017-03-01,123.3224105834961,123.54757928153242,122.53429150752332,122.76885177892636,25813800,0.0108622805280022,0.05526683535610711
2017-03-02,122.70313262939452,123.31298343252244,122.5530106630675,123.29422892404556,19951400,-0.0050342680188509,0.059207043742641505
2017-03-03,122.92832946777344,122.96585280538535,122.29031819700803,122.6187082458988,13722700,0.0018336160974789,0.05683941226346838
2017-03-06,122.65621948242188,122.86263360997376,122.1683445594982,122.52486633910875,12026200,-0.0022160196793319,0.057894994627563735
2017-03-07,122.4498062133789,122.98461036117264,122.2340148299413,122.41228287920588,15500900,-0.0016842777916451,0.059180684616087206
2017-03-08,122.66560363769533,123.05027147358868,122.40289736695048,122.524858932099,15776000,0.0017607826468486,0.059140433765698525
2017-03-09,122.75944519042967,122.92833600972212,122.102679374117,122.63748359938516,20855300,0.0007647268097181,0.05886145006182504
2017-03-10,123.27548217773438,123.47251908338018,122.74069226198937,123.32239709016636,21922600,0.0041948332257836,0.05949919914089955
2017-03-13,123.48186492919922,123.51001100621464,123.16286651207946,123.22853591964288,10731600,0.0016727591053173,0.05912842463581274
2017-03-14,123.1816177368164,123.2473014590472,122.68435130090424,123.20038655979909,14019700,-0.0024344693217312,0.06050874165990365
2017-03-15,123.94158935546876,124.23244165170796,123.04087207756506,123.4349314127681,22709100,0.006150567754204,0.06098229646407199
2017-03-16,123.8571319580078,124.17614463090833,123.57567124135277,124.17614463090833,18457300,-0.0006816613119197,0.061010194035785136
2017-03-17,123.81396484375,124.14302364351644,123.74814447607643,124.01139725436978,21234500,-0.0003485841929264,0.05884400253693778
2017-03-20,123.92675018310548,124.20881075467048,123.59769147144348,123.77631596544458,10105200,0.0009105111942146,0.058660052230993034
2017-03-21,122.04640197753906,124.50970205661903,121.97118484622813,124.39688353275304,35841900,-0.0152893502299109,0.08019124371720253
2017-03-22,122.87377166748048,122.99600129475073,121.92416797167388,122.08401333635054,29177900,0.0067562653159954,0.08181940417941101
2017-03-23,122.56346893310548,123.05237294656392,122.35662547918828,122.7139031443536,20311700,-0.0025285722651295,0.0823512090234876
2017-03-24,122.81732177734376,123.43783777726752,122.3472256386828,122.95834488046378,22967600,0.0020690530343869,0.08142449701022828
2017-03-27,123.01475524902344,123.2310098040501,121.6608760618816,121.9429366169021,18472400,0.0016062469675768,0.08135408543887387
2017-03-28,123.7668914794922,124.13356583652262,122.74208550038064,123.01473490588803,23721900,0.0060955793861343,0.08375773056623612
2017-03-29,124.34043884277344,124.38745132972274,123.7199084459151,123.85153480165503,13710000,0.0046233892743269,0.08381605110629207
2017-03-30,124.54730224609376,124.67892862290462,124.1806277431064,124.2934462528874,16092400,0.0016623032540689,0.07571777082067001
2017-03-31,124.46266174316406,124.80113154631285,124.22761366726064,124.36863677432429,19841400,-0.0006798162196678,0.07318914046772992
2017-04-03,124.38743591308594,124.86692878966784,123.69168849257936,124.5660747336346,23700300,-0.0006045875254061,0.0731914187166703
2017-04-04,124.58488464355467,124.60369250771768,123.98316210611104,124.03017459342009,13400000,0.0015861102264021,0.07255547114069429
2017-04-05,124.07723999023438,125.49692589669496,123.84219179965596,124.76357668978652,32011200,-0.0040830131192107,0.07402745803631737
2017-04-06,124.14295959472656,124.4720325709156,123.82329772117856,124.1993831719936,18832200,0.0005295266552659,0.07391299700638358
2017-04-07,124.07723999023438,124.45331135667864,123.6353482442507,124.10544462540754,16743100,-0.0005295266552659,0.07400597275248098
2017-04-10,124.12421417236328,124.64132290121128,123.78574430858993,124.19943129166832,15619300,0.0003785165791896,0.07278139856939443
2017-04-11,123.58831787109376,124.1994516859746,122.69513774525356,124.01140168373374,33778400,-0.0043267664569674,0.07433410766618657
2017-04-12,123.08995819091795,123.67287275034762,122.9583318598792,123.56945103694616,15955200,-0.004040569491227,0.07521108369475166
2017-04-13,122.6010971069336,123.64471136297794,122.5823035860673,122.92077346224924,23683000,-0.003979483327441,0.07286270222599034
2017-04-17,123.61648559570312,123.6352934595522,122.90194457760192,122.94895706412626,13325500,0.0082479426034639,0.07892376682052094
2017-04-18,123.42845153808594,123.7857292246992,123.11818633858444,123.20280020766754,12841100,-0.0015222663221486,0.0790763061844184
2017-04-19,123.6259307861328,124.37807339311178,123.4566886572221,123.9644006977536,17764800,0.0015986706104782,0.079228214248932
2017-04-20,124.66009521484376,124.93275901921515,123.9361574638078,124.12419305698342,21977900,0.0083304761528917,0.06277123763584769
2017-04-21,124.63191223144533,124.8199478572672,124.31225023292824,124.77294971046072,22454900,-0.0002261041884752,0.0592790851307375
2017-04-24,126.1362075805664,126.25842282916192,125.79773776484696,126.01397798577432,22469900,0.0119976446341271,0.06980601805361897
2017-04-25,127.0481948852539,127.2738318642052,126.4370612594689,126.54989409514108,19384400,0.0072041661346262,0.0726636060073596
2017-04-26,126.86956024169922,127.40546243062738,126.79434313082918,127.09519722811234,25398500,-0.0014070278223437,0.07341289964429994
2017-04-27,127.63113403320312,127.63113403320312,127.10462851969191,127.17984564250771,16136500,0.0059848643390254,0.07332594016972227
2017-04-28,127.85677337646484,128.18583211836108,127.6499298947253,128.13881962774792,22771900,0.0017663411487057,0.07243741605454074
2017-05-01,128.99440002441406,129.16364212380194,128.2234496828861,128.27985893394936,24815500,0.0088583133335909,0.07700128257163048
2017-05-02,129.2106170654297,129.26704065255862,128.82514913698657,129.15420782449632,18345100,0.001674770645363,0.0765262101913278
2017-05-03,128.79698181152344,128.96620958332582,128.4491008147079,128.9191970868697,23827600,-0.0032063831459612,0.07806420490379408
2017-05-04,128.8439178466797,129.21059218834577,128.39262965990437,128.77811186032568,14630100,0.0003643523659307,0.0781931739040095
2017-05-05,129.31402587890625,129.31402587890625,128.6935099443941,129.17300279065216,19330700,0.0036420227484082,0.07565603341254952
2017-05-08,129.5961151123047,129.5961151123047,129.11662215981983,129.37987488034454,13279900,0.0021790521138963,0.07547628341325203
2017-05-09,130.04742431640625,130.33888167546343,129.68073549491075,129.79356834237015,28426100,0.0034763788816648,0.07502752655241784
2017-05-10,130.1226348876953,130.16964738143875,129.66194974912656,130.1226348876953,20499400,0.0005781647097611,0.07496834988724069
2017-05-11,130.0192108154297,130.0568265482315,129.16364656786988,129.76536917691126,27232100,-0.0007951360338446,0.07200586327202455
2017-05-12,130.3106689453125,130.33887356887362,129.96278801106348,130.07562085150508,19738600,0.0022391455942443,0.0680910539212144
2017-05-15,130.72434997558594,130.79956709200192,130.24485699790685,130.3670866053576,20481300,0.0031695469696321,0.0635902888911984
2017-05-16,131.26966857910156,131.28847644551,130.67735707612223,131.06282508720446,21786000,0.0041628384802019,0.06090481023729942
2017-05-17,127.93193817138672,130.4704538181333,127.9131303135938,130.22599470540146,55642200,-0.0257553566218109,0.1158996520578469
2017-05-18,129.05078125,129.48327599122518,127.74391461478226,127.88495205800994,41319900,0.0087075905379622,0.11840545227619252
2017-05-19,129.5961151123047,130.14142841801933,129.4268873689091,129.5115012406069,36730100,0.0042168274821889,0.11649610462391345
2017-05-22,130.686767578125,130.7525879443764,129.84060000135102,129.8875981530161,19509700,0.0083805653136689,0.1183644501315958
2017-05-23,130.81837463378906,131.08162736749424,130.47990478385412,131.07223060778978,19687500,0.0010065352112157,0.11297089126191551
2017-05-24,131.4201202392578,131.48594060731335,130.8466021804617,131.21327671994115,15891900,0.0045893083844234,0.11173237664397433
2017-05-25,132.53897094726562,132.8774409055774,131.6363796097,131.9184402993269,23928600,0.0084775061451954,0.11359925382983542
2017-05-26,132.77392578125,132.8303350102751,132.3884435879885,132.56708237736296,13851600,0.0017711532179726,0.1127093745085741
2017-05-30,132.88681030273438,133.04664131316147,132.6235575389486,132.70817142455124,20306400,0.0008498397613617,0.11276583583809306
2017-05-31,132.83981323242188,133.35692205926432,132.16288772279333,133.35692205926432,33229400,-0.0003537249687464,0.11002105783177583
2017-06-01,133.35687255859375,133.41328180127417,132.5483066057171,133.1124277249133,20120700,0.0038847964985603,0.11035675217270896
2017-06-02,134.88002014160156,134.90822476844127,133.6107545490197,133.8269948035237,37222900,0.0113568565360864,0.11399548063391021
2017-06-05,134.851806640625,135.0868547712929,134.66377100533057,134.87061450801426,15727500,-0.0002091966781675,0.11412893110092723
2017-06-06,134.3158721923828,135.13383490041102,134.118425497585,134.69194337289795,22393000,-0.0039821657547225,0.11593177295577849
2017-06-07,134.84234619140625,134.95516465005673,134.07139614697363,134.69191201574387,18842400,0.0039120088816625,0.11615702313812544
2017-06-08,134.98338317871094,135.19962333916286,134.25002016125313,135.14321411001822,25417400,0.0010453932653364,0.11604382105731667
2017-06-09,131.60816955566406,135.29372320206235,129.85001380510877,135.1433032738313,109783700,-0.0253225876425581,0.1493212302630779
2017-06-12,130.90293884277344,131.13798686198572,129.24820595214825,130.49866313590076,104454000,-0.0053729719385288,0.15067314476177213
2017-06-13,131.96534729003906,132.1533828173756,130.94993822699223,131.63627435755672,51193000,0.0080832438754753,0.15295259178499615
2017-06-14,131.3918914794922,132.50131165554117,130.32946944776555,132.50131165554117,60093800,-0.00435497212503,0.15358009807737286
2017-06-15,130.80894470214844,130.94996779294334,129.2670300759485,130.06618483411026,55145200,-0.0044465742088071,0.15370678226660986
2017-06-16,130.2414093017578,130.83534869683277,129.7606101252031,130.74106757894572,48087400,-0.0043480982564146,0.12377917177269245
2017-06-19,132.41917419433594,132.54172237776356,131.30671748944005,131.5047020707893,39626500,0.0165827302148214,0.13275719624518784
2017-06-20,131.3821258544922,132.4568642487866,131.334985303327,132.28717552692373,40935100,-0.0078623849232187,0.13588694567382284
2017-06-21,132.68316650390625,132.74915178533934,131.5989910720844,131.68383545618997,35743400,0.0098540112222329,0.1370339045504265
2017-06-22,132.64541625976562,133.13565211387734,132.30602442003857,132.89054137945996,24099100,-0.000284554675581,0.1370730989813298
2017-06-23,133.15457153320312,133.3242603373,132.12695880679942,132.49463226762606,21654300,0.0038311205386044,0.13682421833300223
2017-06-26,132.53228759765625,134.14438801280852,132.24003631685537,133.91813638136352,34411100,-0.004684349654981,0.13488868079447225
2017-06-27,130.12831115722656,132.19294436486769,130.1188887975445,132.0326779385813,65957800,-0.0183053231391313,0.14877649536940293
2017-06-28,132.00437927246094,132.11750511503155,129.8549019519389,130.6090934161164,57427200,0.0143141257582593,0.1578715726057194
2017-06-29,129.71351623535156,131.45761684681287,128.45022935871387,131.45761684681287,88769400,-0.0175068009205071,0.1687303429552157
2017-06-30,129.76063537597656,130.73167066100066,129.33639903348828,130.08116822272046,68898300,0.0003631894803418,0.16784919273127008
2017-07-03,128.3936309814453,130.50539010031395,128.30878659940794,130.354560438452,32797000,-0.0105906998250577,0.1641720977141251
2017-07-05,129.65695190429688,130.00576626872504,128.36538357306063,128.79904234203337,42116600,0.0097913440197125,0.16938517432603897
2017-07-06,128.48793029785156,129.2138548716484,128.0259900661221,128.66705585108696,48430500,-0.0090571588164424,0.1710860639043962
2017-07-07,129.873779296875,130.22260804123698,128.91218062288343,128.9216029837048,36970400,0.0107280780330037,0.17567788753166336
2017-07-10,130.7222137451172,131.03332415010846,129.62861614913777,129.95858565344673,24853500,0.006511515669341,0.1777962886787386
2017-07-11,131.08985900878906,131.25012535549672,130.04340219241277,130.533637972814,31517700,0.002808468696304,0.15569002328878329
2017-07-12,132.64541625976562,132.7962602741503,131.9477878674712,132.2117577000059,36045800,0.0117964901605529,0.15979187848916312
2017-07-13,132.93772888183594,133.25827615661717,132.55121069639873,132.80574390467316,31073600,0.0022012898442945,0.15761918531260286
2017-07-14,133.984130859375,134.1538339799057,133.10737695667896,133.53161318008924,34544800,0.0078405518312594,0.15869069435664432
2017-07-17,134.05014038085938,134.5215171938533,133.7955928739646,134.12556239717185,25343200,0.0004925453936426,0.15749995016639814
2017-07-18,134.94573974609375,134.97402120117937,133.5316094507028,133.95584566226464,25748500,0.0066588579280689,0.15726006348305357
2017-07-19,135.73770141601562,135.9356860629676,135.285183575489,135.34174650739448,33752300,0.005851587569023,0.14861077884039142
2017-07-20,135.91680908203125,136.17135662741168,135.3040248866023,136.08651224071184,36139400,0.0013186432401967,0.14493069039739526
2017-07-21,135.8602294921875,135.8602294921875,135.1437418946979,135.4171341245108,39697100,-0.0004163677031582,0.14191027619864785
2017-07-24,136.48248291015625,136.576749666762,135.68113635995334,135.8414027929374,26712700,0.0045696431183,0.14229772202663435
2017-07-25,136.13360595703125,136.45415309470215,135.76593265039702,136.0299024918125,28120900,-0.0025594758183934,0.14261987925387024
2017-07-26,136.5767364501953,136.65215847935085,136.2562036152452,136.4730329582666,18610600,0.0032498282188962,0.14123946263505366
2017-07-27,135.71885681152344,137.6043645981586,134.1538818961484,137.47237962850545,80665900,-0.0063011117207749,0.12532879070454483
2017-07-28,135.605712890625,135.83197899759656,134.6912404880449,134.90808423504023,38013200,-0.0008340116605066,0.11730883560831701
2017-07-31,135.0306396484375,136.16194147299072,134.73838823550025,135.99225267268517,33848600,-0.0042497920350486,0.09794657792822095
2017-08-01,135.34170532226562,135.53025316633548,134.9268914341449,135.49254935163287,20149400,0.0023010179618136,0.09779013746029593
2017-08-02,135.70944213867188,136.24681885020107,134.446155168625,136.21853737962428,41769700,0.0027134143904311,0.08639400503062272
2017-08-03,135.18148803710938,135.91683496577457,134.93637718931552,135.84141292369563,27112800,-0.003897913966229,0.08511917865370885
2017-08-04,135.42652893066406,135.72821694314365,134.87030784109055,135.48310622196115,29472900,0.0018110399187394,0.07508621969686517
2017-08-07,136.2845001220703,136.2845001220703,135.48316794623832,135.6717158472998,17933900,0.0063153420453577,0.07040693521990857
2017-08-08,136.04885864257812,137.14245698587456,135.66232596145457,136.02057716691422,30810400,-0.0017305374513689,0.06997436461265553
2017-08-09,135.86968994140625,135.9356896205451,134.61582550531628,134.92693602422128,36169500,-0.0013178117346831,0.07075632117266596
2017-08-10,132.95657348632812,135.19089549361752,132.82458852356172,135.09662874037411,63331700,-0.0216737044459918,0.09969041240845744
2017-08-11,133.96530151367188,134.2575528480966,132.83398560776038,133.13567368541126,45862500,0.007558262727633,0.10278446885832102
2017-08-14,135.69053649902344,135.8979434689862,134.99290795031249,135.0306117697238,34161000,0.0127960035169545,0.10859394193636775
2017-08-15,135.78482055664062,136.03936809532257,135.41714717200247,136.0299313513059,25509200,0.0006946049352734,0.1085936166009658
2017-08-16,136.0205078125,136.66158783301117,135.5679900473206,136.1242112988203,31913000,0.0017342361633902,0.10645755527027717
2017-08-17,133.23944091796875,135.70002973572383,133.23944091796875,135.49262267941603,70191000,-0.020657849842736,0.1269231597849168
2017-08-18,133.14508056640625,134.05955266572707,132.5982817781841,133.3147836866782,60751900,-0.000708452240268,0.12667379437432658
2017-08-21,132.97540283203125,133.42792054806236,132.15519738920628,133.1356692234323,37111500,-0.0012751950184459,0.12666048496633486
2017-08-22,135.00233459472656,135.14375628888914,133.64476688833747,133.69190745305835,36294200,0.0151279015776826,0.13736216404697935
2017-08-23,134.52151489257812,134.82318856738854,134.22926357516607,134.32353030498498,25702300,-0.0035679233072368,0.1375951153566554
2017-08-24,134.12559509277344,134.97406780888198,133.37138913107572,134.823223739486,38160800,-0.0029475104829243,0.1371027809886431
2017-08-25,133.84274291992188,134.9834668324727,133.66361741664207,134.64408931292743,26380400,-0.0021110873023128,0.13577032117646473
2017-08-28,134.25758361816406,134.5686941250642,133.82391050346857,134.24814687277512,15362100,0.0030946700787405,0.1363885979938314
2017-08-29,134.7855224609375,135.01178856930576,132.98485910987336,133.10742171673314,24498300,0.0039245719995458,0.13647808512250986
2017-08-30,136.36932373046875,136.59558980841828,134.81378580224734,134.89863018699822,33642700,0.0116820282099887,0.14229098853827174
2017-08-31,137.83059692382812,137.8400336680139,136.68043618506394,136.75585821214628,38480700,0.0106585517881115,0.14654481766045874
2017-09-01,137.6420135498047,138.1982346726422,137.27434025340466,138.00968684620474,22293600,-0.0013691626413178,0.14579664968410413
2017-09-05,136.40704345703125,137.52892272995896,135.37944531395385,137.23667136681593,44794300,-0.0090128276015846,0.14967579393025907
2017-09-06,136.82186889648438,137.13297938876764,135.83197449108889,136.7558692229931,30722700,0.0030364704423801,0.14845342339375323
2017-09-07,137.1424102783203,137.49122461623537,136.64275186471335,137.07641060072405,22721100,0.0023400242474491,0.14846048257927047
2017-09-08,135.9545135498047,137.02925216190562,135.81309186764858,136.96325249984355,27890100,-0.0086995064145229,0.15169192850105934
2017-09-11,137.51947021484375,137.75515862715974,136.98210811510842,137.01981193155618,27126300,0.0114451380450818,0.13438440607420132
2017-09-12,137.8494110107422,138.0285364684073,137.19890882670612,137.90597391626252,30256700,0.0023963561337867,0.1326828788049561
2017-09-13,138.0380096435547,138.0568687474299,137.3875072200332,137.61377331069153,28450900,0.0013672146540338,0.12601114957485993
2017-09-14,137.2272491455078,137.91545543335027,137.14240475083182,137.50065581984018,35296400,-0.005890774928477,0.12813856053677147
2017-09-15,137.6986083984375,138.19826672776736,136.97268399373397,137.19895006910764,46422400,0.0034289951406849,0.1284777523848505
2017-09-18,137.51815795898438,138.2929006317054,137.10243604918733,137.8582927563849,24858200,-0.0013113333733254,0.10315984736955768
2017-09-19,137.75433349609375,137.9527370100079,137.29136793568645,137.7637764768824,20871200,0.0017159404037182,0.10284574330329709
2017-09-20,137.3291778564453,137.85827315120935,136.27097285015168,137.7070989479152,34236200,-0.0030911047782225,0.10367898238757349
2017-09-21,136.48829650878906,137.24413872127352,136.00643051904922,137.2346957394856,28841800,-0.0061419308099786,0.09429708160635039
2017-09-22,136.35601806640625,136.55442159460242,135.91195285237495,136.05366965822935,21702400,-0.0009696258685286,0.09330168535527243
2017-09-25,134.919921875,135.89308260234054,134.25855260643394,135.81749548353744,54947700,-0.0105878140718231,0.10048573325923708
2017-09-26,135.26947021484375,135.86470963525812,134.79706163782043,135.60960496697115,29628800,0.0025874334455058,0.1003944456511521
2017-09-27,136.48829650878906,136.99849144389268,135.6474097931489,135.98753013870726,33249400,0.0089700064948458,0.1042914864668484
2017-09-28,136.44110107421875,136.5828179350439,135.8458614252108,136.15765293579727,24149400,-0.0003458435438518,0.10371911885681373
2017-09-29,137.42367553710938,137.5276060183951,136.3560417749213,136.71506255109804,43102400,0.0071756484430203,0.09869520216908863
2017-10-02,137.54649353027344,138.10393223374822,136.93235368313844,137.63152362061365,27351300,0.0008933187316152,0.09139154796480704
2017-10-03,137.8394012451172,138.0000184630089,137.42367930856523,137.72602777760974,19715200,0.0021272536528303,0.09158130256238718
2017-10-04,137.9716796875,138.26457076615327,137.44258426583357,137.57485812125017,26381100,0.0009591960705676,0.0854306924913261
2017-10-05,139.32276916503906,139.39834186432483,138.33070808988597,138.47242492200715,31562400,0.009744877151567,0.09088423986107641
2017-10-06,139.51174926757812,139.51174926757812,138.85037993052526,138.85037993052526,23561100,0.0013555002625719,0.09074646145353489
2017-10-09,139.35108947753906,139.84238402545935,139.1715719087057,139.69122423512707,13704800,-0.0011522496761304,0.08431343150719356
2017-10-10,139.4550018310547,139.96519669279198,138.84086210076708,139.82347990252163,19223100,0.0007454095270253,0.07558710659768798
2017-10-11,139.87074279785156,139.89910057947702,139.2093735898861,139.3888911784983,12439100,0.0029767487013441,0.07578105032649617
2017-10-12,139.6156463623047,140.1636420866921,139.47391512749232,139.6628901072421,14513500,-0.0018254664003651,0.0762289749842479
2017-10-13,140.15414428710938,140.3147614401841,139.62504909656616,140.1824876425483,18409900,0.0038495835348611,0.07328430942404757
2017-10-16,140.63607788085938,140.67386423405156,140.20145552691633,140.5038040195323,21809400,0.0034326983558354,0.07328585391505785
2017-10-17,140.81558227539062,140.83448266053205,140.37153135034038,140.58883532077255,13138200,0.0012755612723708,0.07280185033080495
2017-10-18,140.64549255371094,140.9761843488468,140.43763161107128,140.95728396767043,17218200,-0.0012086200018103,0.07320819995793175
2017-10-19,140.1258544921875,140.144754875292,139.14325082227697,139.82352044635664,27680300,-0.0037015077235927,0.0736659595795803
2017-10-20,140.50376892089844,140.81554590296676,140.33369433209515,140.6927294731952,30173300,0.0026933340291407,0.06915330142801022
2017-10-23,139.5872802734375,140.8060879605037,139.38886234371,140.79664497976032,29297100,-0.006544242816578,0.07406264178260363
2017-10-24,139.82351684570312,140.11640790082348,139.3038644494729,139.86130319417086,20289500,0.0016909627758961,0.06060745905217564
2017-10-25,139.29443359375,140.00304670088795,138.25514302001,139.54953834901542,36179100,-0.0037911132896264,0.06339436765348641
2017-10-26,138.85035705566406,139.55897003221696,138.8125562901912,139.20937782704868,28230200,-0.0031931348731727,0.05892967164163202
2017-10-27,142.89414978027344,143.15869742675545,140.96671473674405,141.18401864276166,60165100,0.028707359571169,0.11291754759581905
2017-10-30,143.21542358398438,143.79176277611182,142.65798477660013,142.79025863626367,31733400,0.0022458104771978,0.1114627453823351
2017-10-31,143.75390625,143.96176715124565,143.26261177138653,143.6783335738778,26319300,0.0037528979026228,0.11155620652760237
2017-11-01,143.7067413330078,144.3964540416336,143.13984509069297,144.33030989942975,29481600,-0.0003281486896518,0.1118730050586734
2017-11-02,143.43267822265625,143.60275279331674,142.4500748054733,143.54605165858692,31017400,-0.0019089207187156,0.11264291153799909
2017-11-03,144.81214904785156,144.83103501344485,143.46105283601557,143.95236186002572,26199200,0.0095715948832543,0.11249135249127533
2017-11-06,145.303466796875,145.36016795298823,144.65155487765702,144.6987842159298,28693900,0.0033870511747344,0.11260114066785094
2017-11-07,145.3884735107422,145.57743406499927,144.87826415580528,145.19005555787425,21333100,0.000584857744596,0.1121605904607171
2017-11-08,145.9742889404297,146.01207529321692,145.14284501141572,145.31291964088197,17373500,0.0040212154370978,0.11226566573486918
2017-11-09,145.20899963378906,145.2845867615904,143.7161862974468,144.77437725312416,40594500,-0.005256421633698,0.11511207968330904
2017-11-10,145.1995086669922,145.31289654086785,144.61372658290867,144.86883127816998,20150800,-6.536287008796376e-05,0.1145769970772881
2017-11-13,145.3790283203125,145.56800330720492,144.65152940449283,144.65152940449283,12522400,0.0012356017620649,0.1143648205076587
2017-11-14,144.84996032714844,145.02947794855626,144.1508046439013,144.86886071276246,25173800,-0.003645869984778,0.1156683383334608
2017-11-15,144.16964721679688,144.55702571304516,143.40434762264562,144.22633393980573,24808000,-0.0047077384998389,0.11759425250304077
2017-11-16,146.0120391845703,146.34273096094913,144.868818481663,144.89716184343652,34790600,0.012698366650697,0.12382589949279177
2017-11-17,145.45462036132812,146.15379035293043,145.31290353312326,146.04985987332424,28725800,-0.0038249280634731,0.12389549863976376
2017-11-20,145.3412628173828,145.69084064308782,145.1334018354043,145.55856678335326,21143900,-0.0007796365508896,0.1241557976437774
2017-11-21,146.91908264160156,146.9852267692698,145.9648224074061,146.0309521183072,20147800,0.0107974631379818,0.12433482607511101
2017-11-22,147.09861755371094,147.2403343914549,146.76792570994988,147.05137380220663,17299000,0.0012212525593131,0.12438100950823253
2017-11-24,147.6371307373047,147.68437448073965,147.16472213648763,147.24976664137716,8280600,0.0036542142306068,0.12235751343880431
2017-11-27,147.5709991455078,147.92057689228326,147.2308643805922,147.58989952599373,22653400,-0.0004480336834176,0.12103423945824619
2017-11-28,147.9488983154297,148.04338578708163,147.10801171807793,147.9016545796037,25227300,0.0025575223810833,0.07647890676156126
2017-11-29,145.36959838867188,147.81667187088763,144.6704283579951,147.7788855201772,71986300,-0.0175874787374516,0.10136189835554622
2017-11-30,146.58839416503906,146.87184223034245,145.6435768918728,145.98371168688337,56595500,0.0083491658902087,0.10430762962271035
2017-12-01,145.96478271484375,146.6733954609348,143.85783043639682,145.69077771296782,59015800,-0.004263241311335,0.10578584276892658
2017-12-04,144.28305053710938,147.04191521431162,144.1413192976373,146.88129800965712,51319100,-0.0115883793440208,0.11384931770440937
2017-12-05,144.3775177001953,146.02150486007602,143.70670554451013,144.25468684770362,40604200,0.0006545207544989,0.10875778093913123
2017-12-06,145.0294647216797,145.25622607805656,143.66892541695617,143.839000038431,28647800,0.0045054070142622,0.10928290485388123
2017-12-07,145.52078247070312,145.93650444048822,144.86885614688282,145.02003039349006,32666200,0.0033819845074737,0.10992816303800287
2017-12-08,146.1632537841797,146.94745398241477,145.93650682732994,146.58841874504284,28081700,0.0044052623566687,0.11011116646223827
2017-12-11,147.29702758789062,147.34427134146728,146.21993632348224,146.22939372425924,20821500,0.0077269703382181,0.11138820094111263
2017-12-12,147.09861755371094,147.533225467305,146.78682609390538,147.23089140786158,20310300,-0.0013479143967958,0.11158474985148101
2017-12-13,147.38206481933594,147.8544734981913,147.16474644698897,147.69385627739274,24418500,0.0019250658540719,0.11165830728848036
2017-12-14,147.27813720703125,148.01509360708374,147.11751998309867,147.63715800656385,24594700,-0.0007054065387826,0.1106927776351763
2017-12-15,148.95040893554688,149.11104052809992,147.60877039358147,147.85443206447573,49816200,0.0112905357354929,0.11448632295331708
2017-12-18,150.19924926757812,150.3223369874135,149.65958474006047,149.93414836863693,26844500,0.0083493164883342,0.1100574911718353
2017-12-19,149.30926513671875,150.0667024866021,148.89267387193712,149.91521212724228,31415000,-0.005942981301054,0.11154596638334222
2017-12-20,149.14834594726562,149.85844091538132,148.56133872997077,149.83003827241023,38972600,-0.001078338759477,0.1116190715481807
2017-12-21,149.167236328125,149.8299885222529,148.99680607996964,149.3565920340309,18638700,0.0001266469605143,0.10607932388072702
2017-12-22,148.99685668945312,149.05366197582842,148.59920523790686,148.94005140307783,23330400,-0.0011428583200096,0.10625542938919522
2017-12-26,148.1920623779297,148.3814181115119,147.65238336795815,148.16365974023816,21918700,-0.0054160584543117,0.10761861423078498
2017-12-27,148.2110137939453,148.60867968510067,148.06900058061763,148.2015510620298,22388200,0.0001278759740703,0.10759484718234162
2017-12-28,148.39089965820312,148.7128203377215,148.21100663206826,148.68440324951018,25393800,0.0012129785962597,0.10732507563540002
2017-12-29,147.47250366210938,148.55184733245954,147.41569838160427,148.523444692207,33186000,-0.0062082632428397,0.08937816991023725
2018-01-02,150.0572052001953,150.09507055785738,147.86063883607045,148.22988747265373,32573300,0.017374846843091,0.10348647739146506
2018-01-03,151.5153045654297,151.6478550267392,150.17086004445693,150.19926268281492,29383600,0.0096700506858176,0.10559895819051503
2018-01-04,151.78038024902344,152.23483683409796,151.56262190885022,152.03601839865289,24776100,0.0017479691558982,0.09377412794968536
2018-01-05,153.3047332763672,153.4088810927017,152.21592701671025,152.49996782916037,26992300,0.0099930520699887,0.09708981861772897
2018-01-08,153.90122985839844,153.97697504424332,153.24794027153877,153.30474554919317,23159100,0.0038833707885743,0.09698059646924378
2018-01-09,153.91064453125,154.3651010575006,153.44672527731737,154.20414800543085,24782400,6.117160277299708e-05,0.0974225558765324
2018-01-10,153.5509033203125,153.57932040545566,152.54730491119935,153.22899712246803,34004000,-0.0023400739221637,0.09870182219751898
2018-01-11,154.60186767578125,154.611344854569,153.57934365102702,153.8160419700184,20473500,0.0068210870013589,0.09812800119741732
2018-01-12,155.7379913330078,155.8989444151264,154.27045924121256,154.46927768804107,37762700,0.0073218357217463,0.09865611755633488
2018-01-16,155.2930145263672,157.5653122786025,154.82908068789757,156.77000951001182,41231800,-0.0028613038690387,0.10051640179035354
2018-01-17,156.96881103515625,157.2055092940859,155.27405785786252,156.0314951758205,33849900,0.0107333811563751,0.10369503395732461
2018-01-18,156.99720764160156,157.35697912435043,156.3533809488857,156.72262960678145,26432200,0.0001808896812619,0.09961105481309954
2018-01-19,157.48956298828125,157.74520117399135,156.7321256083098,157.4611603506375,38937600,0.0031311698610216,0.09736867649878782
2018-01-22,159.17489624023438,159.17489624023438,157.25290686093925,157.43279991218012,26081400,0.010644384714311,0.09671997303932928
2018-01-23,160.49087524414062,160.63290286141776,159.59142478904369,159.6671699622086,37989700,0.0082335148493118,0.0970941271094679
2018-01-24,159.44943237304688,161.18206551156723,158.53104189338993,160.83174223421628,54287400,-0.0065102553484042,0.10255933362978985
2018-01-25,159.39259338378906,160.60448716200943,158.8813171182475,160.5476818984856,28925000,-0.0003565338648504,0.10217774669534958
2018-01-26,161.8354034423828,161.85434335721934,159.97023356826415,160.2826627049954,32038200,0.0152094909132272,0.10517066871679127
2018-01-29,161.0495147705078,161.81641488277137,160.70866867095552,161.49450869067098,37277800,-0.0048679277318958,0.10895984451129664
2018-01-30,159.72396850585938,160.40566058872912,158.89080052995166,159.58195534147566,44987700,-0.0082647343309838,0.11664174951927454
2018-01-31,160.38673400878906,160.94535287790538,159.38313570533205,160.62343226703516,42449200,0.0041408578016499,0.11116406371499393
2018-02-01,159.0233917236328,160.69920528053018,158.51211530698257,159.15594219333516,38037900,-0.0085366771730723,0.10807073301436994
2018-02-02,155.85159301757812,158.77717985855438,155.7190425782531,158.3984684453155,68478100,-0.0201470815175776,0.130990604141644
2018-02-05,149.70689392089844,156.93092862163684,149.59328339196753,154.39353049608908,105372200,-0.0402248856995453,0.19460621088611646
2018-02-06,153.6740264892578,153.86338227007374,146.847654518825,147.5198697077596,118537900,0.0261543059645944,0.21293750263365158
2018-02-07,151.68572998046875,154.84801548957472,151.67625280337535,153.18165037576267,91028300,-0.0130228333424881,0.2171786617336957
2018-02-08,145.28538513183594,152.24431956459966,145.28538513183594,152.07388930965706,94184800,-0.0431108331350597,0.26213485113423507
2018-02-09,147.79440307617188,148.87374659130643,142.1420473280707,147.33993200365109,113836600,0.017122158142815,0.27103367494724445
2018-02-12,150.4169921875,151.43953031286728,148.13523214485127,149.30924616341397,63050600,0.0175892455331523,0.27784057849028326
2018-02-13,151.1934051513672,151.49637145642114,149.32822143193087,149.55545699590942,31785600,0.0051484609663706,0.27709112246173107
2018-02-14,154.02430725097656,154.26100554545883,149.59332211278897,150.30341699623577,52107400,0.0185505831799405,0.2854788204273594
2018-02-15,156.8836212158203,156.8836212158203,153.79708076442938,155.4066262213275,51633900,0.0183938350830711,0.29043031135740016
2018-02-16,156.18299865722656,157.887214707241,155.91788329377826,156.37235439090412,62256300,-0.0044758762753805,0.2908362602797321
2018-02-20,156.49546813964844,157.81151033235574,155.56761469185628,155.63389716158724,36785600,0.0019986639287332,0.2906969106627822
2018-02-21,156.0504608154297,158.79615529303103,155.95577571747754,157.2623549452458,41161800,-0.0028476302757813,0.2880408126424165
2018-02-22,156.031494140625,157.5652942253003,155.6338428018912,156.73211173638282,37074400,-0.0001215493207911,0.2861343906375964
2018-02-23,159.22222900390625,159.22222900390625,156.64695004827104,157.29077701063954,50096900,0.0202430206942984,0.2949191514470682
2018-02-26,161.33352661132812,161.33352661132812,159.83760633648933,159.9701567828769,39266700,0.0131729229673803,0.29845511132494124
2018-02-27,159.33580017089844,161.64597758447402,159.26006943821488,161.3808766793341,42209900,-0.0124598901042742,0.2967479873145616
2018-02-28,158.31332397460938,160.76551530808132,158.20917612720336,160.24477607105132,42936300,-0.0064377934642825,0.297072712239264
2018-03-01,155.72853088378906,159.12752921993194,154.32728108836878,158.39849446045145,76809900,-0.0164618277598322,0.3009936344388476
2018-03-02,157.15814208984375,157.43270564523226,153.34256826118502,153.8538300165991,57445100,0.0091382681218835,0.30260577218665885
2018-03-05,158.90028381347656,159.30739790198226,155.83266904374514,156.41969057526578,38540200,0.011024286809437,0.30402487966931535
2018-03-06,159.5725555419922,160.11223472216645,158.56895683526912,159.67670339534575,29480900,0.0042218528175012,0.29530941189105225
2018-03-07,159.94175720214844,160.0743221099568,158.07658801921465,158.35115167144852,34609400,0.0023110190044695,0.2541607831810067
2018-03-08,160.82229614257812,160.93590670541016,159.96071084932066,160.60453774817742,25828400,0.0054902732590803,0.2402959192013947
2018-03-09,163.94668579101562,163.94668579101562,161.7311935511975,161.96789181050067,38310500,0.0192412835960464,0.2405934329383962
2018-03-12,164.8177490234375,165.1964604948772,164.06031163364145,164.429560374716,37635000,0.005299023729104,0.1699992239837653
2018-03-13,162.57383728027344,165.8876128800213,162.1572460362273,165.19644356743788,55638900,-0.0137080302288385,0.17796038499366487
2018-03-14,162.54541015625,163.54902283986516,161.8353154287449,163.42593513075172,40536400,-0.0001748719850948,0.17208851983861048
2018-03-15,162.40341186523438,163.3502049219649,161.80692761648115,162.65905003568795,28810400,-0.0008739733178338,0.17271003529881568
2018-03-16,161.92056274414062,163.03777168650544,161.84481756123031,162.6780001263271,31176700,-0.0029775749906763,0.16484584200517963
2018-03-19,158.4657745361328,160.4762272948827,157.08120789166728,160.3624324505313,71395100,-0.0215672250642349,0.17381396938478058
2018-03-20,158.98741149902344,159.3572593708026,158.0011553310649,158.53221745768548,34075700,0.0032863896494114,0.17310499625090517
2018-03-21,158.29510498046875,160.0400271986878,157.60282873080612,158.57012854605242,43863500,-0.0043639821377245,0.1739728605840777
2018-03-22,154.3879852294922,157.20452390269915,154.1888297452732,156.1044586392178,66607300,-0.0249922252943465,0.1950489606055444
2018-03-23,150.3197021484375,154.86220850585255,150.24383405284587,154.2078588429396,80110400,-0.0267044450384425,0.215089895411033
2018-03-26,155.90533447265625,156.09501191300612,150.93609809520188,153.3638188399669,57481500,0.0364846190967652,0.24174618028853773
2018-03-27,150.8601837158203,157.06224920041865,149.5325143926034,157.06224920041865,78889100,-0.0328955205351399,0.25971574257056057
2018-03-28,149.12477111816406,151.5240429076196,147.9772863852109,149.9972322715701,89369700,-0.011570126630073,0.2593338705513402
2018-03-29,151.85597229003906,153.354334289406,148.5368198088779,149.9308650085941,68692600,0.018149175328065,0.2692091622558908
2018-04-02,147.47462463378906,151.4860663702758,145.9288583393323,150.77481968271655,85549400,-0.0292763963140461,0.28128229219750117
2018-04-03,149.13426208496094,149.76016290246207,146.45998095528037,148.76441423286607,64090000,0.0111908634292503,0.2824484076599834
2018-04-04,151.4861297607422,151.95080186336838,146.08064109704546,146.25134789807564,65768700,0.0156470799957633,0.28567205911069443
2018-04-05,152.3490753173828,153.23102896974905,151.23953192532576,152.99394667733458,43054900,0.0056803679269225,0.286134330850111
2018-04-06,148.5367889404297,152.1688910657311,147.82554212798996,150.67052937774895,59870900,-0.0253417714171556,0.29648161522521826
2018-04-09,149.5799560546875,152.56720162484254,149.32391759723362,149.81703834738133,41810400,0.0069984084385042,0.29710466270113733
2018-04-10,152.88015747070312,153.37327823853667,150.8507335512727,151.93182826591593,48296800,0.0218232569875215,0.2997126343935775
2018-04-11,151.99815368652344,153.62928053876055,151.82746143169308,151.9222856387042,41622100,-0.0057859559863186,0.29814813888685027
2018-04-12,153.82847595214844,154.35953795455222,152.83272746246416,152.91807361206028,30467900,0.0119698151939591,0.30071471529043337
2018-04-13,153.03184509277344,154.8241863121685,152.36801769121084,154.59659661469107,44604900,-0.0051921515712542,0.3007002095710486
2018-04-16,154.1983184814453,154.75782918130977,153.13618004248727,154.1034797826683,28180800,0.0075935186841617,0.3028321832895799
2018-04-17,157.5174560546875,157.85885508079815,155.44061318504376,155.75356349817457,35536100,0.0212967279373369,0.3137944898309312
2018-04-18,157.83990478515625,158.3709667896733,156.76828822367082,157.51747634960722,29573900,0.0020449742601932,0.30513193377091985
2018-04-19,156.38897705078125,157.4131743573175,155.8484224430167,157.04332653582017,34705700,-0.0092349120652317,0.3064154928419615
2018-04-20,153.913818359375,156.1044563012031,153.3732638177011,155.99066143784182,49197100,-0.0159535216881711,0.31072112239668603
2018-04-23,153.52500915527344,155.26993135976628,152.6999674057224,154.6630012681881,33040600,-0.0025293448750853,0.29868372210258315
2018-04-24,150.27223205566406,154.49229355837966,149.2575129965099,154.25521128889727,70256800,-0.0214149502873513,0.293297995300452
2018-04-25,150.4524383544922,151.07833916828005,148.38508741667732,150.53779898935915,52089300,0.0011984804582368,0.261742556053298
2018-04-26,153.61984252929688,154.1319338977122,151.90335463156612,152.396489835845,43005500,0.0208339854834831,0.24679331850686667
2018-04-27,153.7146759033203,155.91480658376165,152.84221477946244,155.8768653125236,51043400,0.0006171345641022,0.24263301246521896
2018-04-30,152.6240997314453,155.03284946885802,152.24475937925305,154.07504221148793,35615300,-0.0071200962196915,0.2364219035887864
2018-05-01,154.36903381347656,154.38800445013396,151.86544517786814,152.22581492257925,36513500,0.0113680254253146,0.21327639101044268
2018-05-02,153.45863342285156,155.11820947238124,153.27844856507443,154.63455233406268,38646800,-0.0059150176667235,0.21239587446953057
2018-05-03,153.4396514892578,154.00864026784356,150.99296067138408,152.68098531412312,60337100,-0.0001237017901444,0.2059588531560559
2018-05-04,156.35101318359375,156.7113828700259,152.66201358471108,152.77582291589437,41543200,0.0187962242940581,0.21484683343579034
2018-05-07,157.65025329589844,158.16234470304423,156.95796255299328,157.08124998097605,32500200,0.0082754285770092,0.19288905881444693
2018-05-08,157.48902893066406,157.83041353322002,156.34154429188465,157.31832215903162,26040200,-0.001023194431117,0.19270921549495793
2018-05-09,159.20550537109375,159.3193002407522,157.21400832994246,157.77351906623613,29122700,0.0108400560326763,0.18227267925174312
2018-05-10,160.85557556152344,160.9693848921258,159.59429613580258,159.7175835479745,27067600,0.0103110619069472,0.1822156332419832
2018-05-11,160.70384216308594,161.08316798310292,160.00207347866677,160.66590089887276,24688800,-0.0009437348205987,0.17940486370796283
2018-05-14,160.97886657714844,161.9935856715931,160.71333558372166,161.07370527638108,21821700,0.0017099114972588,0.17746136024766435
2018-05-15,159.1959991455078,159.79345110061075,158.351986837203,159.70810495569702,49361600,-0.011136950773744,0.18236288589152713
2018-05-16,160.24862670898438,160.61847443172474,159.3287464423619,159.4046144970717,22941200,0.0065903839863949,0.16888420536184753
2018-05-17,159.63226318359375,160.84612345679966,158.85462625869465,159.68916062290717,27480200,-0.0038537112260959,0.16957921296798667
2018-05-18,158.80718994140625,159.5658416092392,158.5701076776202,159.0158090208132,26217900,-0.0051819903620554,0.16720081323549635
2018-05-21,159.69862365722656,160.74179151419202,159.01582550909544,160.0400227312921,22954600,0.005597612384996,0.1564241797207558
2018-05-22,159.49000549316406,160.69438768612574,159.20551829592233,160.42885665512952,19477700,-0.0013071781054577,0.15605908145213118
2018-05-23,160.8365936279297,160.8555497880315,158.25713775966346,158.2760939197653,26557800,0.008407644390489,0.13254807814601144
2018-05-24,160.78921508789062,161.0737167354747,159.1675658259098,160.78921508789062,27696500,-0.0002946190205999,0.13293750826141154
2018-05-25,160.950439453125,161.5289208671988,160.46679675100657,160.77025458262327,27460500,0.0010022039649356,0.11645293458020702
2018-05-29,160.23922729492188,161.14013737256357,159.28141976590308,160.2202566543432,41220500,-0.0044286189390883,0.11861948976234979
2018-05-30,161.3866424560547,161.6711440857028,160.4762546056055,160.81765366711244,22665800,0.0071351227432274,0.11506629702696179
2018-05-31,161.28231811523438,162.353920033033,160.86505104479156,161.38662041249307,35670900,-0.0006466339016355,0.11106506287751244
2018-06-01,163.81439208984375,163.90921632813567,162.04100663655672,162.08842599088032,45543300,0.0155776733414817,0.11638337008277462
2018-06-04,165.2937469482422,165.33167374113904,164.12730633449826,164.23160863255265,20459600,0.0089901442516489,0.11747012802309198
2018-06-05,165.80584716796875,166.08087069510148,165.07564422015375,165.6825742316516,24779300,0.0030933328652257,0.10354981512314343
2018-06-06,166.7731170654297,166.80156577414192,165.14199023762663,165.9765242807864,25036600,0.0058167997906899,0.1022526528571078
2018-06-07,165.4170379638672,166.83953161383826,164.58251819572465,166.80160481679465,39600300,-0.0081645203144881,0.10832270309156865
2018-06-08,165.42648315429688,165.84375015408148,164.23157956939568,164.63936849022133,31780300,5.709762972142845e-05,0.10401448375451877
2018-06-11,165.87225341796875,166.28002800256507,165.2748014290116,165.30325014559486,22319700,0.0026910487935859,0.09942993926982346
2018-06-12,166.74473571777344,166.90594995571973,165.91969389111992,166.09986429563205,22511800,0.0052461800170723,0.09985372193970968
2018-06-13,166.73529052734375,167.9870778743739,166.3654281510032,167.0008216152095,37858600,-5.664621379914057e-05,0.1000515821329047
2018-06-14,168.4232177734375,168.69822678641418,167.3800501993523,167.50333758638524,35916000,0.0100724968933421,0.09252963967384395
2018-06-15,167.8352813720703,168.16720234779416,167.01023967916464,167.78786202263066,49615700,-0.0034969346618471,0.09375251175786066
2018-06-18,167.7383270263672,167.88087504484002,166.2557696289523,166.77846986555994,31633200,-0.0005778425118925,0.09175152215147234
2018-06-19,167.26319885253906,167.30120683532996,165.08688292987196,165.61908169691742,38236000,-0.0028365750941655,0.08965860774626286
2018-06-20,168.45108032226562,169.1448381159728,167.8808592992069,168.03292017219897,33038000,0.0070767703425352,0.09045157866634958
2018-06-21,166.9875946044922,169.04987199725568,166.66446150735655,168.8787998280276,43469400,-0.0087258572910204,0.09778196794686837
2018-06-22,166.61688232421875,167.61474728676927,166.01815174563092,167.54822972321614,30073200,-0.0022224667742856,0.09618247957617748
2018-06-25,162.86302185058594,165.35297236274906,161.3804640883687,165.10586973482756,77799700,-0.022787568313638,0.1282274568969639
2018-06-26,163.5282745361328,164.46912063332582,162.86301165766753,163.46174244775548,39008100,0.0040764175646217,0.12878685910704965
2018-06-27,161.30445861816406,164.96334724030908,161.19042015765635,164.22206824434846,52843500,-0.0136922818055916,0.13720899905077583
2018-06-28,162.69195556640625,163.24316551313595,160.7722263728066,161.1048578152334,46407700,0.0085649431260093,0.13819031323515593
2018-06-29,163.12913513183594,164.33609525969487,162.8915453547716,163.47126499086173,36408500,0.0026835575736025,0.13835890569458734
2018-07-02,164.2220458984375,164.26956675095957,161.24741744676086,161.59904565303333,31770000,0.0066773232583281,0.1293115940579047
2018-07-03,162.3213348388672,164.83978061700833,162.15977553435707,164.83978061700833,25512700,-0.0116415314953018,0.1312130902194482
2018-07-05,164.3360137939453,164.4690634230919,162.5398365498052,163.37615679091067,31626200,0.0123352773750127,0.13843234264546755
2018-07-06,166.892578125,167.0161294602657,164.41214005623706,164.71626195802017,37005600,0.015437164324707,0.14760457661171222
2018-07-09,168.39410400390625,168.43211198117197,167.0921168879864,167.75736525008682,27362100,0.0089567286564036,0.14753785411082396
2018-07-10,168.51760864257812,168.89774631527698,167.93788926585262,168.70767747892754,23902500,0.0007331573202599,0.1475106943071075
2018-07-11,167.6623077392578,168.2800496968358,167.07308988859677,167.19662667905212,30280600,-0.0050883631475614,0.14876460341126413
2018-07-12,170.55137634277344,170.55137634277344,168.28951802738072,168.4035564293929,27930100,0.0170846953424418,0.15882480821176737
2018-07-13,170.69400024414062,170.96959800532173,170.06675975152666,170.54193930629555,28049800,0.0008359023708884,0.15877477411229973
2018-07-16,170.28530883789062,171.01708928605575,170.000212755396,170.73197870223444,21405300,-0.0023971636464318,0.1557604681853757
2018-07-17,171.32122802734375,171.6823546012742,168.47964928014878,168.47964928014878,31034100,0.006065003172467,0.15617202940318337
2018-07-18,170.99806213378906,171.48275443157806,170.47537636363865,171.34019190227087,23220800,-0.0018880968665676,0.1564023840657657
2018-07-19,170.1427459716797,170.95055680523234,169.94317873132223,170.38033568727454,31094100,-0.0050144569867593,0.15724059203905635
2018-07-20,170.10475158691406,171.2261681734721,169.9146681981927,170.65596151128764,35897300,-0.0002233338096307,0.15560131332831978
2018-07-23,170.64642333984375,170.72245378379418,168.91677786927548,169.60103736350507,22184700,0.0031792830020733,0.1521681780477143
2018-07-24,171.3496856689453,173.01281348283987,170.64641497287909,172.4045844623828,36900300,0.0041126977871439,0.15204337012535457
2018-07-25,173.74461364746094,173.84913920072938,171.340192391803,171.42573571016183,35026600,0.0138800694938884,0.13024077433308984
2018-07-26,171.1121063232422,171.93891384598405,170.88401498878858,171.38770399704794,40873500,-0.0152675491448867,0.14480033296630654
2018-07-27,168.802734375,172.30956085334125,167.8333787885038,172.19552243171236,59456100,-0.0135881532946492,0.14465708732466528
2018-07-30,166.4173583984375,168.907294238192,165.61906035075958,168.8122670427981,60193000,-0.0142319406899448,0.15324698154911007
2018-07-31,167.6908416748047,168.33709333173778,166.14176637471348,167.07311412892707,47285100,0.0076232157324335,0.15484600539820034
2018-08-01,168.3275604248047,168.83124947181568,167.3582048067792,168.0804723361302,37101900,0.003789789535896,0.15390589354423448
2018-08-02,170.617919921875,170.8175016571464,167.06357267028005,167.13960311698702,47178200,0.013514824601845,0.15216994373478993
2018-08-03,171.140625,171.15012336810906,170.1902661413825,170.94104325910718,28934400,0.0030589168491602,0.14785010259465925
2018-08-06,172.14801025390625,172.19553109908531,170.81751359684836,171.02659371457543,24808800,0.0058690445422542,0.1403635449880506
2018-08-07,172.7752227783203,173.09834127137194,172.262020935169,172.63266026574556,29895700,0.0036368278832355,0.13798085371338392
2018-08-08,172.9843292236328,173.2979493975018,172.07197830862066,172.53765938521263,22680700,0.0012095484830163,0.1379694096577225
2018-08-09,172.87979125976562,173.56405082898172,172.62319029597808,172.87979125976562,18852900,-0.0006045031031519,0.13623914920061084
2018-08-10,171.5587615966797,172.22400980585118,170.9125101211107,171.7108079721165,33818500,-0.007670663631999,0.12715089446241148
2018-08-13,171.3687286376953,172.97482304284017,171.29269818339372,171.87241770878288,26089200,-0.001108298307064,0.1272222259114768
2018-08-14,172.442626953125,172.64220871132906,171.10261736592713,172.02446669885106,20913000,0.0062470409450867,0.12852648014706425
2018-08-15,170.33287048339844,171.61586116723177,169.27797122151972,171.07414947808832,58528000,-0.0123099995621499,0.13431283642631447
2018-08-16,170.8935546875,172.0054729275456,170.56092325186526,171.6443318832938,27711800,0.0032862912561528,0.13472548799213457
2018-08-17,170.93157958984375,171.35923826277062,169.42051217821566,170.4469016940371,36092600,0.0002224816064563,0.1334995999020383
2018-08-20,170.77947998046875,171.37821068775344,170.11423169533302,171.31167860857735,24939000,-0.00089022356848,0.1335475011051754
2018-08-21,171.40670776367188,172.43309697199612,171.18812930767402,171.29266935207716,26258700,0.0036660070344309,0.13369540390022172
2018-08-22,172.0719757080078,172.2715574524811,170.8270079010965,171.04558638212865,18042400,0.0038737121588421,0.13361007745647752
2018-08-23,171.8249053955078,173.01285411298045,171.53979480304895,171.76788617728147,25776200,-0.0014368862794945,0.1240433306002105
2018-08-24,173.42153930664062,173.5641018846037,172.35714166423503,172.39514965089367,23136100,0.0092493076655567,0.1161631036758002
2018-08-27,175.18911743164062,175.18911743164062,174.02018030332863,174.29577794284245,29343600,0.0101407873700936,0.1083677889706014
2018-08-28,175.44573974609375,175.83539033685028,175.07510039182705,175.65481984350825,20277000,0.0014637584086096,0.09149435929983682
2018-08-29,177.4700164794922,177.56504366348824,175.6833372049943,175.749854783659,29175600,0.0114718535389024,0.09510158715168536
2018-08-30,177.15640258789062,178.21130152645128,176.56717022043534,177.12789298155053,29315500,-0.001768700562033,0.09624077381094027
2018-08-31,177.38449096679688,177.88818004664083,176.74775221494372,176.9378211033388,28653200,0.0012866691234763,0.08741952759404331
2018-09-04,176.62425231933594,177.1469382463074,175.67389317745375,176.84283086159652,29063500,-0.004295034123172,0.08981917509676049
2018-09-05,174.3433074951172,176.33906664440812,173.74459135138872,176.31055704238884,42623300,-0.0129982209173336,0.1013053191231288
2018-09-06,172.78475952148438,174.62845821688447,171.6158220656286,174.4193780863962,46091400,-0.0089797316585903,0.10587003394439838
2018-09-07,172.11949157714844,173.6020490601249,171.48275288901496,171.5397720996948,46629500,-0.0038577011866447,0.10659489212390656
2018-09-10,172.69920349121094,173.2028924985906,171.75834305222324,173.1078508174031,26132000,0.0033624189670228,0.10730674520611545
2018-09-11,174.02972412109375,174.31483470281634,171.55879958259334,172.0054694436492,30116500,0.0076747398600894,0.10674025684109617
2018-09-12,173.51657104492188,173.89670889496466,172.02450025577855,173.77317206943195,36204000,-0.0029530077357252,0.10731959181111526
2018-09-13,175.36973571777344,175.70236715049,174.52391683312533,174.5999472892127,31133200,0.0106234155106758,0.11122439951227445
2018-09-14,174.85655212402344,175.7688886145494,174.1627796349154,175.49329089381243,31224100,-0.0029305850465697,0.10162427248690692
2018-09-17,172.33807373046875,174.68546129572889,172.1765144629856,174.56191000240187,33071200,-0.0145078430335126,0.11494844178458341
2018-09-18,173.763671875,174.60949097918564,172.39515231287254,172.48069566150338,31877300,0.0082380757975418,0.11810215153288588
2018-09-19,173.63055419921875,174.20077529399987,172.49962487874194,173.7921134590976,31843400,-0.0007663782084173,0.11808082737846112
2018-09-20,175.55029296875,175.7878826880666,174.4098652162955,174.82802544250478,33295800,0.0109957812840159,0.12296060472274425
2018-09-21,174.5904083251953,176.27253283303114,174.37181537677276,176.02544478419395,38605400,-0.0054828647150226,0.12459809339997695
2018-09-24,175.07601928710938,175.14267110986123,172.61016333892775,173.3242152988013,34945600,0.0027775687670839,0.12454613001028496
2018-09-25,175.31396484375,175.44725390726867,174.3999723171804,174.9997803667235,25277500,0.0013581757698233,0.12081882908120993
2018-09-26,175.43780517578125,177.07536545180778,175.09505966388213,175.4663660911542,36210600,0.0007061423363325,0.1156598964941648
2018-09-27,176.9229736328125,177.55134262252545,176.05658740706454,176.1518001124462,33113300,0.0084298670075824,0.11918318063843894
2018-09-28,176.8848876953125,177.351406720882,176.1041986935039,176.42789865699967,28076800,-0.0002152916416506,0.11217240670078983
2018-10-01,177.2467041015625,178.5415186696014,176.79923045858732,177.9131495717101,27371300,0.002043401608486,0.11225966108475191
2018-10-02,176.8468017578125,178.20825333923383,176.43741909567953,177.0943344469567,25618600,-0.0022587396106087,0.11242900920363275
2018-10-03,177.0372772216797,178.00839194130631,176.76118352642777,177.5894791396076,29128700,0.0010764851745258,0.11146615363993578
2018-10-04,173.6383514404297,176.4374366662725,172.38161336865528,176.32317850593466,80557300,-0.019385619908728,0.12257413374396532
2018-10-05,171.51524353027344,174.20008538071755,169.87768350675893,173.6193226453151,83325600,-0.0123025500484895,0.12606614981748876
2018-10-08,170.4679718017578,171.98175815346252,168.4495754720636,170.91544543187248,66864500,-0.0061247158067728,0.12710102425711678
2018-10-09,171.0201873779297,172.34356292550575,170.18236187071406,170.59174463519832,49097900,0.0032341739686715,0.12705320687760474
2018-10-10,163.49884033203125,170.05859656636554,163.27986848279403,169.95386837283067,114471100,-0.0449757068347262,0.19648744198656212
2018-10-11,161.470947265625,165.0887987187315,159.7667352080754,162.8228838293248,143084500,-0.0124806641538003,0.19922845125104152
2018-10-12,165.96466064453125,166.47877146783264,162.73713306841375,165.8218415904784,102078400,0.027449644621294,0.22146495040554115
2018-10-15,163.9558868408203,165.69816115511802,163.33703298011184,165.38399101986408,64885300,-0.0121774690452524,0.22392862200923777
2018-10-16,168.7257080078125,169.1350907984661,165.37442029214515,165.67908941512553,71979700,0.0286769578802361,0.24509300486940852
2018-10-17,168.79234313964844,169.71585143166217,167.05958473898878,169.54448594774533,66987600,0.0003948537417489,0.2428603449887098
2018-10-18,164.87930297851562,168.21154448926092,164.1747812137926,168.15442267346393,82486200,-0.0234555114598013,0.2545713690892699
2018-10-19,164.72695922851562,167.63077217469137,164.12715119428742,166.21218433477785,82923700,-0.0009243984615353,0.2499378035271327
2018-10-22,165.57432556152344,166.85009455254837,164.3175874910187,165.71713010252614,52909300,0.0051308803871075,0.2513259746948341
2018-10-23,164.9650115966797,165.78379157683543,160.72830714656826,162.46106529729448,77567000,-0.0036867905663109,0.2506041137673829
2018-10-24,157.4151153564453,165.0507142778861,157.12949169583248,164.7746206066615,102997400,-0.0468470376233274,0.2925685679615949
2018-10-25,162.86094665527344,163.83206125702893,159.14788277712347,159.86193464041557,83481100,0.0340103858535913,0.322184736999395
2018-10-26,158.67184448242188,161.81367551274892,156.35830894532376,157.2818171623955,130970900,-0.0260585503922223,0.3281330938267844
2018-10-29,155.4061737060547,161.71839399312856,152.41667849465293,161.09955513367322,111871900,-0.0207960333408237,0.3319290331481756
2018-10-30,157.96731567382812,158.08155932598137,154.24472171532688,154.94925813425803,92584000,0.0163459838214218,0.3399853318088136
2018-10-31,161.68043518066406,163.04188747223102,160.4617729630846,160.53794025964746,73828600,0.0232336159048841,0.35420331185034737
2018-11-01,163.8130340576172,163.98441407816128,160.69024805642056,161.91842553347732,52706800,0.0131039765456183,0.3589098483897784
2018-11-02,161.261474609375,164.27953202168183,160.15707092705455,163.30841743706063,75966800,-0.0156986277422116,0.3571018499603117
2018-11-05,160.861572265625,161.5280176089071,159.071678034451,161.47089579768567,39573500,-0.0024829179599251,0.3556766436264074
2018-11-06,162.08030700683594,162.9847700710881,160.6331573875764,160.87117474803364,34410400,0.007547739114718,0.3573387824213046
2018-11-07,167.16429138183594,167.16429138183594,163.63210869088113,164.0224605015983,51169600,0.0308851748840785,0.37522486978637554
2018-11-08,166.09799194335938,166.89772655068538,165.3077727977554,166.38360106924546,40296500,-0.0063991824489732,0.3405656778274812
2018-11-09,163.29891967773438,164.9459953908708,162.00410493368454,164.5461280544262,50602700,-0.0169955427157503,0.3431253820767107
2018-11-12,158.35763549804688,162.4610504855277,158.21481643431423,162.15639596558697,62578400,-0.0307263934418297,0.3448074083371335
2018-11-13,158.490966796875,161.35668996587552,158.0434930939933,159.10029052650188,64128100,0.0008416089307785,0.34302174997998547
2018-11-14,157.28182983398438,160.6140720530409,156.37736699429652,160.0618701705922,75270700,-0.0076583092996776,0.3252242459590454
2018-11-15,160.03329467773438,160.46172287567043,155.62522453674424,156.9961918646553,73254300,0.0173425947458456,0.3328881909429426
2018-11-16,159.47161865234375,160.24279251367744,157.83405818219728,158.47194291351556,65390700,-0.0035159184135318,0.3241523668808399
2018-11-19,154.29232788085938,158.90033919246005,153.7972478431284,158.70992826330897,67280500,-0.033016930869358,0.34190241128180693
2018-11-20,151.53128051757812,153.64487451094027,149.59858192874788,150.7791379963579,102652800,-0.0180569603384719,0.3442823291936719
2018-11-21,152.68333435058594,154.20665089547666,151.59797603376384,153.61637263485753,42965800,0.0075739907553843,0.3467036255228817
2018-11-23,151.5789031982422,153.1307657006917,151.4646450461423,151.4646450461423,23503700,-0.0072597638925841,0.30975792677003255
2018-11-26,155.08255004882812,155.15871732745188,153.0546380218114,153.70205262640192,42012600,0.0228512535454994,0.29559146064233033
2018-11-27,155.60617065429688,155.99652245839667,153.45448526505874,154.23518887325832,36608100,0.0033707120107351,0.28314326395674516
2018-11-28,160.61404418945312,160.61404418945312,155.63472717647576,156.72960076182747,70141000,0.0316759778231606,0.2948556213511867
2018-11-29,160.0904083251953,161.14720557409555,158.824169246102,159.93808831482045,44885700,-0.0032655382579087,0.29026289536515126
2018-11-30,161.251953125,161.3471658544162,159.50966477412817,160.3094139299248,36722800,0.0072293603211182,0.2796646137299502
2018-12-03,164.07005310058594,165.0030766562481,161.3852115378138,164.81266576105054,50771700,0.0173254216670297,0.2825483901418359
2018-12-04,157.77688598632812,163.6701957996208,157.58647507956982,163.21319219049573,70594700,-0.0391115686288732,0.3093831207361772
2018-12-06,158.8907928466797,158.9098382941197,154.01620427626648,154.59696694011802,71715500,0.007035207753285,0.3105785209416934
2018-12-07,153.64488220214844,159.10974833623018,153.14980231139683,158.19577033667778,80432200,-0.0335731489292361,0.329120873888617
2018-12-10,155.2539520263672,155.9299131127408,151.76937480522503,153.3593288369929,73960800,0.0104181965081823,0.31000811910277715
2018-12-11,155.7680206298828,157.82449330114315,154.4541606686741,157.7864024031081,59058300,0.0033056768770957,0.310694458445203
2018-12-12,157.13902282714844,159.56680216886593,157.0533400865688,158.04348565280944,53780000,0.0087630559894739,0.3089429960980544
2018-12-13,157.18661499023438,158.82417501244228,156.16789407508645,158.16724500583982,46378500,0.0003028207548077,0.29052570291358903
2018-12-14,153.3592529296875,155.95839683655026,152.99746211595954,155.3871642399153,56547400,-0.0246505026223679,0.3023832924442114
2018-12-17,149.88421630859375,153.92099411494115,148.68461459356877,152.70234695216084,74834100,-0.0229201226162726,0.3107624484978343
2018-12-18,150.82679748535156,152.2834621659795,149.51293737050176,151.0457693286856,63642100,0.0062690371854488,0.3042451166863925
2018-12-19,147.1232452392578,153.0165556282606,145.99028062134968,150.59829184118794,81856500,-0.024861503440782,0.3136977490522839
2018-12-20,144.9905548095703,148.39896294265515,143.1816298550037,146.76140340324196,99002100,-0.0146020374488402,0.29821951711390626
2018-12-21,140.49684143066406,146.70432138674312,139.6875768998414,145.7141759333399,141129400,-0.0314835934540187,0.3101707897626477
2018-12-24,137.0128173828125,141.29028662666678,136.97463206706718,139.47618546452412,56163300,-0.0251105286098916,0.3159454368090869
2018-12-26,145.56781005859375,145.64418071087013,137.5761792902357,138.52143001330788,98982100,0.0605675475666726,0.3891445273362484
2018-12-27,146.131103515625,146.2552167258528,140.43098689376546,143.57225014025494,85824300,0.0038621615028757,0.3793461952994725
2018-12-28,146.05470275878906,148.55625603731846,144.86121137491256,147.18135163205488,77856600,-0.0005229600955044,0.37878349713267656
2018-12-31,147.28636169433594,147.97381381406322,145.80644421199165,147.4868746330001,53015300,0.0083975025841227,0.3600393787877445
2019-01-02,147.8783721923828,148.7090375958502,144.05919947724058,144.1642273096665,58576700,0.0040113958337938,0.3611390466653055
2019-01-03,143.04710388183594,146.33157978497172,142.73202042234897,145.70142743498377,74820200,-0.0332161525871819,0.3726016285850747
2019-01-04,149.16726684570312,149.90246134050952,144.88025673406196,145.45312364110833,74709300,0.0418942987898717,0.40041748849192743
2019-01-07,150.94322204589844,151.6784167360542,149.05273598305433,149.53967516877606,52059300,0.0118354805779435,0.3835219947538936
2019-01-08,152.30853271484375,152.8718569006792,150.09340669945126,152.3276180788184,49388700,0.0090045308732901,0.384173701257388
2019-01-09,153.5498046875,154.218156819009,152.26082841538826,152.90053792476,46491700,0.0081166908696584,0.36781945645829217
2019-01-10,153.98904418945312,154.07497207981288,151.52567601622525,152.38499862678634,38943400,0.0028564833498045,0.3660415939631803
2019-01-11,153.4256591796875,153.58797220933155,152.56633690812345,153.0819331848583,30176600,-0.0036653135606403,0.3659514270201221
2019-01-14,152.0698699951172,152.72867943032924,151.42060324411707,152.12715523835587,30710200,-0.0088760584449502,0.36529188846012073
2019-01-15,155.03929138183594,155.2493470065144,152.68095151575173,152.76687938885158,40874200,0.019338491330992,0.37239863315269095
2019-01-16,155.0106658935547,156.3760130359159,154.95336606950215,155.29709216888463,33812200,-0.0001846508131408,0.3620352288691952
2019-01-17,156.23280334472656,156.92979824504928,154.26593184281046,154.51417280990142,39329000,0.007853297197593,0.35251055520459834
2019-01-18,157.77960205078125,158.5147970140871,156.41425454506083,157.33084800802226,57183200,0.0098519115200588,0.35327807471561634
2019-01-22,154.61917114257812,156.71971269824772,153.49250789671987,156.6433275147163,56711700,-0.0202340022173446,0.3491603226844523
2019-01-23,154.81967163085938,156.1181906307849,153.072413346114,155.41165316912387,38106100,0.0012958975320837,0.34372638924560656
2019-01-24,155.82215881347656,156.05131429614352,154.7336957665232,155.32566255218808,32417800,0.006454318539999,0.319896382546603
2019-01-25,157.68406677246094,158.1614632986494,156.53831802340574,157.07299980169913,36515900,0.0118781044729649,0.30124807758495314
2019-01-28,155.73626708984375,155.74580977380063,154.43774819153273,155.6503392272823,33491200,-0.0124294728114057,0.23576817240626527
2019-01-29,154.265869140625,155.86037125931733,153.71208760621397,155.8221713912995,30784200,-0.0094864441526924,0.23980673564469013
2019-01-30,158.19012451171875,158.76300623805167,155.5262579929419,156.01319726203363,41346500,0.0251200924629829,0.25177990541229395
2019-01-31,160.55799865722656,161.35047861663324,158.94439611316838,159.16399442970734,37258400,0.0148576103322268,0.2542483798444227
2019-02-01,159.88006591796875,160.97808647874675,159.44086934884416,159.76549543367247,32143700,-0.0042312935051777,0.25588609215484676
2019-02-04,161.86610412597656,161.86610412597656,159.7655618168564,159.90877498173236,26718800,0.0123455295978222,0.21905341996624458
2019-02-05,163.29824829101562,163.48920398033678,162.01882914668008,162.08565708189914,28156400,0.0088087972434433,0.1763454076299122
2019-02-06,162.81129455566406,163.62285980503663,162.07609992001036,163.336433581131,27970000,-0.0029864449413113,0.17584969512136814
2019-02-07,160.62489318847656,161.78974232799996,159.40275877471288,161.3887308393267,42036200,-0.0135200373647208,0.18424455196319844
2019-02-08,160.93994140625,160.96858403707716,159.0399122394366,159.22131071167922,29020700,0.0019594699711079,0.18312399347274202
2019-02-11,160.78712463378906,161.9137878744139,160.38611334884993,161.52231927400285,21434100,-0.0009499777922599,0.18343657738361266
2019-02-12,163.16455078125,163.40324899554577,161.6750762550817,161.9615170260332,29722100,0.0146779227319402,0.18719367154151367
2019-02-13,163.2791290283203,164.37714960769725,163.09773061477298,163.8901959032232,26094100,0.0007019786803178,0.1824625952479041
2019-02-14,163.4796600341797,164.06208435195768,162.15249833550328,162.69672277432053,30326800,0.0012273948719767,0.17305593725911197
2019-02-15,164.1670684814453,164.75903532695102,163.40323136432042,164.72085002713632,32521700,0.0041960404058699,0.17285714944649486
2019-02-19,164.49176025390625,164.98825676378974,163.6324522593657,163.66109488791793,19487700,0.0019758597652403,0.17185963628994094
2019-02-20,164.46311950683594,165.25559956681644,163.5751688735849,164.6063326512354,32593000,-0.0001741317664204,0.16991943574776375
2019-02-21,163.86158752441406,164.47265452701384,162.99273687391116,164.0239006034967,25207400,-0.0036642545784205,0.15130602004566945
2019-02-22,165.0741424560547,165.18871294097903,164.1288922484789,164.21483468115548,27735400,0.0073726282282658,0.1520253966758422
2019-02-25,165.67562866210938,166.76409172633257,165.56104363446798,166.33443793737237,32608800,0.0036371113249053,0.15154391817947138
2019-02-26,165.84756469726562,166.37270383550796,164.99779938955967,165.27469755744522,21939700,0.0010372490010685,0.14808289082325074
2019-02-27,165.7425079345703,165.94302086834384,163.99523505362922,165.08369845515168,25162000,-0.0006336544720815,0.13852450567336547
2019-02-28,165.36058044433594,165.95254736509088,164.8927266904916,165.22691002452086,25085500,-0.0023070014930834,0.13249443867997926
2019-03-01,166.50633239746094,166.75457330535846,165.35102658401135,166.55407495601366,31431200,0.0069049155612423,0.10734837678649427
2019-03-04,166.5349884033203,167.84305011269169,164.6731450219927,167.60435186972703,38063500,0.0001720867900786,0.09755062330044961
2019-03-05,166.65916442871094,167.17474637251257,165.8380416522944,166.65916442871094,22319900,0.000745367408667,0.09520713267869907
2019-03-06,165.7138671875,166.85007316411867,165.4465263187644,166.82143054025303,27194600,-0.0056881858639775,0.09085821667964405
2019-03-07,163.68011474609375,165.35100206478714,163.069047966588,165.2937168306118,39407400,-0.0123486062069799,0.09760508415051614
2019-03-08,163.431884765625,163.517812622614,161.68461216193765,161.8469251925776,39303200,-0.0015177066478008,0.09714930341476896
2019-03-11,166.8309783935547,166.94556346155164,164.0811844343748,164.10982705912775,30518400,0.0205848978699374,0.10779761171198422
2019-03-12,167.74758911132812,168.17724305933953,166.8691812754646,167.2701925982076,33953500,0.0054792093695357,0.10854800949653556
2019-03-13,169.00791931152344,169.88632720446222,168.37776694568856,168.61646521775845,42426100,0.0074851698227577,0.1096138910438853
2019-03-14,168.7214813232422,169.3229910201753,168.67373875834647,169.1224926441927,23751500,-0.0016962577520543,0.10077605437338205
2019-03-15,170.28733825683594,170.79337738392996,169.26570274844815,169.38027324696452,38192000,0.0092379193630402,0.10410627569956214
2019-03-18,170.69290161132812,171.20943636618364,169.87028462013257,170.2146362582028,32935100,0.0023788096688357,0.10407483882104732
2019-03-19,171.26683044433594,172.17553172042693,170.5398577470626,171.3911695145269,36893300,0.0033567073435933,0.10389784840812265
2019-03-20,171.9459686279297,172.99815832945106,170.49205234373844,171.27639999764403,50105000,0.0039575392982107,0.104114734506485
2019-03-21,174.63380432128906,174.882497030989,171.41028616962532,171.42942086898657,42428500,0.0155109431747429,0.11353024866077745
2019-03-22,170.79812622070312,174.34686168026096,170.61638304522566,173.87815636431912,70794500,-0.0222089240635445,0.1416463898140992
2019-03-25,170.47291564941406,171.06596005852316,169.23898277791127,170.1763934448595,46336500,-0.0019058790804371,0.1408352186856465
2019-03-26,171.26683044433594,172.83554026063536,170.39638397549584,171.79292526591516,33248100,0.004646320671028,0.14106844599226087
2019-03-27,170.16676330566406,171.90765575187245,168.923285381797,171.52504940537435,37096700,-0.0064438354357328,0.1437856919215825
2019-03-28,170.55899047851562,171.19986430994626,169.53551019699222,170.60681993365233,30368200,0.002302305251358,0.14366733166975437
2019-03-29,171.85031127929688,172.01291974893215,170.82681641126857,171.87900603302663,35205500,0.0075425925414903,0.14454506760587651
2019-04-01,174.12686157226562,174.3372995173104,172.91207795691824,173.6199014125218,30969500,0.0131603084164631,0.14887019139790625
2019-04-02,174.78689575195312,174.95907891197015,173.87819427195822,174.31820492933156,22645200,0.0037833702634931,0.1487970484956858
2019-04-03,175.7912139892578,176.8816584227349,175.24599907026948,175.77207928817913,31633500,0.0057295133770209,0.1491409680957277
2019-04-04,175.7242889404297,176.47994189018772,174.7103539788331,175.8390679719113,28530800,-0.0003807800741587,0.14656233957926543
2019-04-05,176.63294982910156,176.73816878233495,176.0207708090617,176.23120871552845,25674700,0.0051576230198866,0.13593490333533934
2019-04-08,177.08250427246094,177.22597801585468,175.6477084565324,176.34597166687823,22697500,0.0025419001641217,0.13472113209264103
2019-04-09,176.4607696533203,177.06338863142693,176.0877232848494,176.47990435299815,25631900,-0.0035171663890829,0.12222173195983174
2019-04-10,177.40773010253906,177.46511960279116,176.499028959051,176.69033215839082,24563000,0.0053520599336116,0.12218572676478234
2019-04-11,176.98687744140625,177.70427547932866,176.6616605004682,177.70427547932866,20654100,-0.0023750522722724,0.1220599607125956
2019-04-12,177.75205993652344,177.8668389229747,177.01552738396882,177.77119463276424,24989100,0.0043140664936181,0.12141869236598811
2019-04-15,177.78077697753906,177.98165482451637,176.59467378531275,177.7616422788987,21073000,0.0001615436780879,0.11910508119060587
2019-04-16,178.39300537109375,178.7851865265728,177.84777577511028,178.43126018346854,27195700,0.0034378105681335,0.11919830241079933
2019-04-17,179.0146942138672,179.76078690698398,178.48861406537347,179.58861840649482,29651600,0.0034788812356324,0.11921526821695247
2019-04-18,179.2443084716797,179.62691495869478,178.1921187391353,179.31127263443338,28580900,0.0012818340224876,0.11905212827741608
2019-04-22,179.75123596191406,179.8182001124958,178.32600005516667,178.45992835633018,17936000,0.0028241455083427,0.10853001938198151
2019-04-23,182.0373687744141,182.2573667651012,179.9521386985504,180.210391498074,33665600,0.0126381163546655,0.07510076939337545
2019-04-24,181.4634246826172,182.41995527278428,181.4060205869884,182.1903826767647,24977100,-0.0031578724398011,0.07625492312693205
2019-04-25,182.199951171875,182.90778909578103,181.21472578598505,182.82170484159627,29517500,0.0040506003364516,0.07611822181550676
2019-04-26,182.362548828125,182.4008182247179,180.39209817304211,181.9129782888976,26359500,0.000892015317162,0.06858412616078932
2019-04-29,182.71649169921875,183.00345381779383,182.0660432574153,182.36256542825964,21716200,0.0019389937120226,0.06866196049730451
2019-04-30,181.30084228515625,181.59737909480916,180.0286691590567,181.2434527721595,31495300,-0.0077779623041738,0.07671333496848026
2019-05-01,180.71739196777344,183.003515033324,180.593052864682,182.4869801280056,34797100,-0.0032233228458685,0.06873899242148226
2019-05-02,179.9329833984375,181.597352004566,178.74688012327127,180.65994144712027,44110100,-0.0043499736022084,0.07145636056289699
2019-05-03,182.8025665283203,182.9364802306823,181.09994320021843,181.4251601065977,30386200,0.0158222318999167,0.08622157102642014
2019-05-06,181.6834259033203,181.93211860686267,178.64165098215432,178.91905303177734,38371800,-0.006140944591823,0.09032120313561298
2019-05-07,178.14425659179688,180.4686188447096,176.4894482156965,179.7033914782843,58818100,-0.0196721020571728,0.11542357956470387
2019-05-08,177.6947021484375,179.03383921429318,176.91991466065676,177.5607884418519,37165300,-0.0025267311040237,0.11557698656587352
2019-05-09,176.73822021484375,177.3503994130336,174.17470978801518,175.71472513595418,55351700,-0.0053972652941637,0.11651129292833093
2019-05-10,176.95819091796875,177.8095027120784,173.16076262630523,176.1068791238591,58526400,0.0012438392053845,0.11502640004870232
2019-05-13,170.8172607421875,173.380756111166,170.31986067227348,172.45292012875942,67185800,-0.0353191607110079,0.16770894866522054
2019-05-14,172.69203186035156,173.73466132962173,171.08506742321788,171.7163811358771,43360600,0.0109155110104008,0.17218590515584214
2019-05-15,175.1311492919922,175.5711597026807,171.51546550925354,171.55373489913728,40944500,0.0140252723024844,0.18025348181497014
2019-05-16,176.89120483398438,177.98166377886764,174.99727824726477,175.2077161564002,39281200,0.0099997638659886,0.1835612999680603
2019-05-17,175.0833740234375,177.51297019042434,174.9303402030409,175.14077812602403,44702300,-0.0102725981756497,0.18606159968284813
2019-05-20,172.12771606445312,173.30424487212645,171.54423168746848,172.6442508745061,38608300,-0.0170255469321971,0.1938082567426885
2019-05-21,173.92596435546875,174.40422966538463,173.05551798850212,173.6103074994644,31613800,0.0103929799280949,0.19787802585749897
2019-05-22,173.15118408203125,174.15554419367925,172.89291671720758,172.95988086921724,24332600,-0.0044646071565435,0.19116156700077028
2019-05-23,170.50157165527344,171.2381042703414,169.4398221539929,171.16158007437997,45351300,-0.0154205946999605,0.1964348020134673
2019-05-24,170.41546630859375,172.0320050838237,170.20502844462914,171.41982618742557,25903300,-0.0005051396024375,0.19501287467461462
2019-05-28,169.77459716796875,171.85026652165587,169.75546247196567,170.89373605845464,24763800,-0.0037677167416771,0.19445293495103952
2019-05-29,168.3780517578125,169.30588744989512,167.4789108112173,168.72240329915758,42178800,-0.008259898922185,0.19412994655270444
2019-05-30,169.08595275878906,169.56421815640192,168.12942196356337,168.82768535733766,30354800,0.0041954225034323,0.19553556038061637
2019-05-31,166.38848876953125,167.67023622299436,166.3119645729143,167.09632664161444,45446200,-0.0160818339112373,0.20046558917042093
2019-06-03,162.72500610351562,166.3885206181118,161.91196372539434,165.93894999912084,75842300,-0.0222636509598623,0.21029773349344558
2019-06-04,167.30677795410156,167.3641674572933,163.92065131079644,164.55196503690408,47797800,0.0277674239777801,0.2283442456760081
2019-06-05,168.55027770996094,168.93288414413587,166.7998248123859,168.90418939134773,34412700,0.0074049683757376,0.23170364296272325
2019-06-06,169.88938903808594,170.30069016261885,168.09110696031976,168.83719961056366,29913200,0.0079134832466484,0.22721511550414963
2019-06-07,173.17030334472656,173.8685812315779,170.57811344337264,170.79811140726443,45888300,0.0191279501121328,0.23897258208885566
2019-06-10,175.18856811523438,176.81468176117068,174.28944163935552,174.32769644014897,41385300,0.0115874032106524,0.24245661341419944
2019-06-11,175.42771911621094,177.34078045704422,174.83467477111253,177.0155635320225,41260300,0.0013641752923275,0.24246737261497484
2019-06-12,174.41375732421875,175.31289827514755,174.0885404767966,174.94941203656026,27758100,-0.0057967090783841,0.2080404142842968
2019-06-13,175.44679260253906,175.87722833494652,174.7963589794335,175.14071048445842,23715800,0.0059054287813541,0.2057405302378275
2019-06-14,174.7007293701172,175.15029987130026,174.03116094138616,174.54768098769378,22844100,-0.004261428767205,0.20056445006472468
2019-06-17,175.7529296875,176.24075501688523,174.8920434294403,175.0833466216209,20379500,0.0060048080643377,0.19849209811490787
2019-06-18,178.30686950683594,179.55992223547514,177.36945902659576,177.82860421526382,48177300,0.0144268517454621,0.20128903461953906
2019-06-19,178.97650146484375,179.37824270077058,177.50345026644538,178.5460654688867,31672900,0.0037484685630378,0.19059967028115424
2019-06-20,180.64083862304688,181.51127051608543,179.02429931447367,181.4730157079688,40922000,0.0092562224103055,0.18999801347114154
2019-06-21,180.37298583984372,181.52081966360237,179.99036483492492,180.43037534170685,39980400,-0.0014838923841833,0.18903706369594914
2019-06-24,180.37875366210935,180.91559283997395,180.28288325416048,180.73344784153335,19375200,3.1976684431745295e-05,0.17843160777724784
2019-06-25,177.2823028564453,180.35956130535865,177.01388329035703,180.2541097166976,33921100,-0.0173154337871623,0.1912559794540927
2019-06-26,178.1067352294922,179.58305744313873,177.81915329103936,178.46144399986568,22595700,0.0046396132890403,0.190342464602873
2019-06-27,178.7873992919922,179.2092056843844,178.2984953159579,178.7490599053068,19709200,0.0038143797946629,0.18647322550793222
2019-06-28,179.0175018310547,179.41053544775764,178.37521097260034,179.21880923486822,21179200,0.0012861901559287,0.18648234343935996
2019-07-01,181.4332427978516,182.68908069525745,180.58964470132267,182.44941931928807,31025600,0.0134042011170332,0.17674743508311588
2019-07-02,182.1522674560547,182.17144446617476,180.8581045145205,181.37576676557964,18035800,0.0039551938967139,0.14851055083764028
2019-07-03,183.5231170654297,183.5231170654297,182.4206658423936,182.61240666571888,15792100,0.007497666450928,0.1246814256132892
2019-07-05,183.14923095703125,183.48474811499904,181.55787587069383,182.2672788270511,21415600,-0.0020393478809934,0.12610269737563903
2019-07-08,181.8646545410156,182.018026712597,181.1168975511189,181.96051031978268,17598800,-0.0070385361780101,0.1307415136609416
2019-07-09,182.775390625,183.0054562286481,180.8485034278129,181.00189024875985,19193500,0.0049952713084415,0.11761385752402666
2019-07-10,184.59678649902344,185.1048674750675,183.55186635038723,183.88739814714253,28374500,0.0099158886353189,0.11613242236715855
2019-07-11,184.4625396728516,185.34449165472932,183.87776541415604,184.8747647868996,23736100,-0.0007275081406852,0.1166131921202487
2019-07-12,185.52667236328125,185.53625355279647,184.4913334125983,184.6638972182639,20211900,0.0057522521739287,0.11320849472005141
2019-07-15,186.1210174560547,186.1593714674989,185.44038734449927,185.95804947684044,15606100,0.0031984355922727,0.11270269949812589
2019-07-16,185.16238403320312,186.0635131999019,184.5967866635587,185.8909640204593,20190900,-0.0051639020179162,0.11345725289397993
2019-07-17,184.25167846679688,185.48833946269883,184.2325014593257,185.162388846772,16765100,-0.0049305508577837,0.11582731420221826
2019-07-18,184.4625396728516,184.817233777583,182.8040872845252,183.37926572778423,28877000,0.0011437651094984,0.10703655637331644
2019-07-19,183.1108856201172,185.8142731571208,182.91915943108447,185.7279985662217,29387900,-0.0073545041733598,0.11108348480869966
2019-07-22,184.5680389404297,184.96108715293536,183.52311873156737,183.52311873156737,18954900,0.0079262685558598,0.10994085834458972
2019-07-23,185.77590942382807,185.7950864300593,184.33794113965416,185.57460205559488,23786700,0.0065229890839368,0.1111317020795159
2019-07-24,187.07965087890625,187.0892466950327,185.04732723661704,185.0665042411014,20422900,0.0069933073678791,0.1126536088919388
2019-07-25,185.30618286132807,186.4757315717548,184.9514740702841,186.44697337623364,23434700,-0.0095249671981461,0.09838076824258093
2019-07-26,187.21388244628903,187.4631396502938,186.38944669071915,186.4853170965318,20431200,0.0102422201623903,0.10204355107263467
2019-07-29,186.57159423828125,187.10843341153,185.3924642950549,187.0413358287591,20451700,-0.0034366709261215,0.1038303984792788
2019-07-30,185.7663116455078,186.494876911764,185.0089881863579,185.1431979624516,18705000,-0.0043255539425101,0.10613084001981592
2019-07-31,183.19715881347656,186.3894354196617,181.49077101314333,186.26482145296495,41627500,-0.013926551332486,0.1104949461235228
2019-08-01,182.2864227294922,186.9166819134034,181.40447068890455,183.51348771011567,63251600,-0.0049837421707797,0.1112691295939861
2019-08-02,179.60223388671875,181.1744118656774,178.5093786407081,180.91557349411016,55214000,-0.0148346073761387,0.11902028472348064
2019-08-05,173.25601196289062,175.92104551099516,171.78928539245075,175.84435210909214,75040000,-0.0359742553603388,0.16985081650268152
2019-08-06,175.6813507080078,176.1990274154695,173.58192956969134,174.85691507903786,41897200,0.0139015081954887,0.17830409734096325
2019-08-07,176.6304473876953,176.87968997147158,172.45075209099508,173.7736876668343,49990600,0.0053878353250849,0.1784934499309659
2019-08-08,180.47457885742188,180.5321098691038,176.9371895968058,177.42609348784185,38418100,0.0215302484263972,0.1919829756530503
2019-08-09,178.7777862548828,180.22533554566263,177.3781575319805,179.61180307359666,33608900,-0.0094463134262626,0.194147446411555
2019-08-12,176.7263641357422,178.21225346602156,175.91150933132653,177.67541414311103,24642900,-0.0115410460715802,0.19525766148995558
2019-08-13,180.59922790527344,181.8358741828538,176.40995168747628,176.57291966962129,40241900,0.0216777948075699,0.21163759459771997
2019-08-14,175.20205688476562,178.26013855471717,174.87612090576505,177.69454118625669,51000500,-0.0303404471659227,0.23401521855385335
2019-08-15,175.00076293945312,175.9977479599001,173.66824609690406,175.43215054803335,36685000,-0.0011495850751961,0.23391400291267686
2019-08-16,177.8095703125,178.26013488563237,176.48664941679456,176.59210101109724,32781400,0.0159228143427208,0.24223200159366626
2019-08-19,180.63755798339844,181.0210249461336,179.7460247221059,180.37873423979224,22494100,0.0157794337067884,0.24865787675359385
2019-08-20,179.23794555664062,180.8388817438944,179.1900103573567,180.18700984249392,19902900,-0.0077783537344844,0.24778458956931493
2019-08-21,180.82928466796875,181.40446312553516,180.18699401174732,180.8101076643862,20418500,0.0088391796799237,0.24884485479906676
2019-08-22,180.24449157714844,181.62494313561663,178.82568601551927,181.16478286428307,24243700,-0.0032391917697453,0.24707395766164242
2019-08-23,174.5405731201172,180.6567207593848,174.0516546096097,179.01744533458427,55372400,-0.0321569904601737,0.2676070713050552
2019-08-26,177.17686462402344,177.22478519580514,175.5088162229292,176.52497809122357,27598900,0.0149912435016087,0.2710184731237349
2019-08-27,176.802978515625,178.71068828315927,176.11276722889778,178.41351052537289,28012800,-0.002112471965196,0.27100725994152614
2019-08-28,177.43569946289062,177.73287723980545,175.34585920731524,176.22781134865835,21792400,0.0035722898681509,0.2717392798251767
2019-08-29,180.14865112304688,180.6663278573513,178.9599254996151,179.64057020500985,25358900,0.0151740629071991,0.2745792355644652
2019-08-30,179.71726989746094,181.1552381221948,178.70110802575874,181.11688411131783,26319800,-0.002397456424809,0.27422853603095365
2019-09-03,177.97251892089844,179.43924526428412,177.37816343287164,178.5189538394535,27964200,-0.0097557429318341,0.2714750355214857
2019-09-04,180.54171752929688,180.6951043274031,179.17084679134908,179.68852357801504,21592100,0.0143327228261385,0.24292515485767982
2019-09-05,183.8489990234375,184.37625687706736,182.46854741675816,182.53565961075049,33932600,0.0181528900896553,0.24598518722845836
2019-09-06,183.6669006347656,184.2229168188488,183.2642712520372,184.15581923561265,19487800,-0.0009909688464811,0.24592428825824802
2019-09-09,183.28343200683597,184.31877088251815,182.35354471926308,184.24207748864143,24407600,-0.0020900309028694,0.2355112329640679
2019-09-10,182.75616455078125,182.85203494507783,181.09771204938323,182.29601883924823,23744700,-0.0028809332416316,0.23301984505957327
2019-09-11,184.4721527099609,184.56802311427336,182.67949024592443,183.1012966204671,25063600,0.009345688054587,0.23001542441371184
2019-09-12,185.2390289306641,186.6578345197337,184.98978641636256,185.60331882890716,28689900,0.004148521108518,0.218908253171147
2019-09-13,184.5776214599609,185.40205727926065,184.3379600546735,184.97066967529747,27669800,-0.0035769518500974,0.18771985721390658
2019-09-16,183.753173828125,184.13664082859663,183.20675346563723,183.38889846239,20319000,-0.0044766770482059,0.1888811633304293
2019-09-17,184.63510131835935,184.63510131835935,183.3792636153438,183.7723117217586,20953400,0.0047880415019022,0.18261462938271697
2019-09-18,184.55845642089844,184.63514982481817,182.24811699654364,184.25168280521945,29781300,-0.0004152017117056,0.1754641386925719
2019-09-19,184.8651580810547,186.0155295275718,184.51046399721827,184.8843350830305,26039400,0.0016604338140942,0.1725206963269148
2019-09-20,182.9095916748047,185.31578697359,182.296059048178,185.12406077047635,29086100,-0.010634687879853,0.1752107274228111
2019-09-23,182.99024963378903,183.53778655007187,182.24099939054716,182.85576919672687,22485900,0.0004408745300483,0.1746722784025691
2019-09-24,180.5599822998047,184.22938537072093,179.77230071771646,183.82594406913967,40820700,-0.0133698362524397,0.1384946239585438
2019-09-25,182.5868377685547,183.06712721512895,178.8694021423963,180.3775033828588,34704900,0.0111628487639977,0.13441025817754754
2019-09-26,181.91439819335935,182.5099522947323,180.56957922419545,182.34665567523547,26826000,-0.0036896464083295,0.1350438884824949
2019-09-27,179.65701293945312,182.346635929259,178.42747351393035,182.25057220712569,40773500,-0.0124866873584953,0.1429514111557761
2019-09-30,181.36685180664065,181.65502833189487,180.0124323980325,180.38705748368292,26307700,0.0094722361510941,0.13685781117193918
2019-10-01,179.88758850097656,183.076702362605,179.58981143052011,182.02967503188117,32367600,-0.0081896381523542,0.13974775861304198
2019-10-02,176.79452514648438,178.69646700270863,175.8051301882238,178.66765081225589,48544300,-0.0173439641177135,0.14864238609278463
2019-10-03,178.73489379882812,178.8693742365975,174.65243413986005,176.77530495445313,39392500,0.0109154844285447,0.14482127849930715
2019-10-04,181.36685180664065,181.62621214509613,179.5129420553432,179.7050548530904,31887600,0.014618117841523,0.1395115850280094
2019-10-07,180.8193359375,182.26020395700343,180.50234321433717,180.84815212530867,21216000,-0.0030233968314345,0.13975211646528007
2019-10-08,178.11053466796875,180.4543494868754,177.96645369847474,179.6858834492759,32379300,-0.0150940499529535,0.148327281072399
2019-10-09,179.84915161132812,180.6656493951779,179.08068569545804,179.61862209665486,20147400,0.0097141140853902,0.15304547462979687
2019-10-10,181.2420196533203,181.96245382767165,179.7435189158329,179.8972150574395,25177700,0.0077148103374285,0.15178723307637332
2019-10-11,183.57618713378903,185.0362707917572,183.2015620450574,183.30722628327743,40976700,0.0127965068010896,0.15819046336769846
2019-10-14,183.5570068359375,184.1429605140476,183.1343498015932,183.3168621261755,14975000,-0.0001044868629916,0.15777670382650968
2019-10-15,185.8911590576172,186.32341645961355,184.0084187116191,184.12368344354743,23234200,0.0126360528750187,0.1630673875948627
2019-10-16,185.4300994873047,185.90078831090025,184.84414591395813,185.25720236267813,20457100,-0.0024833472183408,0.16263158355046173
2019-10-17,185.9199981689453,186.8325449428684,185.20916470077285,186.5443684202436,19045200,0.0026384749536196,0.16282885526874485
2019-10-18,184.13336181640625,186.03530383242415,183.1919986489002,185.583830601042,27700800,-0.0096561762606978,0.16636201286600166
2019-10-21,185.76629638671875,185.89117629606508,184.5655731269005,185.11310996886544,15801200,0.0088291250982573,0.1646172932540879
2019-10-22,184.28704833984372,186.75572823000397,184.22940129983235,186.49636785039505,22392300,-0.0079948253248714,0.16737963597755912
2019-10-23,184.64247131347656,184.6808880190255,183.61464488848125,183.91243664988437,14828400,0.0019267803992766,0.15981370941707682
2019-10-24,186.438720703125,186.55400011674928,185.1419482223137,185.9584313419501,18998500,0.0096812420459133,0.158712739072693
2019-10-25,187.92759704589844,188.0236607689727,185.4397019852976,185.47811868016757,21507100,0.0079541567822957,0.15950655084991178
2019-10-28,189.78155517578125,190.03130038009007,188.80176072349929,188.80176072349929,18818700,0.0098169345811357,0.1533727783522739
2019-10-29,188.3118438720703,189.7527119371688,188.2830276833498,189.4645500499634,18569700,-0.0077743685023291,0.15527530255273633
2019-10-30,189.2244415283203,189.5414343220832,187.5914456833713,188.6769045234742,21764300,0.0048344991938805,0.15123079173558837
2019-10-31,189.3108673095703,189.8583895911997,188.21580808904253,189.7719410189323,26801800,0.0004566326085515,0.13346209097712808
2019-11-01,191.0302734375,191.03988860475167,189.839165279666,190.1273271518729,22131900,0.009041450723316,0.13225962623525045
2019-11-04,192.21180725097656,192.624849064048,191.03028487511827,192.29825581781455,19015900,0.0061660115967169,0.12613910022373434
2019-11-05,192.3174743652344,192.64406761633995,191.68348888442827,192.4519548014113,15048900,0.0005495920439317,0.1246717149882937
2019-11-06,191.88519287109372,192.11573703214864,190.95343037390643,192.0965213544105,19725500,-0.0022502794145818,0.10810657393129545
2019-11-07,192.5287628173828,193.76791742624127,191.97164012472464,192.8457555159916,17832400,0.0033483204136277,0.10575462278014483
2019-11-08,193.2972869873047,193.3165026692455,191.6739063091673,192.1830266083394,15258800,0.0039837910722811,0.10455021321456372
2019-11-11,193.0379180908203,193.1147514948287,192.05812363111997,192.31748400577249,10147600,-0.0013427144720065,0.0993119736085788
2019-11-12,193.59503173828125,194.2386323889132,192.9034285339982,193.2012055965862,14778300,0.002881875604683,0.09890360392818655
2019-11-13,193.64306640625,193.82557871364105,192.797767074452,192.92263234482337,15774600,0.00024808854524,0.09203407930892231
2019-11-14,193.4893493652344,193.61422927937,192.32705741322405,192.9130109727781,16945400,-0.0007941316347157,0.09119202500281613
2019-11-15,194.9110107421875,194.9110107421875,194.03688068275392,194.66125092105415,18427900,0.0073206303189313,0.09301253153891238
2019-11-18,195.0647430419922,195.372120634779,193.81598767636072,194.6036546669081,18365900,0.0007884198249575,0.08262534612780079
2019-11-19,195.3529052734375,195.80437848065037,194.6036549842905,195.80437848065037,16923300,0.0014761744763142,0.07967820173521172
2019-11-20,194.18096923828125,195.42972442118923,192.71128506876605,194.84377085536985,36629000,-0.0060171381631174,0.0766660966159949
2019-11-21,193.7487335205078,194.10415762967773,193.14357886690152,193.9696625319111,17883600,-0.0022284238281756,0.07838293286594684
2019-11-22,193.8736114501953,194.34430031571728,192.8265841273138,194.2290208984305,17189600,0.0006443278393421,0.07376459294829116
2019-11-25,196.16940307617188,196.20781977884957,194.6805030095179,194.70931920084348,17752800,0.0117721279630836,0.07875451388562064
2019-11-26,196.54405212402344,196.79379736497492,196.00613027749955,196.29430688307195,14780600,0.0019080026749727,0.07350973977619576
2019-11-27,197.9176025390625,197.9272177054333,196.8129430440941,197.0530876871104,16963100,0.0069642052668384,0.0671092114047643
2019-11-29,197.0147247314453,197.71594317628364,196.91866098513,197.41816608288397,9854600,-0.0045723245135779,0.07057678535810903
2019-12-02,194.9975128173828,197.09156774219787,193.82560541013515,197.02433484231736,28007000,-0.0102916670746529,0.08224399856879933
2019-12-03,193.4701690673828,193.5470171260613,191.3760997758837,192.3174775017432,31104100,-0.0078634681410097,0.08331917767535617
2019-12-04,194.44993591308597,194.9110242345116,194.1713745440004,194.4595510805745,15300100,0.0050513954625328,0.0824668183266099
2019-12-05,194.8341217041016,195.14149917517315,193.8831437964865,195.14149917517315,14962300,0.0019738076000175,0.08261389927014251
2019-12-06,196.91864013671875,197.0627210836676,196.10214235129337,196.25583846621765,16555300,0.010642110581237,0.08881100516009748
2019-12-09,196.02528381347656,197.48535274621796,195.9388205991268,196.56320548946195,13984100,-0.0045469992433242,0.09063422583606988
2019-12-10,195.8620147705078,196.80339256366707,195.42015672310367,196.12137515493083,21799800,-0.0008332449303926,0.09007472576971552
2019-12-11,196.8994140625,197.1011420348461,195.9964677565774,196.3038599701968,18780800,0.0052826047992442,0.09116590960003228
2019-12-12,198.36911010742188,199.1471911980904,196.4287516079421,196.69771248227136,32612000,0.0074364778779119,0.09371592074146944
2019-12-13,199.0222930908203,199.71391089227797,197.84078545385813,198.26342774828933,32519400,0.0032873563261381,0.09393440870862665
2019-12-16,201.0203399658203,201.27008519010656,200.26147446654247,200.3287220215061,21296600,0.009989252767018,0.09822774815241012
2019-12-17,201.13558959960935,201.44298184384525,200.799381164635,201.27967055330183,15996100,0.0005731589588579,0.09622593066731641
2019-12-18,201.28929138183597,201.84642884722803,201.07796287229863,201.30850706195827,15443300,0.0007638781644195,0.09622824510905244
2019-12-19,202.5476226806641,202.6148555670259,201.35649983126476,201.3757155090542,17865900,0.0062318987068583,0.09761622386991564
2019-12-20,203.36419677734372,204.14226346135104,202.941539650902,203.5082777716884,27672600,0.0040234117809992,0.0937040203509126
2019-12-23,203.9012908935547,204.22859221546608,203.72801890750017,204.084198893754,23774700,0.0026375641631279,0.09231199961707091
2019-12-24,204.00718688964844,204.170837552741,203.54511356509025,204.0842015585825,7089000,0.0005192145014892,0.0923435415629101
2019-12-26,205.8073272705078,205.82658460704587,204.30557817950617,204.3344568397913,17067500,0.0087852035324157,0.08905567079498808
2019-12-27,205.63409423828125,206.5486195948785,205.0853702108949,206.52936225469475,18134100,-0.0008420787670229,0.08970907496817268
2019-12-30,204.286376953125,205.6533543436165,203.27557957106487,205.52820366430956,21815500,-0.0065755298204058,0.09276853699310968
2019-12-31,204.67140197753903,204.81579528450203,203.3140461359092,203.6317261002722,18170900,0.0018829578895926,0.09009391215245627
2020-01-02,208.0888671875,208.0888671875,205.9902579449058,206.3945739224965,30969400,0.0165594586419865,0.09260861421686759
2020-01-03,206.18280029296875,207.42464165672527,205.3164109561056,205.33566829598263,27518900,-0.0092020791878299,0.09469684975783096
2020-01-06,207.51126098632807,207.5401396493011,204.3152332086109,204.5655198507249,21655300,0.0064224526482156,0.095183377123437
2020-01-07,207.4823455810547,208.06956943925744,206.82774308419528,207.5882388895517,22139300,-0.0001393534978016,0.09577685678385936
2020-01-08,209.0419158935547,209.99495596195464,207.126229119916,207.45353046860188,26397300,0.0074885318570306,0.09319248893853398
2020-01-09,210.81320190429688,211.21751788479065,209.58099662401716,210.76506590182356,23547000,0.0084376559646124,0.09104563767791408
2020-01-10,210.27410888671875,211.66034356288264,209.8986715526782,211.64110091224717,21898500,-0.0025604823431654,0.0922611529104264
2020-01-13,212.6999969482422,212.72887561017035,210.80355314005448,211.14049044794265,22756900,0.0114707478659764,0.09627134638646681
2020-01-14,211.8625030517578,212.95031503349864,211.53520173144412,212.59412035993765,24418100,-0.0039452141098827,0.09871183246760276
2020-01-15,211.9491271972656,212.9406671168813,211.25600991708157,211.97800585985289,25742100,0.0004087860763196,0.09915802892925135
2020-01-16,213.98033142089844,214.018846094954,212.55559695077287,213.00804889213785,18805000,0.0095378217248806,0.09876847564113822
2020-01-17,215.0392608642578,215.21253282734727,213.82629836645552,214.94298886984544,24325200,0.0049365185778959,0.09858785173126901
2020-01-21,214.9430084228516,215.4820963868952,214.34616313252403,214.4424204466488,21146300,-0.0004477042421938,0.09905068219633308
2020-01-22,215.510986328125,216.7431916501498,215.24144233199743,216.03083166997536,20736400,0.0026389729997832,0.0984106887772264
2020-01-23,216.20407104492188,216.30034303860805,214.3846420009869,215.38581785476504,26496100,0.0032108461375539,0.09833967475301537
2020-01-24,214.3846893310547,217.44596019978124,213.39314927116757,217.2149161773528,37436500,-0.0084507200782994,0.10594214582889203
2020-01-27,209.95640563964844,211.09233876186283,209.0707444428503,209.54245370103152,42264400,-0.0208720979694628,0.13312354750620917
2020-01-28,213.18133544921875,213.67230209824288,210.88057559991,211.43892089957652,26731900,0.0152432266870579,0.13938907483810453
2020-01-29,213.5278778076172,214.60605364802203,212.5844739472629,214.36538834871425,28924500,0.0016242556936655,0.13908912709715443
2020-01-30,214.2883758544922,214.38463315516276,211.4870284089128,212.15126694642572,39568100,0.0035552592563492,0.13579666256065973
2020-01-31,210.8902587890625,215.21259946021755,210.1393693160568,215.18372079076136,52015800,-0.0159847609610462,0.14982941678516515
2020-02-03,214.07659912109372,214.56755103761796,211.77583947542757,211.9202327776276,25408600,0.0149959931437691,0.14792536310336082
2020-02-04,218.9765472412109,219.3519845266248,216.26183557049177,217.00308881724797,30691200,0.0226307430642801,0.15992623687491814
2020-02-05,219.6985626220703,221.6527638820413,218.37972134420056,221.6142638932984,38534800,0.0032918030524329,0.15941610337546916
2020-02-06,221.594970703125,221.65272802141783,219.46748311539727,220.2472362904374,22467100,0.0085948223209892,0.1603124826124907
2020-02-07,220.64195251464844,221.83565773621697,220.00659257305333,220.60345252836,25884900,-0.0043099959036396,0.16147979989435468
2020-02-10,223.3085174560547,223.3181387799004,219.85256730875835,219.9103246299208,21478900,0.0120130383457297,0.1635776367591165
2020-02-11,223.34701538085935,225.28197375622156,222.75979147271644,224.5407205337032,30198000,0.0001723830651128,0.16273319848945375
2020-02-12,225.5226593017578,225.62855262876883,224.1075460630854,224.66589136104855,24471300,0.0096939538631657,0.16166314648552366
2020-02-13,225.23388671875,226.15803342779785,223.6840012924257,223.95354530665196,22773200,-0.0012812797731422,0.1605246252117002
2020-02-14,225.8788299560547,226.0906166013436,224.8295327428789,225.59002864983847,23438500,0.0028593460254117,0.16026692684858385
2020-02-18,225.9654541015625,226.3890273699469,224.5407196716692,224.7813849660654,24394500,0.0003834247754166,0.15871381593430212
2020-02-19,228.13145446777344,228.6031637591401,227.0436572650157,227.31320123464104,22230500,0.0095398878632343,0.1603620229013361
2020-02-20,226.01361083984372,228.1025840242257,223.2218990442658,227.63088940490908,42604000,-0.0093267950799669,0.16550508347630097
2020-02-21,221.6720428466797,225.27238705173556,220.75751746209772,224.887328370558,66017200,-0.0193962172765946,0.1818821893979988
2020-02-24,213.12356567382807,215.8767773346433,212.03575380103447,213.4027309628316,84522600,-0.0393268870983403,0.22976419588298833
2020-02-25,207.32835388183597,215.6265040523048,206.721887267764,214.9141294214852,97743000,-0.0275683309033899,0.2468185847494102
2020-02-26,208.39691162109372,212.0550274551949,206.8759050225816,208.61833429356105,79537700,0.0051407031573129,0.2374910414856471
2020-02-27,197.961669921875,208.33915760150592,197.82689792690755,203.02526309170432,121822600,-0.0513710645917434,0.2889067201482148
2020-02-28,198.1157073974609,199.43454873734376,190.77059664727156,191.2230486537657,148173700,0.0007778151046871,0.28873138014800565
2020-03-02,208.33917236328125,208.48358038250777,198.25048529776444,201.08071208166103,112933900,0.0503161472134546,0.3435083395167258
2020-03-03,201.6583404541016,211.41010680470285,199.8677893562537,209.00345289302828,131953500,-0.0325925065133382,0.35698254357737474
2020-03-04,210.0719146728516,210.1778079855748,203.47768000308412,205.35488097309135,73086200,0.0408750414117266,0.382939961824933
2020-03-05,203.6895294189453,208.2814285748599,202.25517328240088,204.7484628726104,78705500,-0.0308530029748875,0.3863362095187873
2020-03-06,200.2528381347656,201.34063558032835,195.33363755753172,197.0279164146453,89828400,-0.0170161611371197,0.38827367042075334
2020-03-09,186.34239196777344,193.648989163176,184.9368997269464,186.25574126985805,116424000,-0.0719949602886916,0.44975064429067885
2020-03-10,196.4888153076172,196.671723320482,186.44824945300692,193.60083116102876,100599200,0.0530197116182529,0.4974024607527336
2020-03-11,187.9307403564453,193.2542561758545,185.53370842889757,191.9065362300721,89168800,-0.0445320175414302,0.5106787757809162
2020-03-12,170.6990966796875,183.65650863431884,170.33328071109597,175.2909801794273,137820700,-0.0961711546662923,0.5931427518918696
2020-03-13,185.1582794189453,187.21837410798133,171.47886994366365,180.08506471110036,134882000,0.08130868579093,0.6737648669767826
2020-03-16,162.9785614013672,177.78428224075182,162.8437894066201,167.6474599036412,92054400,-0.1275923567068478,0.7871464964708621
2020-03-17,175.33912658691406,177.50511448711484,163.4406324675826,168.91817755211542,121257100,0.0731032978823931,0.843292399422561
2020-03-18,170.00599670410156,172.52816468747216,160.57191273504014,165.20231138074408,114156300,-0.0308882537358461,0.8444349959754446
2020-03-19,171.0264129638672,176.6387302000776,165.22156640222326,169.12996899580284,120896500,0.0059842951935367,0.8432990575702025
2020-03-20,164.3262939453125,176.04188112854132,163.7487059331409,174.9540837622137,118983900,-0.0399639579271586,0.8479538400524933
2020-03-23,164.44496154785156,168.06263479386743,159.11008585833804,164.88872122263345,124639800,0.0007218855402331,0.8495552439300775
2020-03-24,177.1791229248047,177.3431223033954,171.67060740000372,173.56145060791638,94881800,0.0745852808138932,0.8974323494409538
2020-03-25,175.86717224121094,182.82274430846908,173.62903115037722,177.91235896739593,88754900,-0.007432207847232,0.8948321689392637
2020-03-26,185.12835693359372,185.91942839495096,177.1308953136619,177.38171531049974,79887600,0.0513203988268915,0.9172882752420857
2020-03-27,178.76126098632812,183.7874057618229,178.14384546533603,180.3337326311541,58845000,-0.03499822764359,0.9087162944767759
2020-03-30,185.2634735107422,185.6976061264033,179.76461248933728,180.45920700997283,49356900,0.0357278149186649,0.919449400241375
2020-03-31,183.6812744140625,188.36013644435263,182.5236222301767,184.9547021205792,62659300,-0.0085769416963688,0.8986619789922363
2020-04-01,175.87681579589844,181.03803597348377,174.4779849605865,178.25001613304636,53715400,-0.0434182116009561,0.9034682041072377
2020-04-02,179.44619750976562,183.39188349691315,174.58405215532315,174.84452869655937,56465300,0.020091587941038,0.8925349364881986
2020-04-03,176.89939880371094,180.4688482906454,174.89279421614447,179.00248056889478,47487600,-0.0142942250263847,0.8889126174335178
2020-04-06,189.5467987060547,190.675511105474,182.51404768802607,183.75852093240587,64763500,0.0690547502534604,0.9255922713147136
2020-04-07,189.4696044921875,195.50871656586372,189.0837252268036,195.22894158616256,69904500,-0.0004073397050005,0.890538632604849
2020-04-08,193.492431640625,194.07125042343827,189.2476869649236,191.15781397279807,45940400,0.0210097855373988,0.8736278413845809
2020-04-09,193.77220153808597,196.04892419321607,192.0067754575091,195.20962881995845,68252600,0.0014448515157972,0.8589786703244974
2020-04-13,195.86566162109372,196.24189906848864,191.73669152955705,192.94258267125235,42853900,0.0107457740918939,0.7822897757219851
2020-04-14,204.38406372070312,205.00147935205533,199.13602349403456,199.9174385424264,63959600,0.0425718648044081,0.7463281293140626
2020-04-15,202.039794921875,204.35511447733492,199.8113107060023,201.1233207046582,47036000,-0.011536206586566,0.5759490537243288
2020-04-16,205.72496032714844,206.8054337201144,202.2905858534957,204.22001103827552,64657400,0.0180754500855708,0.5299704004310968
2020-04-17,207.6929931640625,208.86994384961932,204.596273603808,208.54194506062092,62863200,0.0095208622973351,0.5111358361887992
2020-04-20,205.2330322265625,208.26223021136656,205.06903279634375,205.83114952740155,38249100,-0.0119149188406157,0.5164357087320379
2020-04-21,197.6600341796875,203.70878845023893,196.4445011715889,203.16855155775067,72932800,-0.0375975202347384,0.5136847867214925
2020-04-22,203.5254364013672,204.8567446176316,200.97859550091405,201.72142839031417,40089100,0.0292424358031449,0.5175237644907463
2020-04-23,203.0913543701172,206.8730269955325,202.6861767374316,204.3165290973986,43278500,-0.0021350923326487,0.46248551840020075
2020-04-24,206.29421997070312,206.7379944181576,202.1073691732211,203.52549843048948,34231900,0.0156475027522404,0.4606321580692509
2020-04-27,207.95346069335935,208.98571031554656,206.93086761888983,208.56123438568815,36451700,0.0080109059073767,0.4324035050797937
2020-04-28,204.0367584228516,209.6513940182693,203.7569981861285,209.6513940182693,46862800,-0.0190141420401991,0.4167869572542015
2020-04-29,211.2721099853516,212.20788260903336,207.5483178689419,208.5612692855443,48716400,0.034846757453524,0.4160135256588478
2020-04-30,211.18527221679688,212.2753876174612,209.68032267790932,212.18856700260577,43359500,-0.0004111078344757,0.413297948954906
2020-05-01,205.2330322265625,209.0243469424244,204.2104241646412,206.93092166913675,48795000,-0.028589739474224,0.39337831909766074
2020-05-04,207.62551879882807,207.8473986519132,203.6701898819407,203.99820346691345,32841000,0.0115899905560124,0.39100408134637055
2020-05-05,209.97938537597656,212.37186892758075,209.1979703863233,209.7671473886203,37783100,0.0112732943622855,0.38346267625506353
2020-05-06,211.2721099853516,213.24011768360376,210.4135161545904,211.65798922960508,36455200,0.0061375623904019,0.3130530531650577
2020-05-07,213.99261474609372,214.8704922656383,212.6420079030981,213.99261474609372,38624800,0.0127945804809953,0.3134312068998107
2020-05-08,216.9253387451172,217.060397959478,214.6293173806337,215.6615672278092,31852300,0.013611729361379,0.3099347466614499
2020-05-11,218.8643493652344,219.88694239641296,215.37209435981012,215.6036306900256,35714100,0.0088988953566898,0.30979860351225824
2020-05-12,214.28201293945312,220.051006365166,214.25307273166104,219.4625309394779,41054100,-0.0211591636755556,0.3228198562301026
2020-05-13,211.60011291503903,216.6841537545293,209.06292813022924,214.8029666417312,65521200,-0.0125947313276399,0.29580154496249444
2020-05-14,214.0022430419922,214.0408250771921,208.3683238004577,210.27845103036063,51549300,0.0112882628626069,0.29353762325584815
2020-05-15,215.3914031982422,215.44928360352137,210.62572022562588,211.05983798556704,55747200,0.0064703565826003,0.2886094145682827
2020-05-18,219.40463256835935,220.61052360974645,217.51380365886027,218.2952186984232,42398100,0.0184608092785509,0.2930986142090395
2020-05-19,218.85472106933597,221.7392173068465,218.71002005422147,219.6650761946719,36237300,-0.0025095267587935,0.28900721671970736
2020-05-20,223.2248687744141,223.58180775924143,221.38226400343152,221.4015623789309,37417000,0.0197715079667844,0.2534579594114989
2020-05-21,220.7938232421875,223.9484383544273,220.282526614009,223.27314230969628,43642900,-0.0109503039756662,0.24469252155755158
2020-05-22,221.5559234619141,221.75850488665964,219.47214048530205,220.3886146113909,28762400,0.0034456941794461,0.2437263090885617
2020-05-26,220.9577789306641,225.32794077890404,220.71660076810767,225.12534464540408,33055300,-0.002703396040861,0.24108870181362088
2020-05-27,222.16368103027344,222.2794565640182,216.03776422232875,220.6201495437032,55665600,0.0054427744332842,0.2406160499636932
2020-05-28,221.87432861328125,225.2315254356787,220.9674961179533,221.02537653759535,42784300,-0.0013032778801106,0.2275281927719358
2020-05-29,225.12538146972656,225.3569178429785,220.68769666466795,222.2505414235073,50691800,0.0145463637175217,0.20231033618062014
2020-06-01,225.80067443847656,226.176911839706,223.8133684360673,224.25714279871312,25776000,0.0029951406210941,0.20192526998732208
2020-06-02,227.3153076171875,227.37318803651183,223.82303687432616,226.2251773187427,33383400,0.0066854354296603,0.1657071632368593
2020-06-03,228.33786010742188,229.0903348647583,227.04514857254637,227.92302597587337,37228700,0.0044883006605076,0.16389258775500495
2020-06-04,226.7364044189453,229.39900593341693,225.4340365023195,227.9905337608172,38716100,-0.0070382459490117,0.1666492110797567
2020-06-05,231.23199462890625,231.82046997798105,227.31526333390107,227.8844403068437,47365600,0.0196333835604509,0.1755036387075632
2020-06-08,233.02633666992188,233.1517393008827,229.51478331643764,231.08725487966416,32937300,0.0077299677990659,0.17327731539142177
2020-06-09,234.7146453857422,235.56358270573824,231.9845061835832,232.16780398505347,35046300,0.0072190212646113,0.1702242555035767
2020-06-10,237.53155517578125,239.0751013384593,235.8818900304147,236.4028431164661,58084400,0.0119299771864036,0.1716962183505827
2020-06-11,225.76205444335935,234.99434668442183,225.7041740406484,233.61481468532207,72919400,-0.0508188903628103,0.24241285848629623
2020-06-12,227.5564422607422,231.9169331786553,223.56253216845573,230.65316186428743,72034800,0.0079167172849533,0.23668121870094036
2020-06-15,230.3251800537109,231.00047606686667,223.30207207619324,224.23784466597655,45307400,0.0120938312630431,0.2370330443301852
2020-06-16,234.28050231933597,235.76615350968348,230.6628294281809,235.177678130575,48890100,0.0170269885852417,0.24147898010172197
2020-06-17,235.0233154296875,236.8369801100848,234.16472167105556,235.77579019701227,34749300,0.0031655984996073,0.23568368227601125
2020-06-18,235.66001892089844,235.90119709768177,233.9331896520828,234.70494804151127,30578600,0.0027054447570288,0.23476160699659257
2020-06-19,235.6214599609375,238.28406199401456,233.8946158026866,238.0235854158861,49422100,-0.0001636345232087,0.22741859325160865
2020-06-22,238.44715881347656,238.5727795309669,235.20008666743956,235.48999197391447,24068700,0.0119211953925886,0.2240575495593452
2020-06-23,240.47659301757807,242.70895256967864,239.4908853880453,240.0417202697316,32767400,0.0084750290355246,0.22467265670858977
2020-06-24,235.51901245117188,240.95012181687972,234.02110437194025,239.7228018717864,46032400,-0.0208311160045288,0.23966385912985305
2020-06-25,237.7610321044922,238.06061077313757,233.0353835752813,235.60598561260517,36940800,0.0094744599963626,0.24057854059161038
2020-06-26,232.14630126953125,237.693387431106,231.62444219984295,237.51942949256085,52824600,-0.023898320634449,0.2580431744889332
2020-06-29,234.67828369140625,234.6879570345641,229.37280887212225,231.90474745989056,34377800,0.0108477887949705,0.25611621372980004
2020-06-30,239.27828979492188,239.8194661067416,234.42700543519743,234.61062198655384,38909200,0.0194116963683492,0.2631538473397543
2020-07-01,242.07113647460935,243.06651740639933,238.77574167335084,239.3169179377088,34689200,0.0116043683358017,0.26462576870349774
2020-07-02,243.71401977539065,245.72411376198428,243.25015646954552,244.51612565075845,31956500,0.006763852468899,0.26490483331745773
2020-07-06,249.7056884765625,250.2275181814121,246.84515098406868,246.86448292549116,34589000,0.0242874904655116,0.2719271515001995
2020-07-07,247.98545837402344,252.1119647890889,247.68587967073415,249.4543908463046,36578200,-0.0069128694127477,0.26896217687320756
2020-07-08,251.25181579589844,251.28080632650773,247.8791229368149,249.30939126129,30426300,0.0130855775382888,0.270700109721849
2020-07-09,253.36822509765625,254.0350368253854,248.97116062467757,253.16529137370648,40312900,0.0083881793813926,0.2709280236726131
2020-07-10,255.09808349609372,255.349354445802,250.5463928194368,253.22328369879895,32885300,0.0068042465872151,0.26953046844548983
2020-07-13,249.85055541992188,260.72244625141667,249.02911776983063,257.9392374798514,64108100,-0.0207851515628915,0.20600312459060408
2020-07-14,251.6190490722656,252.02494599305535,244.26481796681816,247.32827358685552,72230500,0.0070532728930231,0.2058616528916519
2020-07-15,252.13131713867188,253.86116467672775,248.8359214510949,253.03005337385585,54523900,0.0020338178484666,0.20430610656139372
2020-07-16,250.41107177734372,251.0488929703051,247.0287054307238,249.34803645574152,47594100,-0.0068461969311056,0.20230681202870984
2020-07-17,250.70098876953125,251.5610608150436,248.5266105583892,250.86525860780247,35137900,0.0011570945796747,0.20242705730372668
2020-07-20,257.8135681152344,258.441715826729,250.09212010205616,251.3387421859511,40610100,0.0279757703215446,0.22001002552315896
2020-07-21,255.1270904541016,259.3888760723057,254.2863354428996,259.3792027299571,43243800,-0.0104749045737704,0.22546511198207236
2020-07-22,256.0257873535156,256.9535433200769,253.72577361074173,255.61991992355132,29865500,0.0035163563170489,0.22351612397410214
2020-07-23,249.33839416503903,256.3253778156358,247.92744296032237,255.61993170517167,51363500,-0.0264671847023784,0.24521596451601405
2020-07-24,246.97073364257807,248.2946838007048,242.87324769475924,245.5018160737264,54054500,-0.0095411442229485,0.23503946387744443
2020-07-27,251.37745666503903,251.7640069121067,247.8308205460294,248.61359438120672,36445700,0.0176857786234237,0.2398860835457404
2020-07-28,248.17872619628903,251.11656138758613,247.88882086144545,250.59470229297185,31302400,-0.012806464200942,0.22715745722008354
2020-07-29,251.03924560546875,251.8993472930036,249.2417734599512,249.71529536006983,27556900,0.011460127149927,0.22742763672250862
2020-07-30,252.3535614013672,252.91405492696524,247.92747630088292,249.0774833799237,41774500,0.0052218417272791,0.21987679154702233
2020-07-31,256.8569030761719,257.0115290734216,252.0829323192016,256.9728652011358,53686300,0.0176880068265378,0.22401018414541168
2020-08-03,260.3262939453125,261.0704040599255,258.8670347613304,258.9926702529182,32081600,0.0134166884462029,0.22665466929493033
2020-08-04,261.2926025390625,261.38924746318963,259.0795605916793,259.82367047286675,24911300,0.0037050410008742,0.21327742912913444
2020-08-05,261.94012451171875,262.3943292112802,260.8867624407989,261.77585464764775,21612100,0.0024750833414722,0.21070942701324397
2020-08-06,265.4095153808594,265.73808462954054,261.10906562731947,261.74688693072375,28048200,0.0131580289897124,0.21075496972880065
2020-08-07,262.3460388183594,265.6414340704601,260.2006506583251,264.8683039499667,44969400,-0.0116095830602339,0.21518574670798135
2020-08-10,261.2249755859375,262.83886046192526,257.70733001490817,262.635897252369,35088400,-0.0042823797147778,0.21527221106160765
2020-08-11,256.277099609375,261.3506497453629,255.7359232875548,260.0653338621166,43104300,-0.0191227320261017,0.21320691804831324
2020-08-12,262.72283935546875,263.6699124180775,258.3837565679528,258.4320937756136,38773400,0.0248403543060131,0.22775689084783446
2020-08-13,263.322021484375,265.5930149399611,262.3846217780506,263.49596464838004,31895700,0.0022780657416749,0.2277581579481939
2020-08-14,263.0128479003906,264.2111627097795,261.62124318992045,263.9405745434047,30799500,-0.0011748171649951,0.2258002423105448
2020-08-17,266.066650390625,266.56916285403884,263.0515166263446,264.72335338472254,24803000,0.0115439604568661,0.2279721026229724
2020-08-18,268.62750244140625,269.1010242326168,265.6703505975668,267.12960933131745,23529500,0.0095788278883436,0.21065666404445801
2020-08-19,266.82037353515625,269.64221675710843,266.3081878446853,268.58885484621123,31999400,-0.0067499969605268,0.20826860393609262
2020-08-20,270.521728515625,271.00492384230256,265.6221208250583,266.0280178759044,27723400,0.0137767485886005,0.21212389204113521
2020-08-21,272.3964233398437,272.85062795084417,270.06741922742805,270.7149136910677,34748900,0.0069060217222264,0.18411181877812266
2020-08-24,274.0973205566406,276.3876611418048,271.8166238212234,275.6628683241252,36418500,0.0062247838258994,0.1772452490998798
2020-08-25,276.2523193359375,276.4456091943272,272.879626597847,273.32415788187325,34866600,0.007831420744647,0.17152731490462136
2020-08-26,282.1473693847656,282.3986403586406,276.2233907485783,277.4990333194689,42216700,0.0211148723252402,0.1686456978382397
2020-08-27,281.2679138183594,283.973824630563,279.00656382383795,283.1233963607817,49482700,-0.0031218758414884,0.17037158855756987
2020-08-28,282.6981811523437,283.3263290108986,281.1519506215127,282.50489127652946,28021000,0.0050721857683288,0.17037450638520382
2020-08-31,284.96923828125,286.77638381607983,282.7851862914439,283.220073817663,36321000,0.0080014077528957,0.16478966197829115
2020-09-01,289.8398132324219,289.9557753583132,285.8486162789322,287.61709768256185,36216200,0.0169471636170679,0.16750773188957188
2020-09-02,292.5843200683594,293.29943941238844,286.9116140478501,293.08683237877307,50836800,0.0094244966620397,0.16807237249984017
2020-09-03,277.7503662109375,288.58359815205625,274.85119399001366,288.0810855841819,110083300,-0.0520301518569072,0.2605701483069658
2020-09-04,274.04901123046875,279.21920642113605,262.66493206189256,275.9624750809595,123959000,-0.0134157835140096,0.26349249141676245
2020-09-08,260.8770446777344,268.8690809653618,260.5967832637342,263.07073980112443,99568600,-0.0492577603614066,0.3144813244655874
2020-09-09,268.54058837890625,270.6376391822243,263.82459816912103,266.3758831646691,64837900,0.0289528665364039,0.3298345272238148
2020-09-10,263.1868591308594,272.71548747217696,261.4666847375298,271.4978256628641,69667500,-0.0201377987806937,0.33064478905147804
2020-09-11,261.3603210449219,265.9699930867914,257.9296170941688,264.935948179579,71809000,-0.0069642752354496,0.32026679505372285
2020-09-14,265.9119873046875,267.9027491790809,263.7859166175224,265.1388572857662,38525200,0.0172653835812103,0.32591433157033034
2020-09-15,269.680908203125,271.02420504282185,265.8830009311815,269.6519176702054,41849900,0.0140740593906195,0.32921108735359017
2020-09-16,265.3804626464844,270.93720763616034,265.03257624671886,270.47335910313967,42321000,-0.0160749341840853,0.3321578037144495
2020-09-17,261.2346496582031,265.1775093575876,257.71697458543355,258.557729481427,81570800,-0.0157454601791139,0.33441475144940325
2020-09-18,257.90057373046875,262.94513225830894,253.80308831036103,262.65522696609054,86251100,-0.0128449067549802,0.3363207378921428
2020-09-21,258.5191955566406,258.65447492406383,251.3678805075364,253.6485779832147,57168600,0.002395811155443,0.33203978382963223
2020-09-22,263.322021484375,263.9018320310586,257.58166113709177,260.91568974808024,41128900,0.0184077508178243,0.3383281448909084
2020-09-23,255.28173828125,263.18680612063565,254.40231931742105,263.0031895517098,48837300,-0.0310099082227275,0.3517788380781296
2020-09-24,256.4704284667969,259.6691791552926,252.44056648446087,252.60486587121025,70631700,0.0046455780769786,0.35067012866399927
2020-09-25,262.4330139160156,263.2447784344016,255.41700912524527,256.9729132377426,55242400,0.0229824950484728,0.3523800047232187
2020-09-28,267.8834228515625,267.8834228515625,262.53928527534697,267.28423604787406,58438300,0.0205560321311192,0.36207003392230147
2020-09-29,266.6754455566406,268.3762726245199,266.1149226031265,267.3229106161718,27050000,-0.004519537220358,0.36112537446302073
2020-09-30,268.5018920898437,271.64266073652465,266.598101915103,266.8686900342182,49380800,0.0068256015182974,0.3607058575773921
2020-10-01,272.7635498046875,273.3723801615705,270.4345466021392,272.31901870755047,50020200,0.0157473411429213,0.3598998240156686
2020-10-02,265.090576171875,272.7540457725868,264.24982115406823,266.7430956721124,75497400,-0.0285337374945828,0.36747367945551107
2020-10-05,270.74383544921875,271.0627311839921,266.9459296938646,267.05221844149463,28184600,0.0211015527359802,0.33464695964731456
2020-10-06,265.9119873046875,271.73932026553695,265.0325684973553,270.0578103987121,49704200,-0.0180077379618084,0.3371250071832329
2020-10-07,270.511962890625,271.3043804558178,267.9606785581341,268.550191927096,27539700,0.0171509431764603,0.29418332490938276
2020-10-08,271.95196533203125,272.9763369448217,270.88892983991883,272.90868252898304,25443300,0.0053091302441145,0.27754346104641753
2020-10-09,276.1074523925781,276.1847801566935,273.20828056817254,273.5948309130464,30201100,0.0151646575579208,0.2711747468558658
2020-10-12,284.630859375,287.4623751347749,279.74092809632856,280.78461637070285,79370700,0.0304030002551243,0.28563005099758804
2020-10-13,284.6213684082031,287.066335614151,283.2587540297559,286.4285437272974,64240000,-3.334538306403077e-05,0.2818147790215793
2020-10-14,282.24395751953125,286.38978029441654,280.50446672167755,285.4233899640773,36949100,-0.0083879705428472,0.2816741175268042
2020-10-15,280.3498229980469,280.9393069061614,276.90947599898783,277.5472971156975,42514200,-0.0067336033350071,0.27584954313402477
2020-10-16,278.8133239746094,283.4133225579384,278.4654080695763,281.99272738717144,40570700,-0.0054957230246329,0.26946572820652315
2020-10-19,274.2615966796875,281.6834977161468,273.28556238406674,280.7267511204607,36756800,-0.0164600848556373,0.2724359284799337
2020-10-20,274.85107421875,277.95317888560766,273.44015261046803,274.9960268682495,32195400,0.002147019352296,0.2724434262848948
2020-10-21,274.63848876953125,277.6632954251915,274.15529357193424,275.1023667763063,29306100,-0.0007737561334881,0.26674484759371453
2020-10-22,274.6288452148437,276.3683658100007,271.3817872909204,275.469600231149,32196200,-3.5114247987548265e-05,0.2385304972254152
2020-10-23,275.1699523925781,275.33425171273075,272.30944548904887,275.198942920618,24658500,0.0019683831787211,0.23854576692085513
2020-10-26,271.04345703125,275.71110865981484,267.4581576938372,272.88926582815265,38421100,-0.0151097494055054,0.23552444782314677
2020-10-27,273.15997314453125,273.9814110607586,270.7826605035529,272.03895649879405,30559100,0.0077784397062069,0.22651054071418952
2020-10-28,262.51031494140625,269.27504806427874,262.25904398800714,268.66621736451685,53413500,-0.0397672295042927,0.2665620047153752
2020-10-29,267.10064697265625,270.09643350878184,263.3606914892373,263.82456948123104,43246300,0.0173351660498186,0.27273969768220263
2020-10-30,260.3262939453125,265.9893284745817,258.093934109574,265.1195828683809,65838300,-0.0256897214211264,0.279799091421526
2020-11-02,260.9060974121094,264.3270982805242,257.9972527970859,262.7132427871416,39987400,0.0022247416528757,0.2631467815280087
2020-11-03,265.4190979003906,267.5161778902707,261.73715310709935,262.81950555662746,43604100,0.017149515684478,0.2593388959795362
2020-11-04,277.2670593261719,279.06453122410136,272.39644369620936,274.0586362806946,75728200,0.0436710765791122,0.29391936636438776
2020-11-05,284.4957580566406,285.4621487081591,282.1860702433984,283.6646467605456,52054200,0.0257371884655588,0.30092097996318484
2020-11-06,284.7082214355469,285.4330141333295,280.08887715468785,283.8384760965858,40959800,0.0007465281214759,0.30078026957838644
2020-11-09,278.8905944824219,289.0860306228483,278.4363898269844,287.6460889111584,86537100,-0.0206453009617914,0.30682578808529537
2020-11-10,273.8944396972656,277.0255358366532,271.1885282937829,275.58562326497946,69024900,-0.0180767948665662,0.29289239531987055
2020-11-11,280.0213317871094,280.49485371342126,273.8557554346704,276.4166844625286,36102900,0.0221230096429195,0.30443470418376495
2020-11-12,278.7069702148437,282.2536357652556,277.5956272140191,280.98766676986247,34414600,-0.0047048413050242,0.30354037872892375
2020-11-13,281.1518859863281,281.77038985322787,278.19473441594687,280.4174495092442,24806900,0.0087340989137241,0.3043306875289332
2020-11-16,283.3456115722656,283.6451901676568,280.24347787126,280.85230840121227,30168400,0.0077723520082722,0.3047074959324364
2020-11-17,282.4468994140625,283.8674944204936,281.8090782385329,283.53892523768616,21843500,-0.0031768285955966,0.2986589194471256
2020-11-18,280.3595275878906,283.5099699855039,280.2725559838451,281.89611440171944,28069600,-0.0074177596316077,0.30019161907144876
2020-11-19,282.5532531738281,282.8625052053879,279.14189596015774,279.8087077505035,22718400,0.0077942330202772,0.30103961113782474
2020-11-20,280.6205139160156,283.22010705207674,280.5335422989457,282.4759673973097,25907300,-0.0068637673079685,0.30236281168984486
2020-11-23,280.63006591796875,282.9107326467343,278.3880335632616,281.6157733104522,26875600,3.4038279147523505e-05,0.30236123846407476
2020-11-24,284.5730895996094,285.06595832691005,279.8957618384972,281.69323450433745,24516800,0.0139528154161043,0.2996775665654987
2020-11-25,286.3221740722656,286.9599953366419,284.6889717798242,285.63604508000066,23326800,0.0061275335657688,0.29935304461699763
2020-11-27,288.96044921875,290.08146580130943,287.8877403671693,288.2839640336523,17163100,0.0091721652483382,0.2579640838651299
2020-11-30,289.5498962402344,289.88813878949003,284.87257009285486,289.27930809920895,27836200,0.0020378104906605,0.25383701747190557
2020-12-01,293.2607727050781,294.8843307150965,290.71916166616165,291.8208606911067,27521300,0.0127345871026577,0.2314175624726248
2020-12-02,293.6376342773437,293.97587670668224,290.2552689677292,292.09140423742866,23620000,0.0012842482432337,0.2316169689965102
2020-12-03,294.0533447265625,295.5995756592862,293.3285517417141,293.94705591156435,22828700,0.0014147248584912,0.22814230389496093
2020-12-04,295.2515869140625,295.3965690688171,293.4251243782392,294.10157996888324,19332100,0.0040666343500389,0.17931800445726068
2020-12-07,296.9234313964844,297.2906644436841,295.2515654944041,295.435182018004,20851000,0.0056464689411808,0.1596351188286215
2020-12-08,297.9285583496094,298.228137068231,294.7008173711153,296.4499819508995,18341500,0.0033794218630449,0.15962769743346733
2020-12-09,291.1831359863281,297.9961776074339,290.1201004766501,297.7159455804409,48839300,-0.0229013181713325,0.1638251319832012
2020-12-10,292.3523864746094,293.47340277519385,288.071284471888,289.15363690227525,27519500,0.0040074751514105,0.14658793295479866
2020-12-11,291.7049865722656,291.83062205952194,288.438581871194,290.6999321661132,26760400,-0.0022169060690492,0.13012515277029238
2020-12-14,293.8213806152344,295.76380549706323,292.825999563861,292.8936244861092,28804800,0.0072290621852138,0.12900106689844684
2020-12-15,296.962158203125,296.962158203125,293.88901386267713,296.0730659271686,25709000,0.0106326834491523,0.13031534165561756
2020-12-16,298.5953063964844,299.3780802348846,296.31460979317626,297.35832790563893,25461900,0.0054844490551453,0.1294101643048315
2020-12-17,300.5474548339844,300.7793791237799,298.991580236775,300.1898950565834,23730500,0.0065164948053553,0.12840848082537284
2020-12-18,299.63897705078125,301.494459421742,297.2713089953816,301.1852074445999,41173400,-0.0030273209415121,0.1247882223449545
2020-12-21,299.07843017578125,299.610896440792,293.9279078078829,296.69677965849587,37095500,-0.0018724928723233,0.12476469704550616
2020-12-22,299.8917236328125,300.8114409536031,297.0744264140137,299.9788528813914,26176300,0.0027156410104125,0.11982116219795468
2020-12-23,298.3814392089844,300.2983418646353,298.22653291084043,299.94013397627043,21201300,-0.0050488229317386,0.1227513349714594
2020-12-24,299.6980895996094,300.1434267278117,298.5653797992365,298.64281817335035,16785000,0.0044029345738601,0.11622110247609119
2020-12-28,302.7186584472656,303.19306815724786,300.47256173105023,302.30236444379983,22497700,0.0100282542650248,0.1185320910354509
2020-12-29,302.98974609375,304.664642578281,302.08938102346127,304.0450174468872,25871900,0.0008951094703394,0.11624081439513925
2020-12-30,302.9994506835937,304.4710161192308,302.37982552415474,304.1515422088258,18138100,3.202892030475849e-05,0.11649597912100165
2020-12-31,303.744873046875,304.22894406507703,301.82797072381925,302.9025942024596,21611400,0.0024571230719914,0.11000285734924381
2021-01-04,299.4560546875,305.245555547764,295.4576227654511,305.0712675012697,45305900,-0.0142204377877268,0.12303305331985781
2021-01-05,301.9247436523437,302.1958517702346,298.468499238766,298.468499238766,29323400,0.0082101152503671,0.12559268519706887
2021-01-06,297.7424011230469,301.9441338882329,296.2321019556657,297.2195961665382,52809600,-0.0139491062045046,0.13562147517839912
2021-01-07,304.9454040527344,305.7779920626543,300.36608136211987,300.39512444280655,30394800,0.0239040705662349,0.15750270487363088
2021-01-08,308.8663635253906,309.2149100343032,305.042190529325,307.2302010628528,33955800,0.0127759453720729,0.16237691670597404
2021-01-11,304.4033508300781,307.0850946807062,303.75468241269584,305.9136506323896,32746400,-0.0145550689406103,0.1484060046018474
2021-01-12,303.9191589355469,305.52624870479366,301.28581143319,304.44193435888496,29266800,-0.0015918924222215,0.14877314529617017
2021-01-13,305.9716186523437,306.7654726708281,303.5803066312761,304.1805499689339,22898400,0.0067306066608393,0.14892167849042198
2021-01-14,304.33544921875,307.4141337446142,303.861039539168,306.41694864804754,23500100,-0.0053618037200319,0.15002587952306898
2021-01-15,301.9247436523437,305.08089596114627,300.6855230999575,304.1224448556124,35118700,-0.0079527513117788,0.14985679788893316
2021-01-19,306.32989501953125,306.83331835673874,303.1446987219593,304.2387041994004,24537000,0.0144848164147285,0.15650580346126586
2021-01-20,313.4553527832031,314.3944517891422,306.42666132440587,309.9410218264804,30728100,0.0229943250347082,0.17306801343612016
2021-01-21,315.9628601074219,316.7083484771748,313.4166710531678,314.791416370408,25130600,0.0079677408075789,0.17323281911231395
2021-01-22,315.05279541015625,316.0596418583159,314.36539328964204,314.9269322177987,21609400,-0.0028844461156815,0.1735916632765197
2021-01-25,317.65704345703125,319.7966584555106,311.1705100697358,318.4315747501509,39080600,0.0082320918493501,0.17473494163592176
2021-01-26,318.1217956542969,319.25453486339853,316.7954457605857,318.3735220441752,25498100,0.0014619935469898,0.17251948217471563
2021-01-27,309.253662109375,315.87575134585563,307.24960062396013,315.8660900145018,55264000,-0.0282724615462954,0.20362115135967546
2021-01-28,311.0833740234375,316.0209038070122,309.83446265307134,310.4540876739916,42836300,0.0058991068195712,0.20193613991808546
2021-01-29,304.5387878417969,310.50254694314407,302.79614381568024,309.39885072667784,55259000,-0.0212624988154635,0.21655174616763198
2021-02-01,312.1484375,313.2327520936289,305.952303458652,307.97571721736244,35646000,0.0246803747765352,0.23249561627483947
2021-02-02,317.24072265625,318.3928138516619,314.9462311386911,315.11082825746934,33930800,0.0161820272716617,0.2380642417417265
2021-02-03,315.9822082519531,319.68051798841714,315.9241220923521,319.31261928071063,24824500,-0.0039749541589174,0.23179349130172952
2021-02-04,319.71923828125,319.8063675249799,316.0596623178328,317.3763509400177,22350900,0.0117573212975472,0.2332047468497236
2021-02-05,320.8035583496094,321.81043442600395,319.0318712719076,320.6680338165414,22732000,0.0033857377438532,0.22517924023202948
2021-02-08,322.9528503417969,323.1077566336111,320.85199838952866,322.4881610117084,20462800,0.0066773703502951,0.2131475464535326
2021-02-09,322.8851013183594,324.1436743085384,322.01374973785425,322.02344061397,17597500,-0.0002098019279042,0.2101634310481871
2021-02-10,322.1492614746094,324.7729181112913,319.00279986741936,324.317890173976,28068700,-0.0022815533726424,0.20204160274186178
2021-02-11,323.9209289550781,324.3275615844806,321.5393079695732,323.6788934613584,22046100,0.0054844564803685,0.2016350332173199
2021-02-12,325.7313842773437,325.89595187020984,322.0330747855263,323.0786551345279,20346800,0.0055736275304557,0.20140755927354842
2021-02-16,324.8503112792969,327.4158811673537,323.6885292888763,326.5251777019855,27080800,-0.0027085715528737,0.2002292017594129
2021-02-17,323.2916564941406,324.96655281909017,319.6514626027675,321.87817742268214,31360300,-0.0048096184702627,0.19832882977636662
2021-02-18,321.8782653808594,323.2336586653351,317.899185241931,319.7096361256982,32236200,-0.004381460841413,0.19561970244519708
2021-02-19,320.4743957519531,323.34977904654954,319.4578583383026,323.223915842976,39157700,-0.0043710315190861,0.18172019906506903
2021-02-22,312.1677551269531,317.35698283456264,311.96445354950856,316.0984098661009,47256900,-0.026261664717912,0.20277787331352318
2021-02-23,311.2383728027344,312.90357860980123,301.0922316590529,306.9010850029575,97241900,-0.002981629378047,0.20279209568376771
2021-02-24,313.8038635253906,314.11367604871,305.89413057856177,308.5855640910335,58206300,0.0082090616621377,0.20277950146173684
2021-02-25,302.8638916015625,313.70709534994387,301.32454914976546,311.15121547282814,110182600,-0.0354846503336728,0.23579206819153442
2021-02-26,304.1322326660156,308.9438714759192,300.97607935125205,305.7877477065135,104739800,0.004179080754157,0.2168606295887558
2021-03-01,313.2811584472656,313.62001415607585,307.81116044626947,309.09877668531914,49164500,0.0296384744301549,0.24040793362548987
2021-03-02,308.2564697265625,313.99754586595145,308.0047728460935,313.9201074901199,48370000,-0.0161689267431035,0.23523406430321828
2021-03-03,299.3107604980469,308.1014761600481,299.2526743462873,307.1623773128053,86301100,-0.0294497639660293,0.2400376876660932
2021-03-04,294.4119873046875,302.0990371273131,290.5490806444042,298.9428847614246,139131600,-0.0165022626550364,0.23550342687061718
2021-03-05,298.8461303710937,299.746495535747,287.9739122589407,297.0260182885546,121523700,0.0149487230152067,0.244048047272317
2021-03-08,290.3845520019531,300.18214560216165,289.9682579781333,298.30394751172685,88409800,-0.0287227408377385,0.2540098413921969
2021-03-09,301.83758544921875,303.73516482023393,297.1421209339256,297.6745871535942,80391100,0.0386829902345384,0.29421016724915083
2021-03-10,300.9759826660156,306.3878927743234,300.2886101347486,306.0877711249526,76798100,-0.0028586064266002,0.29214530428040836
2021-03-11,307.90789794921875,309.66989398051334,304.8195225253842,305.7101966431199,53484800,0.0227702358639118,0.30579047491474454
2021-03-12,305.4100646972656,308.09183692565364,301.46974924205045,303.8610316001151,69315600,-0.0081453575937685,0.30646917906656834
2021-03-15,308.67266845703125,308.83726557970624,304.0933761867674,305.72953835863865,42955700,0.0106260420060479,0.308675269665256
2021-03-16,310.36700439453125,313.8717038740802,308.93417288948405,310.8607663565972,54925900,0.0054740923491641,0.30864348602248304
2021-03-17,311.6449584960937,313.53284754502164,305.62311301915645,307.3367435684353,78258700,0.0041091039271423,0.30943257570547006
2021-03-18,302.0990600585937,307.7530062068756,301.6440321034834,306.7751732608116,82718100,-0.0311096092813062,0.32546378915828567
2021-03-19,303.1640319824219,304.70337437905994,299.7948868313532,301.93447260393606,78446200,0.0035190416757678,0.32626087807479476
2021-03-22,308.8492736816406,310.9140252313107,305.55343960948335,305.55343960948335,56194800,0.0185793517476526,0.3344973453387419
2021-03-23,307.5018920898437,311.2533289990368,306.6876292367578,309.93500711765904,53455400,-0.0043721300873498,0.32268016552197154
2021-03-24,302.3158569335937,308.90755666394017,302.17045810055293,308.86877378090526,64803700,-0.0170088856598993,0.3275425640003347
2021-03-25,301.7923583984375,303.3045948439506,297.97308794522104,300.4740363467963,78729000,-0.0017331287769563,0.3256785983591479
2021-03-26,306.3192138671875,306.63909116909616,300.1831489602057,301.5790067693761,63519600,0.0148885148595711,0.30631827026184133
2021-03-29,306.2320861816406,307.2789873156319,302.8974683731191,305.78618658592865,54608000,-0.000284474740736,0.30604028445977133
2021-03-30,304.69073486328125,305.2626565150045,301.9959020456259,304.2739151212453,44635700,-0.0050459879243388,0.28718934441456245
2021-03-31,309.3534851074219,310.9141486986145,306.13518591707657,306.4744696142369,55032500,0.015187309694615,0.28730846135219457
2021-04-01,314.6268005371094,314.76249625213046,312.92070869566726,313.17275305842713,55685600,0.0169025884251887,0.2715352316435103
2021-04-05,320.90826416015625,321.67407077598705,316.86602876786066,317.10837001238053,42172500,0.0197681246113958,0.2688168496873288
2021-04-06,320.6852111816406,322.63361395462925,319.9097017348511,320.5979719156257,33537200,-0.0006953094009665,0.2663153232981007
2021-04-07,321.4607849121094,322.2944541130064,319.2797138768823,320.2102959020985,32046400,0.0024155693948347,0.23955208693097474
2021-04-08,324.8148193359375,324.9990010571739,323.5158737532568,324.31076017304844,29940800,0.0103796724329236,0.20702859836288023
2021-04-09,326.78253173828125,326.98611963222544,322.72092071316445,323.4576177958282,36664900,0.0060396758229973,0.20588003746830943
2021-04-12,326.3560791015625,326.7728988898223,324.4755089142188,325.7453745090264,25833000,-0.0013058566443392,0.19468979122533725
2021-04-13,330.1656188964844,330.6308950141686,327.66464143328113,327.8779028481073,30374000,0.0116053515474232,0.19274853455965196
2021-04-14,326.20098876953125,330.53405101338524,325.3867258114292,330.40802884439285,42564300,-0.0120806826489843,0.19845026772036334
2021-04-15,331.1447448730469,331.5325145174306,325.9198831991519,329.070319272412,36342800,0.0150418541220572,0.20289583299508926
2021-04-16,331.5325012207031,331.7457626834928,329.6616044678657,331.6681969246588,40860100,0.0011702722379433,0.20296445352267392
2021-04-19,328.4983215332031,331.1155885314801,326.57896873500243,329.96207172902274,34533100,-0.0091941192944294,0.16778037802601262
2021-04-20,326.10406494140625,329.1187757229305,324.1362552848905,327.8392364774025,38081800,-0.007315180384364,0.17229982468472319
2021-04-21,328.8957214355469,329.07990307505,323.7386946947796,324.82437830701275,36598100,0.0085241963619241,0.1645382058091801
2021-04-22,324.9310607910156,329.48705715270165,323.7775144260137,328.5080189173388,45936100,-0.0121277052152626,0.17098062194966662
2021-04-23,329.0218200683594,330.33043890861984,325.5611805627224,325.5611805627224,36381900,0.0125110317764249,0.15838419529526301
2021-04-26,331.16412353515625,331.4452476291295,328.5177468041697,329.264176683064,30812000,0.006490023021861,0.15717037395238392
2021-04-27,329.7294921875,331.6682221484233,328.7795334395574,331.4549606694149,33187200,-0.0043414963223243,0.15513964408959532
2021-04-28,328.6146850585937,330.4080159525857,327.9651975909243,329.3998682226513,33615700,-0.0033867032867725,0.15646146486291604
2021-04-29,329.7973937988281,332.2983427275103,326.5790945836386,331.88152283650913,37708900,0.0035926133505192,0.15344690484213078
2021-04-30,327.6355895996094,329.8360665634626,326.7243843479342,327.35449511543897,38263400,-0.006576524285903,0.1515533299372689
2021-05-03,325.89080810546875,329.58408623460167,325.4449085072404,328.83768586553776,29729700,-0.0053396026412181,0.14478792713843278
2021-05-04,320.0261535644531,323.66127206756664,316.21652689036085,323.34136507299735,65147000,-0.0181596584555475,0.14468139079673897
2021-05-05,318.9501342773437,322.9342394294813,318.17465418454293,322.0714904622713,46219300,-0.0033679506570078,0.14510831288971612
2021-05-06,321.3541259765625,321.50922789045813,316.449142582441,318.6883728457284,46814300,0.007508939558969,0.14734631346995172
2021-05-07,323.9617614746094,326.33668773045906,321.52864610869307,324.126536941346,53324500,0.008081777442366,0.14550714646212246
2021-05-10,315.78033447265625,322.7597443386134,315.57674653434634,322.5852657480653,60700500,-0.0255786608989411,0.16809781973268192
2021-05-11,315.3441162109375,316.13900258664955,309.2468022628767,309.90599292569743,71963600,-0.0013823528171357,0.16809616505671407
2021-05-12,307.1820373535156,312.7364789358394,306.31928844902643,310.4197123587213,91164900,-0.026223947563804,0.18112829479092443
2021-05-13,309.5570068359375,312.52326128582257,307.19175393590643,310.1192550864064,69877800,0.0077017378562672,0.18219225413653706
2021-05-14,316.3910217285156,317.30219751217567,312.2130318222759,312.7171204997074,44370000,0.0218365938950612,0.1917045592510631
2021-05-17,314.4716796875,316.37162666229653,311.6023677851809,314.68494115486175,39395000,-0.0060848357612835,0.19175901795339725
2021-05-18,312.3487854003906,316.64306516691926,312.07736438898337,315.4216854069224,36528500,-0.0067735580507269,0.19087814269923184
2021-05-19,312.7073974609375,313.00789819210576,306.610084387319,306.9590711096651,66319100,0.0011474555719218,0.1903832203579822
2021-05-20,318.7563171386719,319.60936317146644,313.96768069580344,314.1906157389141,46466100,0.019158993831848,0.20105410702800428
2021-05-21,316.99200439453125,320.7240353459111,316.6333441385424,320.30721556639253,50330400,-0.0055503639215203,0.1979365808776222
2021-05-24,322.32354736328125,323.4480142495234,316.8853946382542,319.2797272359701,32475800,0.0166792957123252,0.2020526538196259
2021-05-25,322.7694396972656,324.5530676062325,321.5965164232101,323.83574702943866,31280300,0.001382412811607,0.2004418103459189
2021-05-26,323.89385986328125,324.3591360264829,322.7500165185231,323.4382572317026,25444900,0.0034776097545231,0.20073873575218606
2021-05-27,322.68212890625,324.2912778723172,322.4785706006059,323.4479353091286,27931700,-0.0037481514831212,0.20080017529523847
2021-05-28,323.699951171875,325.2897234992017,323.38007383329324,323.8841328337644,29927400,0.0031492924640967,0.2006819410213435
2021-06-01,322.6240234375,325.5030382874219,321.27659206724854,325.0280293844596,31145400,-0.0033293789817782,0.19983578398803017
2021-06-02,323.2541198730469,324.0974626171343,321.53835462068525,323.0408584081203,22047900,0.0019511316243365,0.19931389828222676
2021-06-03,319.8904113769531,321.6934158595787,318.2231025949544,320.4235502295139,37057800,-0.0104602900385755,0.19232534495279563
2021-06-04,325.3188171386719,325.7647166420639,321.61583668105953,321.6836993136331,38736500,0.0168272046062915,0.20044809999441474
2021-06-07,326.2882080078125,326.346367531055,324.09743402345566,324.78567477026974,32611900,0.0029753871486727,0.19918778620912309
2021-06-08,326.4433288574219,328.8958208385621,324.7663169529208,328.0330718893326,27282800,0.0004752975573223,0.19738292236228
2021-06-09,326.52081298828125,328.5855646020038,326.3366313224689,327.81008464896746,21485300,0.0002373304328902,0.17343781240414297
2021-06-10,329.9232482910156,330.02986419758594,326.4141531641101,326.86005259799856,33702100,0.0103663540354818,0.1756594478317852
2021-06-11,330.7860717773437,330.795774892879,329.28356800283944,329.9330259249789,21222800,0.0026118111266302,0.1421774664631349
2021-06-14,333.95587158203125,333.9655451136697,330.02992645276777,331.21255267389915,27827700,0.0095370056363687,0.1429965224034334
2021-06-15,331.77490234375,333.9171908912527,331.0575520670416,333.6069869652531,35963800,-0.0065521292576105,0.13069712923836221
2021-06-16,330.5630798339844,333.3063690349668,327.11214372222906,332.24006190320773,55399500,-0.0036592310710311,0.12900469055895827
2021-06-17,334.76043701171875,335.76858468846024,329.5064963536992,329.5549527607095,59722700,0.0126176597042342,0.12916368307965573
2021-06-18,332.13348388671875,334.2466921636833,331.3870540179676,333.10284873846405,55414900,-0.0078782145998402,0.1347232043508634
2021-06-21,334.1976623535156,334.51794039002993,330.1119109228464,332.32462521783617,32992600,0.0061956733719144,0.12184285255811349
2021-06-22,337.3129577636719,337.75937452860774,333.69302217724,333.9938714771948,28941600,0.0092785360849507,0.12070020780483262
2021-06-23,337.4779052734375,338.6231050395058,336.6432987767399,337.25471171207795,27188500,0.0004888848444348,0.11007338275606408
2021-06-24,339.5645446777344,341.0881905012289,338.86579113679346,339.4092628223047,32581600,0.0061640034867964,0.11087589742572002
2021-06-25,339.14715576171875,340.3699816607992,338.5454571818476,340.1273593549169,28682800,-0.0012299448156351,0.11150515956600451
2021-06-28,343.271728515625,343.40761122051816,340.36997526919714,340.428202252157,39130300,0.0120882439636429,0.11433538598630569
2021-06-29,344.5140075683594,344.5431210644073,342.2624947676922,343.0971013990546,29426000,0.0036124052549592,0.11435704177399324
2021-06-30,343.9704895019531,344.7468986534807,343.3881900425526,344.3586792692265,32724000,-0.0015788828408747,0.11329842120869289
2021-07-01,344.1063537597656,344.6109974684653,342.2721150035482,343.6211091724462,29290000,0.0003949101351359,0.11361655816324934
2021-07-02,348.05633544921875,348.37658392233686,345.7659650458484,345.998873026298,32727200,0.0114135726503801,0.10603547780738842
2021-07-06,349.560546875,349.84199706760444,345.9697245818565,348.65799892493936,38842400,0.0043124350773527,0.09530691158313002
2021-07-07,350.2982177734375,352.0548015038904,348.3475242846067,351.7539521102984,35265200,0.0021080572506263,0.09540547939157942
2021-07-08,348.1824645996094,349.03649999370606,343.96085948535847,345.241882959518,50890000,-0.0060581765485036,0.10046326613688365
2021-07-09,350.3563537597656,350.83188404216685,347.01786817849813,347.60016768536724,35184500,0.0062241241889632,0.10047690838978346
2021-07-12,351.7247619628906,352.1808931403898,350.18165783912826,351.753875458604,25717700,0.0038981533765691,0.09723597867980378
2021-07-13,351.7247619628906,354.68474262269365,350.8707265993189,351.3462569016323,39723000,0.0,0.09780257301580073
2021-07-14,352.35552978515625,354.7040971225229,351.5306080210806,354.06357068042814,35336400,0.0017917501694285,0.09483792275490255
2021-07-15,349.8807678222656,352.47198710735233,347.8815623704829,352.2681926610586,53391600,-0.007048260582403,0.09545173399573184
2021-07-16,347.0469970703125,351.7150484688974,346.6976055038964,350.7348447491291,47262000,-0.0081322240606544,0.10024371634121064
2021-07-19,344.20343017578125,344.69835954632407,341.65103874777697,343.6017019715255,64404600,-0.0082273596438779,0.09925846874290613
2021-07-20,348.2018737792969,349.6478933984783,343.3591119000733,345.13512395324045,42183700,0.0115495592751316,0.09937789486235356
2021-07-21,350.8900451660156,350.8900451660156,347.551560211411,347.77478337195515,30259900,0.0076905041037495,0.10025677445980244
2021-07-22,353.2095642089844,353.219248961658,351.09387519602745,351.09387519602745,30252200,0.0065886343436592,0.09831899697315681
2021-07-23,357.3341064453125,357.61552696637267,353.1804141892483,354.5293786675399,31960800,0.0116096694223737,0.1033109603990318
2021-07-26,357.61553955078125,358.00375890669227,355.78133044710984,356.645050394961,28438100,0.0007872809549066,0.10273146884615698
2021-07-27,353.67535400390625,357.353516177006,349.531375993439,357.353516177006,57933100,-0.0110790842003825,0.11240662083310768
2021-07-28,355.0341491699219,356.60636698689643,352.52058500097,354.810955547077,42066200,0.0038345664193741,0.10655470066768476
2021-07-29,355.6649475097656,356.8295169591154,354.47123494762224,354.47123494762224,25672500,0.0017751493098444,0.10630823263690438
2021-07-30,353.811279296875,354.3935787806666,351.7150189254144,351.7441324187549,36484600,-0.005225467354074,0.10837662404714182
2021-08-02,353.8403625488281,356.0530767045384,353.1318947821172,355.4707772705137,27334100,8.219652227093036e-05,0.1084165080967
2021-08-03,355.9851989746094,356.10165295883087,351.3171475328276,354.5003514418158,35558500,0.0060432959018295,0.10361164488420055
2021-08-04,356.4996032714844,357.4506936273146,354.84007454765805,355.9464171578794,29602200,0.0014439729370607,0.10295590455531023
2021-08-05,358.76080322265625,358.9937111841423,356.6063157279587,357.31475398314,21443900,0.0063227531222884,0.104582814477434
2021-08-06,357.18865966796875,358.46971295564015,356.08231700460897,357.49922342564486,33332100,-0.00439177948472,0.1032896462662498
2021-08-09,357.8485717773437,358.3726147359281,356.5481195184718,357.6447476764634,25960200,0.0018458124072852,0.10171642088739924
2021-08-10,356.01434326171875,358.6540757279893,354.83034495809034,358.36294074225583,35130800,-0.0051388929542086,0.10328585357492183
2021-08-11,355.4028015136719,357.7707972636796,354.0732361984988,357.2758679671043,34249800,-0.0017192217060468,0.10357820655267559
2021-08-12,356.6839294433594,357.04300574382904,353.5492383580731,354.89823269441365,25969200,0.0035982395297006,0.10405105159628544
2021-08-13,357.9358825683594,358.26584538723085,356.53837556079554,357.0333345975948,19336200,0.0035038334644318,0.10066756245119439
2021-08-16,358.0911865234375,358.1299847748878,352.9670037183403,356.8198477892723,34856900,0.0004337935371926,0.09500029814244605
2021-08-17,354.93701171875,356.3150897426544,352.5107888148548,355.34460058109624,44793900,-0.0088473229723272,0.09582020566709228
2021-08-18,351.5208740234375,355.80073481778976,351.1909112596276,354.4032280434307,38541900,-0.0096712469094669,0.09586999702486845
2021-08-19,353.2193298339844,354.88857286276215,349.3373720570117,349.5897087899509,48499400,0.0048200999166854,0.09362861405892617
2021-08-20,356.8780212402344,357.2759253852955,353.9762382539555,354.28680192087853,39486000,0.0103048512348774,0.09756819334981216
2021-08-23,362.2157287597656,362.9047678636542,357.9067539381562,357.9164386915184,34034700,0.014845923930542,0.10272252260562181
2021-08-24,363.3220520019531,363.923750591973,362.341848392222,362.8076938894864,21732900,0.0030496664101192,0.10306010166890855
2021-08-25,363.7392883300781,364.3119029391863,362.827026243094,363.5743217751628,20441900,0.0011477336251609,0.09364511256918329
2021-08-26,361.4296569824219,363.5647157835541,360.9929249278574,362.88539100832384,29133300,-0.0063699339918657,0.09683231970228162
2021-08-27,364.9427795410156,365.4474232801606,361.57518071717175,362.0604253337661,27104700,0.0096731367418461,0.10153391379070607
2021-08-30,369.0383605957031,369.52360536391205,365.7095589768772,365.7289877224793,27295700,0.0111600239789149,0.10424460115581845
2021-08-31,368.7374267578125,369.3488101474605,367.19432268536974,369.2808984043775,29628200,-0.0008157867464303,0.10449956570814847
2021-09-01,369.3488464355469,371.41599361649696,369.14505195230834,369.7952928881464,28138300,0.0016567705966014,0.1034413106926417
2021-09-02,369.1741027832031,371.0277407947319,367.96099122725343,370.6977780055514,25453400,-0.0004732247137063,0.10372672446589397
2021-09-03,370.3095703125,370.7074744376355,368.0095156524316,368.0289147742748,24605400,0.0030709763122052,0.1024906205109121
2021-09-07,370.8336486816406,371.4838895379319,369.26146076930337,370.4163453946835,23970200,0.0014142434095314,0.10022739763118732
2021-09-08,369.5428771972656,370.6589338563036,367.28165038780526,370.6589338563036,32949200,-0.0034868009641054,0.10187555630723298
2021-09-09,368.2715148925781,370.87241867795257,368.0288926077415,369.766076459926,29399000,-0.0034462964578738,0.10064045825725251
2021-09-10,365.47662353515625,370.697861587929,365.14666067157793,369.9797088623168,40249400,-0.0076181586790897,0.10507735312717405
2021-09-13,365.2242736816406,368.232796834094,363.1765552031788,367.80577911609487,48741800,-0.0006907063191226,0.10496162084978716
2021-09-14,364.1859130859375,367.4370293408836,363.2348226776815,366.7091621882257,41826600,-0.0028471258448638,0.10545386844287032
2021-09-15,366.8935241699219,367.2429157722262,362.3516406588792,364.6420111582431,34097900,0.0074071935982827,0.10786765895788822
2021-09-16,367.145751953125,367.718337003804,363.6423002997389,365.5638498827343,35193100,0.0006872324174867,0.10160082046329483
2021-09-17,362.7980346679688,366.718820085904,361.7596335323379,366.6703074633272,60912300,-0.0119126123962545,0.10497726620741994
2021-09-20,355.3013916015625,358.7504360667191,350.66700680296344,357.0113261247993,76203200,-0.0208798813900113,0.12960805521820612
2021-09-21,355.7386169433594,358.3229841141822,354.61159767451653,357.12794816062376,41927500,0.0012298193959538,0.12447449906374068
2021-09-22,359.0614013671875,360.5187493428805,355.55403515444647,356.6519087067731,46972900,0.0092971692027615,0.11732939702317959
2021-09-23,362.3744201660156,363.40427696626887,359.5763074823771,360.2175441098625,44652000,0.0091845788342117,0.12146481908816174
2021-09-24,362.7144775390625,363.1322731716639,359.7414899525931,360.1106895280067,36056800,0.0009379743616401,0.12143931010496535
2021-09-27,359.81915283203125,360.6935555215144,357.2736569282808,359.6734239920865,43338100,-0.0080144095242638,0.12263101159994493
2021-09-28,349.6371765136719,359.77059480277074,349.1319732652067,355.2722726687899,97701600,-0.028705573714383,0.1521594058603296
2021-09-29,349.06396484375,353.0376631925343,348.44217849629433,350.9002374139958,58076600,-0.0016407925065308,0.14443224610534727
2021-09-30,347.7815246582031,352.3673142998109,346.9459926884588,350.7059458519513,61384600,-0.0036807058456957,0.14431479424994104
2021-10-01,349.9384155273437,350.9779976120067,344.3033481176545,348.4033552549904,56375500,0.006182703447766,0.14689896441627948
2021-10-04,342.5933532714844,348.6559112896858,340.3587649288273,348.3255826438038,76766000,-0.0212129985056043,0.16013975950580453
2021-10-05,347.2179870605469,349.4623003725709,343.4288885889361,343.6523296162224,47232900,0.013408602634585,0.16927527852883612
2021-10-06,349.4428405761719,349.7148776244176,343.1082170030285,344.0117654507929,56806500,0.0063872145273964,0.17179158164594827
2021-10-07,352.6490478515625,355.291706576554,351.94951966995245,352.48386870945467,39411200,0.0091333616474857,0.17667608681596988
2021-10-08,350.89044189453125,353.9605910531941,350.3560633197142,353.7273952760795,41822300,-0.0049993202810286,0.17689276881345375
2021-10-11,348.1993408203125,352.8725680610117,348.1118738417442,349.35547637804586,34847200,-0.007698909162339,0.17692356370044093
2021-10-12,346.9848327636719,350.0840986793097,346.3435961311823,349.64691210021607,43905100,-0.003494064848997,0.17686757023491836
2021-10-13,349.7635192871094,350.4339017377287,347.266589269575,349.2874617626891,40120800,0.0079761975664522,0.18049017669563677
2021-10-14,356.2049255371094,356.4186710500105,352.6878645383114,353.34852170552784,43433900,0.0182489318265675,0.19114564464639736
2021-10-15,358.44927978515625,358.56586286925926,356.3895662331551,357.4194230091557,40419900,0.0062809722793393,0.19289237501623618
2021-10-18,362.05377197265625,362.2675175062636,356.5547092896847,357.1570749799005,34513500,0.0100055711063774,0.1924137698779531
2021-10-19,364.7935791015625,364.8421455006068,362.1023542285122,363.1224858069732,29091000,0.0075389147427172,0.17841362783994577
2021-10-20,364.3175659179688,365.8623511829623,362.8407676899348,365.2502603015872,31390300,-0.001305735770127,0.17863429448730592
2021-10-21,366.54241943359375,366.7367443478896,363.2196828077956,363.5208656700808,25469300,0.0060883354753409,0.17712632709962645
2021-10-22,363.4626159667969,366.25100387400335,361.8012474626446,365.28916363209765,36275800,-0.0084378095768113,0.17736307032672524
2021-10-25,367.1837158203125,368.09698969643966,362.9379796354576,364.8811104953325,32597800,0.0101858638417647,0.18074638823640052
2021-10-26,368.3398742675781,371.8277905388129,367.1642884209636,369.4183272928476,47191300,0.0031437724501794,0.17817350959491454
2021-10-27,369.19476318359375,372.2551875273893,368.5243808468804,368.7866927678403,45760500,0.0023182349830589,0.141358359565539
2021-10-28,373.2947998046875,373.5474162564544,370.3218125255012,371.0893573713803,38007000,0.0110441371834953,0.1433878495799552
2021-10-29,375.1310424804688,375.29622161802354,369.8749005973432,370.2246498535982,37310100,0.0049069560576032,0.1412688826371549
2021-11-01,376.41351318359375,376.539821408552,373.48912197799297,375.5682561701875,30765300,0.0034128966494302,0.1409575261352417
2021-11-02,377.9874572753906,378.46354442062784,375.7528690093416,375.8014354130221,25135300,0.0041727050657466,0.10867459845008227
2021-11-03,382.0000915527344,382.4178575748496,377.43375178694737,378.4733042710766,33748900,0.010559835015467,0.10621234770293672
2021-11-04,386.8967590332031,387.8489037604016,382.7190398431017,383.26311407298033,40265300,0.0127370366422488,0.10981581346785552
2021-11-05,387.265869140625,389.5878943977676,385.866812972796,388.664925308454,43383800,0.0009535726007904,0.10944940728158224
2021-11-08,386.7413024902344,388.25694207068057,386.10006579853456,387.23681030878,29256300,-0.0013554570291623,0.10616023729153674
2021-11-09,384.0791931152344,388.20834554996304,382.7190076549346,387.8100002276933,50490700,-0.0069072370915277,0.10503096753544824
2021-11-10,378.4343566894531,384.1179891815818,376.51064698992576,381.3101812742508,54937400,-0.0148061357057382,0.12204257973200613
2021-11-11,379.4836730957031,381.5822576249606,379.143619323171,381.4073829933105,32243000,0.0027689460744944,0.12130649409379217
2021-11-12,383.4767761230469,384.011125095005,379.03671627670747,380.6300677029674,34730600,0.010467487511723,0.11236072086684683
2021-11-15,383.389404296875,384.9730606264677,380.950795329976,384.65245709370566,33716900,-0.0002278672049459,0.11260239774517862
2021-11-16,386.1195983886719,386.6150766630146,382.4665023905142,382.66079771286286,27872900,0.0070959677880988,0.11082470349256618
2021-11-17,386.3234558105469,388.3540234185503,385.36161579881247,386.4400388847189,28703300,0.0005278251270423,0.10991561120617632
2021-11-18,390.326416015625,390.83161937112976,386.1486964782499,388.3638644982697,45721500,0.0103083662207291,0.11188719196870842
2021-11-19,392.5026550292969,393.77540319697215,391.1327444019126,391.9585808347099,45191700,0.0055599483982931,0.11173517421317482
2021-11-22,387.9459838867188,397.0884162450373,387.8391259434944,394.0377168454007,61715400,-0.0116771884605267,0.11647090363606814
2021-11-23,386.1777648925781,388.8495693207287,381.7474297400668,386.7898260920888,70098700,-0.0045683188820578,0.11638181711683146
2021-11-24,387.4212951660156,387.7030276872613,381.3781592701284,383.7001843597255,46954400,0.0032149246520808,0.11638779441065872
2021-11-26,380.0762939453125,386.2360133638719,378.6869332637484,384.8466526823077,51533300,-0.0191407128065152,0.13827117420064036
2021-11-29,388.3248901367188,389.3353262283927,383.9042804165969,384.6329543034181,54447100,0.021470328849705,0.15153115887136379
2021-11-30,382.6218566894531,389.7822882650103,380.6107093860575,387.440812314893,81332700,-0.0147951528469617,0.16160681178902578
2021-12-01,376.1123352050781,389.09246237572006,375.6460028605043,386.9550069636954,77766500,-0.0171593194990034,0.1729570471256127
2021-12-02,378.8229675292969,380.6009186906761,373.4113425801996,374.8298193835273,84416600,0.0071811291988086,0.17418949323701124
2021-12-03,372.2357482910156,381.18385472314816,368.1260171691823,380.1831438379026,105349100,-0.017541606296027,0.18004086908197525
2021-12-06,375.2184448242188,376.5786300028786,368.5146220690145,372.7215154588637,67588800,0.0079809903880792,0.1761017026357518
2021-12-07,386.517822265625,387.1299131676193,381.8154496254589,381.8543205406165,56005300,0.0296696030034439,0.206526851121709
2021-12-08,388.2471618652344,388.451211908532,384.9535711997848,386.8481352315529,39204000,0.0044641730253884,0.2070615266167946
2021-12-09,382.534423828125,388.8204526297621,382.3400989043438,387.0230508591578,49973700,-0.014823505778467,0.2122294150988944
2021-12-10,386.6927490234375,386.95506100389343,382.1749462557162,385.34225890409687,52545800,0.010811801374932,0.20852370160454112
2021-12-13,381.1061706542969,387.0035488196658,380.736971138381,386.6829453531064,50166400,-0.0145524480863373,0.21522680428402957
2021-12-14,377.1616821289063,378.9979252293101,372.72162134697993,376.2872495908056,75199200,-0.0104040388668928,0.21482871151400207
2021-12-15,385.7600402832031,386.11954439644194,372.9645402349824,376.9090934899984,73858000,0.0225415582833273,0.22955542826222064
2021-12-16,375.8403015136719,387.1493353687728,374.2566453963507,386.72184428250864,82591400,-0.0260511957086902,0.24535358470019614
2021-12-17,373.9652099609375,378.1235083343343,370.91448063171447,372.4301201552073,80492500,-0.005001551556778,0.24558640915317517
2021-12-20,370.3375854492188,371.1255560766206,367.20514837555993,369.2480472823268,65336800,-0.0097477888262638,0.24320195016942567
2021-12-21,378.62591552734375,378.9372206550842,369.8609513266037,373.6062316713703,48899500,0.0221337046097381,0.2565367971878945
2021-12-22,383.2370910644531,383.441372094784,377.6726372993004,378.3341385226449,37042200,0.0121051470018413,0.2581225537747414
2021-12-23,386.1262512207031,387.5951683998454,383.4218511634269,383.58721159285807,29595500,0.0075105573102769,0.2591611786238554
2021-12-27,392.5078430175781,392.5078430175781,387.39087307820034,387.4200560757079,32820700,0.016392127544674,0.26517514149978155
2021-12-28,390.6886901855469,393.5779258347806,389.8131705286223,393.4028278409336,33113700,-0.0046454651582427,0.25616516195835265
2021-12-29,390.6302795410156,392.0894886983413,388.2566302700842,390.8248526370669,32248500,-0.0001495180506381,0.24545183631777906
2021-12-30,389.4629821777344,392.59541944240806,388.8792924991095,390.4163132880544,23850100,-0.002992714568346,0.2396538036505815
2021-12-31,387.0309143066406,390.1536135870628,386.5347736936786,388.7916909793776,34752900,-0.0062642496872902,0.23219709724253215
2022-01-03,390.7567138671875,391.0096529317205,386.0872568596611,388.1982292919003,40575900,0.0095805793870421,0.23310169080913545
2022-01-04,385.6885070800781,391.34050919275626,382.5949902342351,391.30158862899646,58027200,-0.0130550839481807,0.2289709563298757
2022-01-05,373.8396911621094,385.124248665014,373.5867520579978,384.0054978200209,75739800,-0.031202994938909,0.25424586236065777
2022-01-06,373.5770568847656,376.8165184216376,369.7928558939074,372.0205905872242,70814300,-0.0007027787077012,0.22993026210939504
2022-01-07,369.53021240234375,375.2697937191011,367.7597273766498,373.58682801623934,72652300,-0.0108917908797447,0.2309601221758617
2022-01-10,369.7732849121094,370.28890060692953,359.2669916887858,364.6271624010825,91770500,0.0006575716722762,0.22661299141431993
2022-01-11,375.328125,375.4934854420192,366.96198507841575,369.0437750740555,68295700,0.0149105690275947,0.22986662347548273
2022-01-12,376.8165283203125,379.5890322281386,374.54016512828366,377.8963290691743,54576400,0.0039577633280789,0.22544332068112977
2022-01-13,367.3899536132813,378.8787912268791,366.4560680740918,378.1978150849097,77994000,-0.0253345788494051,0.23918915007208796
2022-01-14,369.6761169433594,370.006867509756,364.6661409463367,364.8704516363952,80121200,0.0062034348150271,0.22498706840628763
2022-01-18,360.4732971191406,365.9891209009165,359.71450953046275,363.8684106771356,75450900,-0.025209380484785,0.22387063927202572
2022-01-19,356.5140380859375,364.5007689267913,356.25136140354783,362.029832788458,81791500,-0.0110442655907498,0.2258653136517115
2022-01-20,351.88348388671875,363.70307408651166,351.3484523152494,359.734037581992,88610700,-0.0130735074830591,0.22753920230248764
2022-01-21,342.12615966796875,352.33088555988303,341.8440376029221,349.6945894956713,143388900,-0.0281205521579561,0.22575916380016173
2022-01-24,343.6924743652344,344.3540052512428,325.06323854930025,336.5034508180747,198685800,0.0045677307173004,0.22007451365294547
2022-01-25,335.72515869140625,341.4841848912907,332.3884402994016,337.2427637902628,124398400,-0.0234544425256752,0.22367698511141787
2022-01-26,335.1998291015625,347.17507067851926,331.512885404934,343.3130289963466,146559500,-0.0015659863822568,0.20849210596384773
2022-01-27,331.8241577148437,341.717578860409,330.8026935247298,339.89843625241,95255700,-0.0101216756000101,0.20840520921128106
2022-01-28,342.2332458496094,342.447264423983,328.7599022902496,333.7017452516599,108167900,0.0308873268432374,0.24689555802678656
2022-01-31,353.1772766113281,353.7609662648605,341.960822389806,343.5951593572345,94326400,0.0314776208943368,0.27944134497420037
2022-02-01,355.580078125,356.2318712803387,349.37360008983933,354.51972302915703,74433000,0.0067803478947039,0.2821366490502099
2022-02-02,358.4693603515625,360.0355938288942,354.3835919735696,359.704843271225,78777100,0.0080927113434704,0.2812776446679867
2022-02-03,343.9356689453125,352.0877908082691,342.8753135993525,348.78025519641074,95384800,-0.0413885591381774,0.30844720527023006
2022-02-04,348.2742919921875,351.57208895549786,342.3985353311194,344.4511417789402,86318300,0.0125357336863193,0.2995293251914951
2022-02-07,345.47265625,351.2316520904139,344.2177279914136,348.86774024734893,58198100,-0.0080768671627165,0.2997901111085571
2022-02-08,349.3542175292969,350.4437559095644,343.2060741689936,344.3345331164691,64720900,0.0111728599009029,0.3028712191733535
2022-02-09,356.7572326660156,356.8350441003599,352.27258059296145,353.86799703006915,55766400,0.0209691724877643,0.31366668653676605
2022-02-10,348.68292236328125,356.52373803272644,346.84433406588846,349.74327756855774,112468500,-0.022892552590627,0.3157621392007806
2022-02-11,337.6221008300781,350.2783183711059,336.3963555781641,348.6829020313012,101569100,-0.0322357522036325,0.32957145636914614
2022-02-14,338.0404968261719,341.4356114541592,334.53841742868593,337.0676903962711,80254400,0.0012384762780235,0.3219131242564888
2022-02-15,346.44549560546875,346.67895960611054,342.252703030362,343.31305828353123,55128800,0.0245598050159372,0.33522396101794333
2022-02-16,346.3578796386719,347.37931413168127,341.17280668796377,344.19824898721663,58947100,-0.0002529316986456,0.3254818186206116
2022-02-17,336.0559387207031,343.8480967760415,335.6376094608696,343.1476750723119,61801400,-0.0301949443244378,0.3387496879624105
2022-02-18,332.2229919433594,337.37885195183105,329.91744643602993,336.9897354830625,80001500,-0.0114712244618453,0.33818324773865494
2022-02-22,328.8862609863281,334.6842065016989,325.2577133684791,329.2851150350076,85967100,-0.0100944262265028,0.32670609703589976
2022-02-23,320.4618225097656,332.8748090871975,320.1505174094211,332.038210028671,86215400,-0.0259488289744159,0.33608635385900154
2022-02-24,331.2307434082031,331.7658045821459,309.60528254944063,310.1694970315348,130614100,0.0330520917720499,0.35016720882213187
2022-02-25,336.3671569824219,336.571467640058,328.2150667421436,332.0284500570756,78842100,0.015388049980341,0.3545017508148545
2022-02-28,337.36920166015625,339.0619047530669,332.0382423149123,333.1958841481367,77515500,0.0029745920751869,0.3526111009712602
2022-03-01,332.20361328125,338.6144032240385,329.68404853136684,336.3477776117557,67407000,-0.0154298106138568,0.3390392288677224
2022-03-02,337.7778015136719,339.11054138217366,330.9876029156235,333.75036921925533,70609000,0.0166402133897874,0.3244845447725349
2022-03-03,332.9526672363281,340.5210984604028,331.09460378869966,340.41407433832154,71089400,-0.0143879478886963,0.32545045528546296
2022-03-04,328.1274719238281,332.0284337216448,325.81221844037054,330.5984076269794,76936300,-0.0145981726464337,0.32508261009756495
2022-03-07,316.0258483886719,329.2754954686106,315.82156737304103,328.1178535672142,89933800,-0.0375781578597448,0.31981730934821173
2022-03-08,314.5568542480469,324.14870801818853,311.2395819280208,315.2378006965065,116153900,-0.0046591725141787,0.3140906731259139
2022-03-09,325.8803405761719,327.2325554489857,320.1407899136627,322.7284579772235,64723400,0.0353654241130458,0.3431703195060541
2022-03-10,322.261474609375,323.46777439300604,317.8254810506982,321.82372966537287,69362700,-0.011167011566378,0.3404403784221528
2022-03-11,315.57830810546875,325.5398632369939,315.0919050320362,325.2285581449521,66228400,-0.0209563946015403,0.3328318115235305
2022-03-14,309.51776123046875,317.70877279649835,308.81733958006123,314.3428716623377,79802600,-0.0193913770414978,0.33078635049489097
2022-03-15,319.22637939453125,320.0046422422392,310.54896387835566,312.15408832569585,76471000,0.0308850270450572,0.3390864616509192
2022-03-16,331.0653686523437,331.1821006306383,319.4695072428963,323.13700512453204,105243000,0.0364153398800437,0.3650910001163257
2022-03-17,335.0733337402344,335.1316997309201,327.8745745746981,329.16839361847946,67810000,0.0120335703012989,0.35652256220801787
2022-03-18,341.9316711425781,342.2235308402903,332.2619743080111,333.4196161605784,85446300,0.0202615105650024,0.36448500542909223
2022-03-21,340.98101806640625,343.31866317461163,336.5979780751096,341.0979241013304,73799100,-0.0027841148810371,0.3484700486341526
2022-03-22,347.6822509765625,348.54913327087644,341.09797022303843,341.4778182836281,63345900,0.0194621805242491,0.3513285426934817
2022-03-23,342.6855163574219,348.3640045280012,342.6270782050995,344.80887821456724,70615500,-0.014475826104743,0.35357570087518103
2022-03-24,350.3022766113281,350.3509948884147,342.4517676660401,344.60431889958267,53555300,0.0219832645562854,0.3447872177846472
2022-03-25,350.0100402832031,351.29573893041794,345.7146582511813,350.2437928647377,57584200,-0.0008345886200708,0.3287152485937697
2022-03-28,355.42559814453125,355.5230049812949,348.7633807065235,350.0003613326816,56833900,0.0153540988243329,0.32869866093214656
2022-03-29,361.5423889160156,362.1657391948954,356.5457181859745,359.3119000706168,68073000,0.0170633537170243,0.3324891803508844
2022-03-30,357.5488586425781,361.3377668436382,356.0683760840521,359.6819401243969,68757700,-0.0111072728092107,0.32974774983501554
2022-03-31,353.1172180175781,358.04570099587806,352.2795548521229,357.69504231226585,67011400,-0.0124719561420615,0.33055200050168726
2022-04-01,352.4450378417969,354.1592728624292,349.2697601139263,353.38007782799497,54527800,-0.0019053751063326,0.3254892743877618
2022-04-04,359.7014465332031,359.7111961332405,353.0197602734761,353.2827319549708,45950200,0.0203796831133288,0.3246061916431239
2022-04-05,351.7145690917969,358.9611966423126,350.5749657641546,358.2501595469128,62738700,-0.0224544088000388,0.30352074096963505
2022-04-06,344.0783386230469,347.5068387031979,341.44850312291874,346.4062040659175,90077100,-0.0219506033899331,0.3161694256226914
2022-04-07,344.89654541015625,347.08806535874953,339.627153877945,343.08487346263547,63777400,0.0023751436829334,0.29525148140520163
2022-04-08,340.0751037597656,343.91270010087345,339.4420041015836,343.16272416418195,61956100,-0.0140780170575642,0.2971404070832872
2022-04-11,332.0299377441406,336.7636071517967,331.6890286539163,335.8480363263463,66107400,-0.0239413478487263,0.3002805659304604
2022-04-12,330.62725830078125,338.6530803118143,329.2539024951172,336.77325069335205,72790200,-0.0042335057906235,0.29085066318902075
2022-04-13,337.3480224609375,338.3999391002266,330.24748854145,330.9682456882889,61367800,0.0201234720873532,0.28010730302464976
2022-04-14,329.6338195800781,337.9518637748371,329.41953643655626,337.43564025513336,73519400,-0.023132704355181,0.2651640862790204
2022-04-18,329.8871154785156,332.17604260732804,327.0624952815199,328.58194696609405,58560600,0.0007681209114882,0.2614577076305522
2022-04-19,337.2603759765625,337.8350377368867,328.2215733741881,329.2442709651318,56515700,0.0221047394065561,0.2633942670630317
2022-04-20,332.341552734375,338.526514901853,331.1240416669341,338.06872955151954,65500000,-0.0146920476505777,0.267800338646741
2022-04-21,325.46502685546875,338.82842846347995,324.5397363520494,336.2180920752476,75801000,-0.0209082018885904,0.2650121596032396
2022-04-22,316.9424743652344,326.83840786440084,316.5139080925797,325.6208967999029,82562100,-0.0265347229691989,0.2746267779650287
2022-04-25,321.0138854980469,321.3255755238997,314.0497268248548,315.3159564082332,101755900,0.0127640906672955,0.2654592643775142
2022-04-26,308.8971862792969,319.14374885707394,308.6244352611816,318.95868479443385,105819600,-0.0384758881547574,0.29037706759397763
2022-04-27,308.52703857421875,314.48796770473507,306.8127735656662,308.99454377699504,111204200,-0.0011990062408391,0.28057099608884484
2022-04-28,319.4846496582031,321.3157910363892,309.26727669681173,313.48475162677266,99450000,0.0348997429730204,0.3053458162006826
2022-04-29,305.1083068847656,318.72496285370096,304.47520700530265,315.28671241202,91977900,-0.046042409662212,0.33537378450819133
2022-05-02,310.20233154296875,310.43608414182137,301.6018172427122,304.69915807506743,115511800,0.0165579488584123,0.344948761703944
2022-05-03,310.5334777832031,312.8224042977626,307.76729649145034,310.221787848372,78185500,0.0010669475376583,0.3455649211286311
2022-05-04,321.0333557128906,321.705424266024,305.7316834384654,311.0107952993053,116083400,0.0332533151007119,0.3605151498391457
2022-05-05,304.8647155761719,316.7963218567089,301.57256149551785,316.71841424136176,154607400,-0.0516769068900976,0.3908529930086241
2022-05-06,301.21221923828125,306.90042702253174,297.17980856751376,302.8680460761537,139572800,-0.0120530590965683,0.3875107317266324
2022-05-09,289.4267272949219,301.3096472968291,288.03390175661394,295.5922200348363,113387300,-0.0399128995265309,0.4029154885092923
2022-05-10,292.94287109375,297.8129146763731,288.86177219356085,296.59540378071733,124124600,0.0120754467074155,0.40837916916353534
2022-05-11,284.2547912597656,296.18640185676054,283.3879386812416,290.6832567915973,140326100,-0.0301066225202152,0.4121232464998312
2022-05-12,283.5827331542969,288.06318079540245,277.5341451872231,279.9789174506668,120910900,-0.0023670799845822,0.4123544626015025
2022-05-13,294.0921936035156,295.12464046282736,286.43646965166005,288.03385821097976,83684900,0.0363893935678858,0.42948311278317464
2022-05-16,290.6832275390625,294.40394878669343,289.4072782183106,292.3487744870589,59190400,-0.0116591927707663,0.42571859774518855
2022-05-17,298.2123718261719,298.5922199090593,292.7384158515025,296.53707502676514,62715300,0.0255717807244422,0.43913770055769347
2022-05-18,283.57293701171875,294.3941605391823,282.3164573337348,293.70262261227504,79477100,-0.0503365263320763,0.45462847904549186
2022-05-19,282.0534973144531,286.73850768800816,280.1054794237619,281.77105612186665,79920700,-0.0053726037537238,0.4541121924805008
2022-05-20,281.1768493652344,286.1637695964297,272.9269937542438,285.51120035510417,91764200,-0.0031129311916684,0.4518245017518519
2022-05-23,285.85211181640625,286.23195978971927,279.8229949982693,282.2190483107968,63648400,0.0164907569876557,0.45292569510918146
2022-05-24,279.7742614746094,281.35215088037694,274.91396736497427,280.6411435224921,73491100,-0.0214915165421552,0.451619819597856
2022-05-25,283.6898193359375,285.76446288510164,278.07951900291783,278.28405253294534,67144500,0.0138983868664889,0.4412905815201979
2022-05-26,291.5500793457031,293.09877969872235,282.6086845203276,282.8911554322837,59462200,0.0273303339641812,0.4544851871630662
2022-05-27,301.06610107421875,301.2121964372333,294.5597299632836,294.6766062536952,66985600,0.0321180557175874,0.4516794150325092
2022-05-31,300.2674255371094,303.23814042662764,296.42007896599904,301.03690079620924,60968300,-0.0026563495012296,0.4235026479959728
2022-06-01,298.0467224121094,304.523875630762,295.8357329172192,302.40054336965414,65341700,-0.0074232352022728,0.41927200746244414
2022-06-02,306.2088928222656,306.3842072732837,295.5142654443154,296.92659010109287,59291300,0.0270172644970005,0.43105984870484426
2022-06-03,298.2414855957031,302.40049218011103,296.9947556078543,300.99791722823267,60914700,-0.0263640126368957,0.4213094603380513
2022-06-06,299.23504638671875,304.231717316258,297.6766260407056,302.6732969702448,51785000,0.0033258601925741,0.38345547622773724
2022-06-07,301.8161315917969,302.59535654257195,294.8227548582987,295.9136400649913,44900300,0.0085886232841835,0.38254815190870567
2022-06-08,299.64404296875,303.6179852830129,298.7966304532307,301.01736904269234,38342100,-0.007222749427886,0.35525814479974893
2022-06-09,291.61822509765625,301.0174039542495,291.4526602494023,297.95903181749986,55900500,-0.0271497482261238,0.3665630584873607
2022-06-10,281.3327331542969,287.2060057585249,280.88469737349953,286.01771368601544,85963500,-0.0359074259285719,0.3730170415702898
2022-06-13,268.2517395019531,275.0016126557796,267.39460709047296,272.47893369094703,94442000,-0.0476122064681472,0.40724076988192903
2022-06-14,268.73876953125,271.41729371088064,266.2355598004326,270.44328491828765,64697500,0.0018139246584236,0.38233295999262334
2022-06-15,275.44970703125,279.37496173778936,269.4205895185,272.1575818938242,86051400,0.024665269539647,0.39404222353738855
2022-06-16,264.33624267578125,268.884846785,262.2810688052266,268.42706149435605,81910300,-0.0411831210718673,0.4017641128083495
2022-06-17,267.55047607421875,269.9854980416754,263.47912647848466,265.1057045070877,82703400,0.0120863048940204,0.3715160947570222
2022-06-21,274.3006591796875,276.6135225102179,271.9195365844866,272.026869215321,51633700,0.0249165569349432,0.3834664936104996
2022-06-22,273.9005432128906,278.3017464295533,271.2071020260493,271.8023751623008,67472900,-0.0014597415551055,0.3834122525698959
2022-06-23,277.9797668457031,278.8287787279244,273.5492578418302,276.37930737641136,57457800,0.0147832703917192,0.3824612980397982
2022-06-24,287.5043334960937,287.92398502775217,280.5658327618819,280.80003470957627,58422300,0.0336896032423016,0.393420874926281
2022-06-27,285.3964233398437,289.42678703662733,284.2643977545866,288.8607891347618,54151500,-0.007358760285343,0.3917301672033388
2022-06-28,276.70135498046875,288.5192616412146,276.5159351758475,285.9331824998259,61609800,-0.030940389157691,0.39304601486060264
2022-06-29,276.955078125,278.45794354155225,274.06647805469794,276.56473159358586,57302700,0.0009165364913022,0.3727689110223953
2022-06-30,273.52001953125,277.09174879307614,269.1285535213624,273.9786849502108,79313600,-0.0124805034638973,0.37388284003207584
2022-07-01,275.3253479003906,275.71569439598346,270.3483481823784,272.22205305536403,56675100,0.0065786649111243,0.37561865538427014
2022-07-05,280.0389099121094,280.1560109115957,270.07516945200547,271.59754200839905,61829300,0.0169750758372759,0.3667517837413485
2022-07-06,281.8344421386719,283.93261027210065,278.70187223129227,280.4194324508901,63194700,0.0063912564353523,0.3593488955856906
2022-07-07,287.86541748046875,288.56805306343966,282.64444764131935,282.64444764131935,56620100,0.0211732565802182,0.3683227520971853
2022-07-08,288.2265319824219,289.5927597706103,284.09854359020363,285.0353812475997,59895500,0.0012536698337353,0.3665771204233427
2022-07-11,282.06866455078125,286.0404777553998,281.1903775698088,285.81604417604984,55273900,-0.0215962077220349,0.3723969082820387
2022-07-12,279.336181640625,285.2305115091865,277.74549076739095,283.3177929939941,55797100,-0.0097345240476085,0.3628596009596156
2022-07-13,278.760498046875,281.1026073001169,273.2662813527627,273.8323092060632,73939400,-0.0020630253462595,0.3413726621084322
2022-07-14,279.755859375,280.62437810279306,273.0515309298952,276.16459414754115,63741800,0.0035643087930312,0.2951691047691269
2022-07-15,284.8304443359375,284.9378067555612,281.1318462068161,282.7420740304533,63818100,0.0179767790587838,0.3003065630967715
2022-07-18,282.4200439453125,289.0170111026838,281.2490042472601,287.61173963979365,59519600,-0.008498590827902,0.2916898832423689
2022-07-19,291.10528564453125,291.3980678086759,284.4400316269964,286.0404609545284,55172600,0.0302895278301708,0.26469669905493615
2022-07-20,295.72125244140625,296.90206024914977,290.7442528094692,291.5249755686812,67769400,0.0157322878332363,0.2662936206036004
2022-07-21,299.96636962890625,300.0249201186976,293.5255477180764,296.17994578756554,55049400,0.0142530712282146,0.25857736182075985
2022-07-22,294.706298828125,301.1080759178699,292.8814060911661,299.03921292663256,57127700,-0.0176911039244662,0.26900372522539134
2022-07-25,293.0278625488281,295.20408853441734,291.02731782839834,294.7356547965479,40582400,-0.0057115646917209,0.26752376651106907
2022-07-26,287.2701110839844,291.58351859643307,286.4601428848884,291.32977998348684,50074100,-0.0198447717642333,0.2527792886288665
2022-07-27,299.4100952148437,301.09838033677926,291.2614816025357,291.82750935090854,69304400,0.0413912628145465,0.2888314082458909
2022-07-28,302.3377380371094,302.9135043443742,295.4480194701381,299.1953995289404,55139900,0.0097305408025978,0.2631018205515763
2022-07-29,307.8514404296875,308.7590324776936,302.45481919119555,303.8796270258373,57501000,0.018072599972638,0.26707045482438313
2022-08-01,307.66607666015625,311.12070468792047,304.99217151576033,306.0851537709431,46358800,-0.0006023021928322,0.2603390393395352
2022-08-02,306.7487487792969,310.8669689606227,304.318813928994,305.37278238610025,48676500,-0.0029860235283336,0.26199005394499747
2022-08-03,315.1022644042969,315.9220009590145,308.36866095210183,308.4272114359011,53735700,0.0268682304175064,0.2697447806207177
2022-08-04,316.5758056640625,316.8880947466427,313.0333526987041,315.1803029145353,38973700,0.0046654902313186,0.2697486574691955
2022-08-05,313.9897155761719,316.0195349770357,310.7107696713476,311.491462568251,53894000,-0.0082024928426929,0.26747582726185665
2022-08-08,312.97479248046875,318.59587666591256,311.51097095563654,314.9070476145964,43878500,-0.0032375803388869,0.2685361334412453
2022-08-09,309.432373046875,311.3353531473063,307.81243659216807,311.0816145255079,39764200,-0.011383087728969,0.25844833383919513
2022-08-10,318.0690002441406,318.36178251712863,314.2923441967237,316.7613228130929,51459600,0.0275287767809422,0.2649092604005323
2022-08-11,316.2635498046875,322.39208223187165,315.56091418583384,320.3915377881437,45897700,-0.0056924567867096,0.2666256278590949
2022-08-12,322.42138671875,322.6165450793937,317.25896710802823,318.3129056437859,40928400,0.0192834600524987,0.270342910180326
2022-08-15,325.0270080566406,325.5247170262433,321.45527909341536,321.474815778675,38266600,0.0080489361811104,0.2673230028481857
2022-08-16,324.2658386230469,326.35423890952364,321.2210937184744,324.05114354482527,41186900,-0.002344611637655,0.2638620592746831
2022-08-17,320.5671691894531,323.436261971791,318.4885377061749,321.1331968983646,47842200,-0.0114718382952334,0.256123309290472
2022-08-18,321.3381652832031,322.5189732145217,318.90823058794865,320.5184286363888,41937200,0.0024022123609365,0.25296010683762005
2022-08-19,315.0729064941406,318.9569233628633,314.3117205509915,318.30309980967667,51770600,-0.0196899817846201,0.26269119243899536
2022-08-22,306.7779541015625,311.0523178867668,305.9679859299243,310.8181159636958,51098900,-0.0266798518787634,0.27297168381229825
2022-08-23,306.5242919921875,309.354341526184,305.7728444052722,306.5437988949074,39497100,-0.0008272010267527,0.2717747445894524
2022-08-24,307.41229248046875,309.22741689930655,305.44099374167973,306.0460352146257,38057100,0.0028928105279874,0.25974228903108876
2022-08-25,312.84796142578125,312.8674981086766,308.1442369849633,309.1884071663571,38098300,0.0175275074280972,0.22660336524587532
2022-08-26,300.02496337890625,313.7556210638775,299.9371376315557,312.5552762870163,69047700,-0.0418516438263617,0.27082622052253685
2022-08-29,297.0679626464844,299.81018609423813,295.9652122628593,297.2728893341187,48321900,-0.0099047393728099,0.26408352186346
2022-08-30,293.7597045898437,299.3320068591553,291.2419445706575,298.71719702917835,51184500,-0.0111988412702887,0.26607325960251405
2022-08-31,292.0518798828125,297.55586271139987,291.94454727392224,296.6580391375333,50044000,-0.0058306444960195,0.26636112121236327
2022-09-01,292.1788024902344,292.5496420822986,285.8843871110546,289.5634482261889,57990700,0.0004344948433831,0.2446998559793303
2022-09-02,288.0508728027344,296.4239205662124,286.440644964557,295.04792447226936,64666800,-0.0142288459488184,0.24541397853725408
2022-09-06,285.98193359375,289.44632923624584,283.85452002401945,288.52899865452224,57005400,-0.007208466640834,0.24524894239774783
2022-09-07,291.7591552734375,292.7545432113645,286.19662144134224,286.46012838191547,49260400,0.0200000116453966,0.2594924588777172
2022-09-08,293.27178955078125,294.58923504644343,288.32409480360485,289.69032244366866,55649800,0.0051711372243166,0.25936578572520774
2022-09-09,299.6833801269531,300.1810891122113,293.27183293928664,295.5261163242872,56125200,0.0216267293113934,0.25142458205076607
2022-09-12,303.2452697753906,303.5770657606081,300.747016654849,301.05930574029827,45905700,0.0118154315170795,0.25618757031959255
2022-09-13,286.6163024902344,295.7114920734445,285.7282470797957,294.5209158923819,79562200,-0.056397553113384,0.30621786699456116
2022-09-14,288.89013671875,289.7684239223224,285.9917680998876,287.75811085001067,54907200,0.007902069918312,0.3061357632241166
2022-09-15,284.0790100097656,289.37803753073274,282.4785506213726,286.9773782296725,65299400,-0.016794062345768,0.3082768776379858
2022-09-16,282.3419189453125,282.7322654178717,278.7311470657045,280.78050327354885,79920400,-0.0061335887201999,0.3077026690657011
2022-09-19,284.5406494140625,284.6970745912991,279.6427184448839,279.7013741569661,52613800,0.0077573085408946,0.31010510353130916
2022-09-20,282.2726135253906,284.5602762442048,279.97516490765275,282.0379607966261,51271100,-0.008002804950513,0.30612231066581513
2022-09-21,277.2181396484375,287.3757802061988,277.08128628170294,283.11327668494283,82931000,-0.0180686145775994,0.2999117619169665
2022-09-22,273.8061828613281,276.6999734866087,272.58413937353527,275.6930108460692,62757100,-0.0123842097522109,0.30064199488207394
2022-09-23,269.34820556640625,271.63586769229045,265.93623941777963,271.3425593161207,74815200,-0.0164155072540443,0.30139084641762803
2022-09-26,268.233642578125,273.2391277430711,267.4417608144934,268.878885095722,71176700,-0.0041465856376168,0.28889852053060583
2022-09-27,268.3412170410156,273.94304548411566,266.0241974483463,271.5967278751962,69780100,0.0004009672179134,0.2610070563558644
2022-09-28,273.6791076660156,274.9598069578421,266.8454494776389,268.32165784227294,79652100,0.0196969115668367,0.2742548056751684
2022-09-29,265.78961181640625,270.0716577150531,262.8273790808432,269.69036575980726,81216000,-0.0292512173546546,0.2871314655369763
2022-09-30,261.28271484375,269.0353524973825,261.12628967839305,264.9683877032516,78482400,-0.0171020430867093,0.2902960629272737
2022-10-03,267.4124755859375,269.0060252619339,261.5466661292928,263.0522322436455,61267400,0.0231892990037289,0.3062257894909182
2022-10-04,275.82012939453125,276.52402769113763,272.7503415958443,272.7503415958443,66696900,0.0309566294476585,0.32691839016042734
2022-10-05,275.6734924316406,277.4625511231233,269.2602100468539,272.05623146486425,55766300,-0.0005317811867368,0.32641286115480544
2022-10-06,273.5031433105469,277.82427276832533,273.1805070928327,274.6762872643789,53489400,-0.0079040522813057,0.3171688222215726
2022-10-07,263.0815734863281,268.9962530554361,261.75197442759656,268.8691557371326,71354700,-0.0388489652710642,0.33867338138956504
2022-10-10,260.45172119140625,263.66814841441,257.74368321845105,263.2770705805112,60393000,-0.0100466367352198,0.3245724509581208
2022-10-11,256.87359619140625,261.6444597639264,255.19206279838767,258.7799963749924,66522500,-0.0138333924112033,0.31825492979432807
2022-10-12,256.7855834960937,259.4251797950677,256.0914710787955,257.50902376665675,50580200,-0.0003426890812205,0.2654977688090338
2022-10-13,262.8078308105469,264.12764394193346,248.5734536032913,249.45333399672413,112894100,0.0231816525652876,0.2799079045728335
2022-10-14,254.90850830078125,265.7309335503903,254.3219512425765,265.13459059619925,77244300,-0.0305183939711212,0.291305047418777
2022-10-17,263.32598876953125,264.1960683906086,260.77434594840025,260.8721154137595,64576500,0.0324880758551727,0.31907694399356173
2022-10-18,265.4083557128906,271.01018506656084,262.72961557378073,270.3454004390657,69781000,0.0078768392169467,0.31912949609377195
2022-10-19,264.4404602050781,267.55911798953014,262.0746004041456,263.8929870361821,53115400,-0.0036534821079189,0.3186797658111832
2022-10-20,263.0912475585937,268.6931048696412,261.92788976794674,263.5507370396225,60605500,-0.0051152018675089,0.3141442064212661
2022-10-21,269.2601928710937,269.7978800833209,260.85252752642265,261.9865874878013,77897700,0.023177250954504,0.3240307025011867
2022-10-24,272.22247314453125,273.1512084780125,265.8873877095541,269.52419104231006,63963600,0.0109414761061387,0.32126249271819407
2022-10-25,277.8536071777344,278.23489911038496,271.68473333216065,273.16097158157777,59014500,0.0204747341485123,0.3280208931951775
2022-10-26,271.7140808105469,277.6287902965968,271.2252633241817,272.2322261526919,63492400,-0.0223440421710303,0.3384340984205868
2022-10-27,266.7672424316406,272.05625105959984,266.2490971046528,270.59958454005965,57760300,-0.0183738129231834,0.33705189607596825
2022-10-28,274.930419921875,275.39969529868125,265.9752828676894,266.1414938870922,62651300,0.0301415201742418,0.3376045629680775
2022-10-31,271.733642578125,273.503159426672,269.81745662103884,272.68194966008537,47742000,-0.0116957159012204,0.33433253460101175
2022-11-01,268.95709228515625,275.7614518928756,268.595372187097,275.2041929031402,45895900,-0.0102704726394414,0.32746716568810014
2022-11-02,259.7380676269531,271.9878333602512,259.66962601443583,268.9278309425427,79803100,-0.0348781676348281,0.3291537852161442
2022-11-03,254.66416931152344,258.58449578923245,254.2829071192963,257.1278289707571,70038900,-0.0197279969286352,0.33412203741765767
2022-11-04,258.76031494140625,260.64714253109685,253.2855552953513,259.5913103061268,78313200,0.015956514210896,0.34056807253450233
2022-11-07,261.60528564453125,262.1430026713616,257.6752045929153,259.8064412402324,47333800,0.0109346161492562,0.3167016135995718
2022-11-08,263.5116577148437,266.7476260907658,259.58154724091315,263.1206098132449,63213800,0.0072607843627239,0.3156414686758857
2022-11-09,257.4308776855469,262.55367598259363,257.1473551571443,261.7715798487891,64862100,-0.0233463609091219,0.3227461315462626
2022-11-10,276.4262084960937,276.71948696896897,267.72526572529426,269.8369602351248,99256700,0.0711926604001682,0.40591741302857304
2022-11-11,281.519775390625,282.18458988685967,274.9011969662566,276.24055218615365,66961800,0.0182587868719444,0.4032608662751189
2022-11-14,279.0560607910156,282.74173299667166,278.0784260572565,279.4666506715696,55290700,-0.008789998796323,0.38701540435398263
2022-11-15,282.91778564453125,286.70122803572764,279.57426106914244,285.6746934620761,73985400,0.0137436489755028,0.3750825741068325
2022-11-16,279.0560607910156,283.005713469215,278.23485119486327,280.9624604558637,48859800,-0.0137436489755028,0.3792974715360731
2022-11-17,278.440185546875,279.9164237510192,274.4416625000356,274.5980876597836,55462100,-0.0022094336911651,0.3790405704855333
2022-11-18,278.45001220703125,281.54909849777874,276.00592466887895,281.45135886429506,53588600,3.529119455480227e-05,0.37816310173829104
2022-11-21,275.58551025390625,278.21532062913855,274.75451464007284,277.0617186327833,40083500,-0.0103405913936251,0.3730872442896364
2022-11-22,279.5547790527344,279.7111744196331,274.18754186864925,276.31880913961606,41873400,0.0143003003656778,0.3743821514239393
2022-11-23,282.36053466796875,282.9862055245089,279.39830194977225,279.5742690811381,46390000,0.0099864832469109,0.36933047458110063
2022-11-25,280.5030212402344,281.47087025300624,280.0142037856951,280.7669719250677,15498800,-0.0066002502791903,0.36084700428620126
2022-11-28,276.3871154785156,280.5420632210341,275.4583803547445,278.52813799617,38714200,-0.0147820204978675,0.3585597441485042
2022-11-29,274.2950744628906,277.012898721607,272.926391353295,276.6120647689657,35618900,-0.0075980342866013,0.3443762987184146
2022-11-30,286.7989501953125,286.9065055448826,273.70843484346506,274.5589724039487,74718100,0.044577007281703,0.37438659774960015
2022-12-01,287.15087890625,289.13547624804187,284.37439980667705,287.1215510572597,51547300,0.0012263397851136,0.37152585042428926
2022-12-02,286.00714111328125,286.8870365853,281.91084759242034,282.0868445878577,53583200,-0.0039910086613285,0.34627433366587534
2022-12-05,281.20684814453125,285.1564706928093,279.7501522121562,283.885557567826,41482100,-0.0169262665079109,0.3439234361129677
2022-12-06,275.3802490234375,281.18740392988155,273.9920238829393,281.0505505295061,53937600,-0.0209376466217545,0.3523799391849731
2022-12-07,274.2558898925781,276.25027324305955,272.54502898857334,274.19723419124455,45614300,-0.0040912910182072,0.3519417275911922
2022-12-08,277.501708984375,278.46955811599247,273.53251315292846,275.6050946410666,42594900,0.0117655163819596,0.35309410629833704
2022-12-09,275.7322082519531,279.251700531662,275.2922605288438,276.4849765282159,47860500,-0.006396956916202,0.3421971373582829
2022-12-12,279.1929626464844,279.2516481889468,274.871833080141,275.90812369116725,35732500,0.0124730303960782,0.24076530169921698
2022-12-13,282.1943054199219,290.2402513163145,279.5155953648504,290.0153845506873,80667700,0.0106926948305937,0.23508292492045307
2022-12-14,280.1022033691406,284.8926087306265,276.8564481249309,281.6077397340024,64984400,-0.0074413113790389,0.2344849481589541
2022-12-15,270.69732666015625,276.68044714031987,269.5046109553816,276.01563277082005,60554100,-0.0341532276848482,0.2571750104744697
2022-12-16,268.1163330078125,271.55759662339494,266.51299768012547,270.02273272438384,68300400,-0.0095803562029123,0.25519730370413796
2022-12-19,264.3483581542969,268.47404612090867,263.11357960823074,268.3858519256861,44167900,-0.0141531929296694,0.25870702326727557
2022-12-20,264.142578125,265.8869331436149,261.6044454235954,263.1821914650864,51064200,-0.000778745766749,0.25862292805702364
2022-12-21,267.97430419921875,269.27765841529884,264.33857367332774,265.1813681287866,46394700,0.0144020700433985,0.2633455759244414
2022-12-22,261.4182434082031,265.0931511038584,257.2043313066332,264.9657495187062,60278400,-0.0247695061495015,0.26884146091406547
2022-12-23,262.0062255859375,262.6726316300907,258.2529327193007,260.1540875111518,39373600,0.0022466753462509,0.2653748268128818
2022-12-27,258.30194091796875,261.50648008934456,257.76296633096587,261.39866722805584,38009000,-0.0142390509831932,0.2677848720667524
2022-12-28,254.89161682128903,260.15408012625954,254.52903069509583,257.9001485866128,47139000,-0.0132907915406686,0.26707205285641306
2022-12-29,261.1046142578125,262.04538214653854,256.9985154694248,257.69428953978155,45893600,0.0240827251932938,0.2835200189847557
2022-12-30,260.9478759765625,261.0752775771033,257.03778328615977,258.34113754746767,37858300,-0.0006004694504537,0.22683511003690637
2023-01-03,259.1839294433594,264.7403737472238,256.8809810509512,263.27041050608824,42335300,-0.0067827165244764,0.22598351049752097
2023-01-04,260.41864013671875,262.094419519153,257.2729276346424,261.30064187756807,47754900,0.0047525285271083,0.22843316612854403
2023-01-05,256.3419494628906,258.9192895246878,256.0283800668829,258.75271045594553,45396700,-0.0157781972169871,0.22767730145657009
2023-01-06,263.4173278808594,264.5345139897655,255.12674587120543,258.0764808613979,54659700,0.0272272793082888,0.2441575421348852
2023-01-09,265.1225280761719,269.77741078699546,264.5149481705316,265.40669938269843,45568700,0.0064525166547785,0.24580853935357294
2023-01-10,267.36669921875,267.4745120737934,263.58400819036984,264.093584677772,35247800,0.0084290322306107,0.24378387963025389
2023-01-11,271.9921569824219,272.0999698264713,267.6508731910464,268.4348714453479,44077000,0.0171521098013439,0.25167537410991137
2023-01-12,273.4621276855469,274.4911198155303,268.25846062265697,272.55075772684324,60600000,0.0053899082036111,0.24819365744106636
2023-01-13,275.3436889648437,275.58868281451504,270.63000968968595,270.96319773646184,44802900,0.0068569559376082,0.24626737463075027
2023-01-17,275.9022827148437,277.18604809737275,273.98150939661457,275.14768251608376,36269700,0.0020266594946457,0.24541211220346948
2023-01-18,272.3155517578125,278.9891814182837,272.10976531060794,277.44080363633776,47754500,-0.013085244255468,0.21863891241600172
2023-01-19,269.6402282714844,271.82558420366604,268.40547959041226,270.6888091384825,44150400,-0.0098729280736262,0.21880751335278972
2023-01-20,277.0194702148437,277.3526582997376,270.189039708322,271.2474300076123,60613600,0.0269992107378213,0.23074152902433465
2023-01-23,283.1737060546875,284.3986754035096,277.06847796030434,277.8622557058228,52799900,0.0219727183556146,0.24026745540066755
2023-01-24,282.59552001953125,283.7518838905232,281.03736261916526,281.55674841928726,44875100,-0.0020438942586162,0.2374411965067031
2023-01-25,281.96832275390625,282.58568211289065,275.54946616435143,278.08759877286985,50872000,-0.0022218834297677,0.21672010645466383
2023-01-26,287.4659423828125,287.6423307540248,282.7424543994262,285.3883995934982,51596300,0.0193096579744942,0.22333369463964534
2023-01-27,290.3274841308594,292.2874346780867,286.035187647396,286.15277989519404,56441900,0.0099051495315105,0.21336091480348848
2023-01-30,284.4574279785156,288.48514213201554,284.08506247493875,287.064165942396,49405800,-0.0204259371420049,0.22254058741805033
2023-01-31,288.7203369140625,288.81834043174297,284.38886255344715,284.4966454883634,46705100,0.0148749229243935,0.2148633443660604
2023-02-01,294.8941955566406,297.35391334937026,286.4467829160311,288.5145464564292,67562200,0.0211581056191801,0.22111801514134832
2023-02-02,305.4779052734375,307.39864851001664,300.5878380395017,301.41101371232133,83070600,0.0352608199561138,0.23821987787442087
2023-02-03,300.048828125,306.13449622905244,298.441684195354,298.8336683313794,76170800,-0.017932231003505,0.25432396864845924
2023-02-06,297.51080322265625,299.7843539023122,296.16824137067766,297.4324183297124,40802300,-0.0084946841489912,0.24735234200329967
2023-02-07,303.6748046875,304.8017705013761,296.2661924961063,297.3833489851689,67584000,0.0205068697433698,0.24148540691539058
2023-02-08,298.2751159667969,303.30239469294725,297.58915111170046,302.36162665672765,56720900,-0.0179411388698774,0.25622718542632983
2023-02-09,295.6390075683594,302.8026262239471,294.18866293953266,302.65563587730645,49137800,-0.0088771275345813,0.2608012272409773
2023-02-10,293.6986389160156,295.5311881263179,291.2976872269125,293.4830431320697,50050100,-0.0065849370911168,0.25958025936457674
2023-02-13,298.40252685546875,298.9905181113563,293.924031836438,295.1000143482131,39636700,0.0158891323804265,0.26298937452303695
2023-02-14,300.6075134277344,301.5580909500732,294.88445954815694,296.8248219904053,64079100,0.0073621354680275,0.2630605550609144
2023-02-15,302.9104309082031,303.07700999440743,298.10855697315515,298.7945218744599,43100600,0.0076316824690694,0.2631989036415382
2023-02-16,297.2265930175781,302.2538727236449,297.07960265615446,298.28498343279347,59498600,-0.0189423668796897,0.26883658179047604
2023-02-17,295.1294250488281,295.88399541718906,292.1307024125652,295.0412308426414,58230700,-0.0070807982599854,0.2671679223440823
2023-02-21,288.1421203613281,292.74801597973624,288.00493937826445,291.3074511719764,46526700,-0.0239601572106947,0.2709109729452013
2023-02-22,288.3577880859375,290.42552201582805,286.70162711443794,288.72037423239385,51389200,0.0007481969433476,0.26086177661793614
2023-02-23,290.87628173828125,292.1600470153091,286.6917679806115,292.00324737529,69294400,0.008695999266342,0.2620038822054356
2023-02-24,286.0058288574219,287.1033965295427,284.24185517881966,285.9176346594632,74332000,-0.016885836871948,0.2693616298768887
2023-02-27,288.0540466308594,290.55297259031727,287.4660552561388,289.161423906845,48995000,0.0071359332098312,0.26195038119891284
2023-02-28,287.6815490722656,290.19028346864906,287.0935579060723,287.42674592207146,48243100,-0.0012939884674487,0.2595286148465117
2023-03-01,285.3688049316406,288.0441182255839,284.3888296810601,287.38755155531885,58287000,-0.0080717398787061,0.250924739308878
2023-03-02,287.7306213378906,288.5342085068235,282.5955587679446,282.8797600655393,53565900,0.0082423037571481,0.24704323441504292
2023-03-03,293.6790466308594,293.914261084036,288.96536693308644,289.4749733262371,60511500,0.0204627930444071,0.2462977189568624
2023-03-06,294.01220703125,297.9125198668912,293.8162298962756,294.9137975528544,56736300,0.001133794093426,0.2101070501589092
2023-03-07,290.4059143066406,294.9824127073463,289.7983343272335,294.06123341389787,65955800,-0.0123416381782301,0.20554885898377392
2023-03-08,291.85626220703125,292.45403280782995,288.975132322113,290.8272701587182,50876300,0.0049817795435383,0.20511733417865924
2023-03-09,286.7995910644531,294.9529931979204,285.98619477194666,292.356034581254,71456700,-0.0174777454882048,0.1971877165530327
2023-03-10,282.77197265625,288.45584958745417,281.625417849544,286.9662674023529,98593600,-0.0141428603475995,0.19390576969976417
2023-03-13,284.8691101074219,288.5734166863263,279.4792442969985,280.988415097732,97123600,0.0073889894735344,0.1953907638947654
2023-03-14,291.4152526855469,291.96403646575504,287.57376622408987,288.4165306342406,73602500,0.0227194231751753,0.21195442308231272
2023-03-15,292.9440002441406,293.2771882471192,287.3679385660729,288.80850340903805,83631500,0.0052322301342542,0.20474523450640364
2023-03-16,300.6662902832031,301.02887644464795,291.2389304597185,292.0327082473355,98198100,0.0260195142603764,0.2235454092176107
2023-03-17,299.2452697753906,302.95938486538984,297.29512832561835,300.5780518528827,89923700,-0.0047374421835736,0.2223343981258713
2023-03-20,300.3072509765625,300.6311303110754,296.42054919854286,298.62890724672246,56359500,0.0035425830934235,0.2123553393891025
2023-03-21,304.5964050292969,305.04788323131515,300.7293218507808,302.24082881743965,49757000,0.0141815176499608,0.21555223646148686
2023-03-22,300.4545288085937,309.4155616024022,300.2876918296602,304.5277173641124,75791900,-0.0136912140389876,0.20282692361425053
2023-03-23,304.0173645019531,308.3359264010132,301.32808408285456,304.18423144054793,74576000,0.0117883957622945,0.20556072169062017
2023-03-24,305.13629150390625,305.23441681542005,301.26920772237486,303.5953407175395,57195200,0.003673714339091,0.20439183441960743
2023-03-27,303.0456237792969,306.9127064965641,302.1917301252153,305.8330587920121,50287400,-0.006875166482892,0.19530456714368427
2023-03-28,301.4359436035156,302.49597217788687,299.12943045377114,302.4665286037527,48585900,-0.005325833135204,0.19654996899837102
2023-03-29,306.9323425292969,307.55068761030134,304.3117443176052,305.1263998840245,53274300,0.0180698060905059,0.20357992564733532
2023-03-30,309.8375549316406,310.4657245286793,307.02067616071264,309.4056958218703,58354800,0.0094208031264478,0.20049657527885156
2023-03-31,314.99041748046875,315.2259960757609,309.7590750261057,310.06333534027965,62138100,0.0164940738808939,0.20473229884509278
2023-04-03,314.2248229980469,314.4898451471352,311.5453675992176,312.8703585335609,47126800,-0.0024334911520984,0.1971964944303709
2023-04-04,313.16485595703125,315.6774746560139,311.94778474615265,314.66653846035115,45875400,-0.0033789782812328,0.19841394279178118
2023-04-05,310.0731506347656,313.15502177624506,308.2573833619465,312.2127972814154,62795700,-0.0099215088003918,0.19622032906665746
2023-04-06,312.16375732421875,312.6545036994826,307.0305694087392,308.4242723409308,46916500,0.0067196739033442,0.19652017571898914
2023-04-10,311.98699951171875,312.03609210576,307.4525091964604,309.238832639675,45134700,-0.000566394625944,0.1823145708738119
2023-04-11,309.9847717285156,312.0066738913755,309.47440639730115,311.9477567831826,40113600,-0.0064383458934726,0.1744327047069337
2023-04-12,307.2463684082031,312.52680195388945,306.7850658134336,311.9379005633457,62813300,-0.0088732441040097,0.1799035212011559
2023-04-13,313.2630310058594,313.73412832120374,307.825553186617,309.00332642775743,54613800,0.0193932635790003,0.1757712778411859
2023-04-14,312.6741027832031,314.4309529600365,309.7688631396703,311.7122292583174,56278300,-0.0018817493471689,0.17658428580932783
2023-04-17,312.9390869140625,313.2924398141298,310.19091970365525,312.261854645645,43007000,0.0008471181588541,0.15572204426992392
2023-04-18,312.958740234375,315.4713890410292,311.7613479245438,315.04932442631457,46746900,6.280041075873191e-05,0.15402057568546718
2023-04-19,312.8114929199219,313.87152168372256,310.4264731305352,310.5540719588424,38960100,-0.0004706114460846,0.1541853534691602
2023-04-20,310.42645263671875,313.3611056829367,309.14069983335924,309.8473756449807,62462100,-0.0076537442661445,0.1508642457617664
2023-04-21,310.75030517578125,311.5256925854782,308.286779534133,310.06327844359055,59002300,0.001042706650986,0.14123168941515427
2023-04-24,310.1025390625,311.8593889112085,307.9334192694122,310.524573610328,44043100,-0.002086698496562,0.13673245944623696
2023-04-25,304.2528686523437,309.14071237711994,304.15474335870545,308.4733046259451,57121600,-0.0190438535300272,0.1527283457869039
2023-04-26,306.0980834960937,309.11127287941105,305.5778936312846,307.63903402208973,55400500,0.0060464244674,0.1521045539823144
2023-04-27,314.4211730957031,314.92171397402467,309.21924413400245,309.857238311984,65430400,0.0268278178463011,0.17561323429572165
2023-04-28,316.5902404785156,316.6785712153417,313.0568612415905,314.1855717047368,59712600,0.0068749182010619,0.1667717150844802
2023-05-01,316.2271423339844,317.64049424915646,315.14749434978614,316.1289870712789,41013400,-0.001147560715745,0.1644293656158313
2023-05-02,313.4690856933594,316.48227491711145,311.7318247639411,316.15836561209886,56519400,-0.008760015242666,0.1575181515597584
2023-05-03,311.4177551269531,316.5018789481338,311.3097753794873,313.83221822361713,59882100,-0.0065654701011991,0.1588906246999898
2023-05-04,310.3184509277344,312.34032278195383,309.2878659837604,311.19196354787306,50224500,-0.0035362436161233,0.15892836478657024
2023-05-05,316.9141540527344,317.7680478062891,310.3577608434829,312.5759436628054,51806100,0.0210318985328847,0.1713350662297066
2023-05-08,317.6993103027344,318.042838668918,315.3731778659205,316.45282560845146,36465800,0.0024744405680517,0.17018892437455035
2023-05-09,315.6872253417969,316.9042663152859,315.37314058968013,316.04054822335024,31768800,-0.0063534401697938,0.17196166411221503
2023-05-10,319.1225280761719,319.9764218717756,315.64803577940484,318.1213864238547,60446600,0.0108231993934056,0.17349783360660703
2023-05-11,320.162841796875,320.7026506508327,318.12132077434427,319.67209558317825,44278500,0.0032546173838018,0.16950472927635363
2023-05-12,319.0144958496094,321.114904109604,316.9631801847053,320.6928395840267,48432800,-0.0035932036859411,0.1580334067343834
2023-05-15,320.7419738769531,320.97752251513634,317.96433305634275,319.4856645520145,33375600,0.0054004369085346,0.15845066664007268
2023-05-16,321.1050720214844,322.81285929154046,319.98615625643214,320.0254243410232,40019200,0.0011314165441288,0.15844545277666594
2023-05-17,324.9918212890625,325.5708983222604,320.9873447050186,322.16511784019536,47486100,0.0120316200087653,0.16270512261368797
2023-05-18,331.0279235839844,331.2438531052805,325.3647233452558,325.3843424098208,64213500,0.0184027163511057,0.17224715415444738
2023-05-19,330.28204345703125,331.95056269847424,329.22201480691604,331.2438869159886,61554900,-0.0022557665252609,0.1691477611657579
2023-05-22,331.39117431640625,332.40211049164327,330.0170607205077,330.0268852313511,43015900,0.0033525065497689,0.16900837550897121
2023-05-23,327.1903381347656,330.8218725069687,326.8370151983698,329.67354301090694,48216700,-0.0127573977596509,0.176959853112153
2023-05-24,325.511962890625,326.7486529543009,323.46064727807794,325.2371462045606,62891200,-0.0051428620392033,0.16145500979262611
2023-05-25,333.4326477050781,334.69878147156203,330.4391074318428,332.86339520970245,66862800,0.0240416757276027,0.17674027076222432
2023-05-26,341.9519958496094,342.7862705013703,334.3552531548107,334.4534083996253,63007000,0.0252294751449316,0.17421613070021746
2023-05-30,343.5027770996094,347.37965474183784,342.0796009058038,346.18223261994183,72652200,0.0045248321467853,0.1739169295502501
2023-05-31,341.549560546875,344.1112715102419,340.09697083767367,341.9225324839208,65105400,-0.0057024018113223,0.17627738064094955
2023-06-01,345.4952392578125,346.8202303805542,340.2442475601742,341.2944518902576,50488600,0.0114860692966263,0.1721966151526768
2023-06-02,348.0862731933594,349.24442703511033,345.49514883634424,347.25199866394627,53372100,0.007471496694626,0.16749659650419932
2023-06-05,348.33172607421875,350.88361288576164,347.30117080070033,347.870423343083,47266200,0.0007049010544845,0.16530726213901156
2023-06-06,348.2727355957031,349.23460886434486,346.39808164669563,347.72310228584183,41390400,-0.000169365779011,0.1562804801398272
2023-06-07,342.3641967773437,350.5105719689488,341.73602724452684,348.5574116172454,69225900,-0.017110822486641,0.17327112357675792
2023-06-08,346.61407470703125,347.0753773858951,342.4329369727751,342.6586610808147,47153900,0.0123369110691732,0.1718878014643031
2023-06-09,347.9390869140625,351.0406067697449,346.4962917589313,348.06668572991623,53196900,0.0038154424676575,0.17032124516749672
2023-06-12,353.8182067871094,353.91636202351594,348.6261332475332,349.59780119658103,44606500,0.0167558142271253,0.17579357771283677
2023-06-13,356.53692626953125,357.3711708179742,353.3666951460303,356.56636984238486,57097800,0.0076545734115362,0.1733607635267486
2023-06-14,359.12811279296875,359.4127540150757,353.7495528675448,356.5467826318429,69525600,0.0072413704873881,0.17349207559177604
2023-06-15,363.4074401855469,364.8894735642349,357.2436681859802,357.8619833305113,71138800,0.0118454445943344,0.17415250602530047
2023-06-16,361.1205749511719,365.9495318537329,360.678921240826,365.82193301981806,80932000,-0.0063127243694777,0.17756576356327491
2023-06-20,360.60357666015625,361.9992210577164,357.645252046979,359.6698977267216,49204700,-0.0014326758451749,0.1719341290887695
2023-06-21,355.6894226074219,359.8959722626949,354.7655515621823,359.4635207098651,53378300,-0.0137212876798435,0.1815709750527443
2023-06-22,359.8861083984375,360.0433362169983,354.0382053490681,354.44117286954963,47603000,0.0117296741598942,0.18377394752603626
2023-06-23,356.31842041015625,358.6182598188581,354.6279363156579,355.99406677913646,48922900,-0.0099628454022325,0.18080803771028145
2023-06-26,351.54180908203125,358.5789391758396,351.453357180665,355.78768031078647,52685500,-0.0134961214996877,0.18832503672126608
2023-06-27,357.58624267578125,358.31356381466287,352.357562831848,353.08485397686843,49428100,0.0170479223605285,0.18017140176730118
2023-06-28,358.2840881347656,360.23008989079324,355.689379134913,355.76802304065137,46498000,0.0019496426936509,0.1616104387538705
2023-06-29,357.5666198730469,358.62810268773603,355.9252956971378,357.98923340395874,46151000,-0.0020045199199528,0.16202026953626417
2023-06-30,363.0803833007813,364.1319981969894,360.9279635699781,361.2424492431404,58712500,0.0153025572818016,0.16587711482879572
2023-07-03,363.9353942871094,364.5643955337729,362.63803984892405,363.7191685474118,19432900,0.0023521123113882,0.16291899692220374
2023-07-05,363.9255981445313,365.62592029282894,362.33340387544496,362.372725830964,34460900,-2.691761938221746e-05,0.16209064871751017
2023-07-06,361.1539611816406,361.59625066873787,358.2644125170553,360.22028225556915,49374700,-0.0076450933606417,0.16555241659497777
2023-07-07,359.9549255371094,364.1221830587918,359.7288917758838,360.9279564882664,47133700,-0.0033255359118292,0.16636562555737702
2023-07-10,360.07281494140625,360.75097612528987,357.1734584248159,359.67968541300456,48498800,0.0003274579539725,0.15204268283014163
2023-07-11,361.8518371582031,362.3039346865907,358.3627408147586,360.4955145791754,38214100,0.0049285637019557,0.14805651849911447
2023-07-12,366.4220275878906,367.76851216158144,363.9452542171989,365.95025409017205,61975400,0.0125509115297961,0.15239866095588947
2023-07-13,372.6433715820313,373.46895267792223,369.0166935573786,369.59656492256886,46960000,0.0168361039660172,0.1524937522866998
2023-07-14,372.5647277832031,376.289665406279,371.6899868150142,373.0757931842789,55148500,-0.00021106533648,0.15155465011396513
2023-07-17,376.04388427734375,376.91862507940266,372.80052870575423,373.2821100498036,40868900,0.0092950614979535,0.15259691410636786
2023-07-18,379.1202697753906,380.48643025096686,373.4787840563649,375.4051399126897,55262000,0.0081476391592175,0.15016766094319245
2023-07-19,379.0318298339844,381.3218613524213,377.70499127103625,380.1817645869032,54093000,-0.0002333039553751,0.14737000552217314
2023-07-20,370.2944030761719,377.50843718826167,369.2722421956274,376.0439867938081,71941700,-0.0233218120475824,0.17184103520481356
2023-07-21,369.1837768554688,373.4001640896318,368.7513253445873,372.6728429155879,60499600,-0.0030038129208736,0.16389264866499959
2023-07-24,369.7734375,371.1002458310115,367.9158578464102,370.15672901962193,40380100,0.0015959266875826,0.15984529433353734
2023-07-25,372.2796936035156,373.9406936381096,370.4614357556858,370.4811117285034,38894400,0.006754949284244,0.1554457535251178
2023-07-26,371.041259765625,372.7317435500611,368.74142077875103,371.2378395055728,47075700,-0.0033321675601184,0.14632771646678452
2023-07-27,370.15673828125,378.107900449921,368.8692218728485,376.4960604398785,63940200,-0.0023867358157902,0.13730987337220343
2023-07-28,376.8990478515625,377.9211786460314,373.69498364625855,374.206049043493,56902900,0.0180508410928484,0.1486219949143569
2023-07-31,377.09564208984375,378.2750608303682,375.7786414927813,377.2037699714263,44019900,0.0005214738123729,0.14793219355251025
2023-08-01,376.2209777832031,376.9777530728904,374.1570097276664,375.749204229579,41060600,-0.0023221701914352,0.14120786025853932
2023-08-02,367.9650573730469,372.75147785059374,366.72667080407234,372.75147785059374,72687100,-0.0221886967580718,0.1635819209328059
2023-08-03,367.3753356933594,369.49827117137113,365.3899820551256,365.5570778539925,47666400,-0.0016039423692103,0.163740029882748
2023-08-04,365.6553649902344,371.6113658724889,365.1541075912585,369.301688634089,61702800,-0.0046927744171469,0.16221339007880722
2023-08-07,368.7513427734375,368.849632665804,365.13450268771936,367.4638261668701,37230400,0.0084312849832527,0.1637432085144406
2023-08-08,365.6160888671875,366.2647661725059,362.4906682092696,366.2451201913258,44726500,-0.0085387037068401,0.16714920235575226
2023-08-09,361.5962524414063,366.0583493117143,360.83947730891896,365.9010914931724,51150900,-0.011055580719279,0.17120917432318147
2023-08-10,362.2645568847656,367.93552607556165,360.74116871206576,364.6037180742225,72035300,0.0018465003896731,0.16520561517623325
2023-08-11,359.9549255371094,361.6847316779536,358.4315371702507,359.7092158009151,48707200,-0.006395948260683,0.15360616836995847
2023-08-14,363.9943542480469,364.1122901045981,358.44132104712014,359.1587741724269,42130800,0.0111595404391291,0.1598704455027302
2023-08-15,360.1318359375,363.8174817408834,359.4634827031511,363.02135465299926,45539900,-0.0106681818600943,0.1584528927904596
2023-08-16,356.31842041015625,361.12448699666,356.2201305221544,359.59126072419207,53190500,-0.0106454049149103,0.15656253714621465
2023-08-17,352.42633056640625,358.058007797812,352.01355505893343,357.7140082123444,62604300,-0.0109831613242634,0.15862402903112094
2023-08-18,351.9840393066406,353.24207168176065,348.62271765147574,349.1632969494942,61191400,-0.0012557774184071,0.14129119189420464
2023-08-21,357.6550598144531,358.33322103619656,352.9865751686361,353.44851063860824,50696500,0.0159831701542768,0.15494347591255705
2023-08-22,357.1439819335937,360.269402241501,356.4559827490985,360.2595642550805,44530200,-0.0014299906354107,0.15453304420594963
2023-08-23,362.775634765625,363.8666014896594,358.1071502121783,358.3233759596713,51770600,0.0156455459157333,0.16344151007985744
2023-08-24,355.0210876464844,366.3433815822802,354.81469986472706,366.24512168211504,66842500,-0.021607367593535,0.17801226667842282
2023-08-25,357.77301025390625,359.4634943837441,352.4263641685524,355.85649237018794,69960500,0.00772154620389,0.18122332429224772
2023-08-28,360.4659423828125,361.39962118043815,357.99900757131473,360.69197609475015,40910000,0.0074987432466524,0.17013884341000568
2023-08-29,368.3385620117188,368.6923996492779,359.9451385295393,360.2694622029247,58492400,0.0216050417070941,0.1889083748012497
2023-08-30,370.39263916015625,370.972540483372,367.44412257396607,368.4466374093423,41731500,0.0055611092068792,0.19024479430145844
2023-08-31,371.5032653808594,373.2035874718416,370.402490614343,370.471296535716,35730700,0.0029940239420636,0.17376386697439486
2023-09-01,371.1101379394531,374.2945263884665,369.6260415972673,373.8719128585272,39801200,-0.0010587675266102,0.17369269376613172
2023-09-05,371.5818786621094,372.800589196893,369.380299316676,370.30417020396686,32344200,0.001270353728201,0.17267973874041212
2023-09-06,368.30902099609375,371.149439669224,366.3040513379726,370.805440073003,42998700,-0.0088469232806685,0.1733868949351269
2023-09-07,365.6750183105469,366.4514693964616,362.8149536720257,363.85676044832894,52060700,-0.0071773059133506,0.1726101901710518
2023-09-08,366.1860961914063,368.4171596418996,365.2229332864503,365.62590082593965,35800100,0.0013966528725456,0.16787902426654058
2023-09-11,370.500732421875,371.0117977846171,367.2475384918476,369.2132160323528,39936600,0.0117137578623767,0.17222517176553187
2023-09-12,366.3924560546875,370.4810687428494,366.1074244266524,368.82987689238536,41391000,-0.0111503783637367,0.17557714358853507
2023-09-13,367.7881164550781,369.39014857434654,365.4981151393808,366.62837381440505,46300700,0.0038019586293209,0.17194285627911796
2023-09-14,370.795654296875,371.7784932851186,367.4736837114587,369.5376215916778,48039400,0.0081441119726195,0.1688775951368997
2023-09-15,364.4464416503906,369.8618928673542,363.5127328219973,369.4589253726717,69811200,-0.017271509654336,0.176227350787742
2023-09-18,364.826416015625,365.9386364532325,363.22206476755633,363.5075090480625,36903500,0.0010420637368429,0.17069736263099625
2023-09-19,364.0488586425781,364.8461081913443,361.0271681103356,363.50752673963694,37621700,-0.0021335822329166,0.17091237581663796
2023-09-20,358.8026733398437,365.466112467644,358.72391560385915,365.1117927675392,45514200,-0.0145155047323196,0.17123781210036537
2023-09-21,352.22784423828125,355.9090030735523,352.0605365859801,355.1215757656396,69734800,-0.018494329969316,0.1830224447270126
2023-09-22,352.2771301269531,356.1058927539744,351.9621591548039,353.9700615556488,51589700,0.0001399163683597,0.17323693684025857
2023-09-25,353.9502868652344,354.0388968388634,350.32821151607146,351.31247308077525,39168000,0.0047383033522408,0.1578708791151848
2023-09-26,348.6352844238281,351.91289229277817,347.6510228478301,351.3715304036116,53657700,-0.015130125214791,0.1632795791825602
2023-09-27,349.45220947265625,351.36167917526865,345.83010434399625,349.78685477636566,56066000,0.0023404671445409,0.16076260630992692
2023-09-28,352.37548828125,354.50149684068487,347.68054144851845,348.5368441938577,56453300,0.0083305225018679,0.1422589064424684
2023-09-29,352.63134765625,357.23771418524734,351.40102081312307,355.849901901727,64829600,0.000725835192485,0.1399409398153419
2023-10-02,355.5743713378906,356.9720060523361,352.2869410494211,352.8971784631042,51625100,0.0083112591270192,0.14365748986920138
2023-10-03,349.3341369628906,355.3282864453552,347.7199335363626,353.13337228482897,60478500,-0.0177055527627128,0.15340010703988752
2023-10-04,354.0881042480469,354.9345547909679,349.70812819170675,350.17073233689933,54786700,0.013516887547881,0.16313193673241128
2023-10-05,353.04473876953125,354.4817520633378,349.5506226679585,354.078201267947,45897400,-0.0029509765978949,0.16141841835241397
2023-10-06,358.960205078125,360.1511531623578,349.2652226471083,350.0526198848716,75049100,0.0166167453529719,0.17249572548557926
2023-10-09,360.79095458984375,361.3322864922869,355.10192335075635,356.5979902725734,45304800,0.005087184467458,0.17358048370174803
2023-10-10,362.7889709472656,365.436636991541,360.62361350091794,361.1255664796792,46968800,0.0055226005173668,0.16926998599897117
2023-10-11,365.3775939941406,365.5646061019628,362.3952825342405,364.1177403419748,38215100,0.0071100049811184,0.16728287327941624
2023-10-12,364.1078186035156,367.8578521974668,361.71607057032304,365.8795071756126,49587900,-0.0034812942139961,0.16702713292747925
2023-10-13,359.5310974121094,365.31856077000174,358.13343264064804,364.73784999596586,52469900,-0.0126493534696436,0.16902089153105543
2023-10-16,363.5960388183594,364.64920581637176,360.70230764915857,360.8499408644695,44201100,0.0112427926432508,0.16422496242185788
2023-10-17,362.4051513671875,364.09808260584856,357.93659506794,360.0527516069459,50999100,-0.003280679247867,0.164524885923084
2023-10-18,357.65106201171875,362.1196172018905,356.3223031072061,359.91488126610767,54280500,-0.0132049646909419,0.1704292919875856
2023-10-19,354.3046875,360.2594588062133,353.5074379211459,359.0685105524273,72274200,-0.0094005818690252,0.16612624172662002
2023-10-20,349.0191345214844,354.37351949388653,348.7927435626663,353.80263100200693,72559700,-0.0150304946885779,0.16180234212388997
2023-10-23,350.07232666015625,353.60582210048005,345.59391848351896,347.70025266627835,60665200,0.0030130333266092,0.16223667230010866
2023-10-24,353.4779357910156,354.2456587734363,350.1905050695075,351.8834365227024,47082100,0.0096812862206389,0.16504967016445082
2023-10-25,344.826171875,351.2632505247359,344.24546119183015,351.08609066287613,71190500,-0.024780626537073,0.17894985315875234
2023-10-26,338.25128173828125,344.5604010176588,336.9619016866416,343.6253406577943,78621400,-0.0192513840527401,0.1898931718330333
2023-10-27,339.8753967285156,343.34983924117734,338.664744054355,340.97776499899555,63476700,0.0047900138636179,0.18795790194498405
2023-10-30,343.7041931152344,345.0231001713401,340.997473475985,342.355729372727,55298500,0.0112023134796385,0.19310864425970903
2023-10-31,345.3478698730469,345.72189409468723,341.1647579872037,343.7336964353076,47671900,0.0047708437830375,0.1912874959124055
2023-11-01,351.3420104980469,351.9030468160759,346.0860571858595,346.18448935280355,58992700,0.0172079104481384,0.19199802232216961
2023-11-02,357.72003173828125,357.95624490601404,354.62943595313834,355.8499407400772,58162400,0.0179905082612965,0.19645982328366707
2023-11-03,361.9228210449219,363.21220132553935,358.7830241681351,359.0094151473788,53280500,0.011680341359942,0.19974519378874475
2023-11-06,363.3992309570313,363.9602672996411,361.1354412045345,362.6905613761771,38848700,0.0040710521543807,0.19211291425216487
2023-11-07,366.8343505859375,367.70047565765793,363.2417713219163,364.4425718071657,50777400,0.0094083456432528,0.1939630635607505
2023-11-08,367.0705261230469,367.9071544964655,364.7870319858255,367.2083071286431,35663400,0.0006436135056663,0.193198280497694
2023-11-09,364.2456970214844,368.9012351592412,363.7535662221592,367.7595181376134,53859400,-0.0077253671155393,0.193694140445562
2023-11-10,372.4347534179688,372.5823866474113,365.436637969596,365.9681476328688,58309800,0.0222332321185847,0.20806754609651548
2023-11-13,371.2732849121094,372.3264519626699,369.3342884882079,370.8599118886135,40733500,-0.0031234554160219,0.20269688778952832
2023-11-14,379.2654418945313,380.1808278486308,377.1492858370328,377.6709431910885,67792600,0.02129792587459,0.21156635306204052
2023-11-15,379.5509338378906,381.6474157438796,378.1926480938821,381.155284969226,54141400,0.0007524665148519,0.21075549866296697
2023-11-16,379.8757934570313,380.112006639624,377.52339371034566,378.7832474129765,45343500,0.000855539125184,0.20330138981463777
2023-11-17,379.96435546875,380.9781437125755,378.241897673309,379.14740152203535,46571900,0.0002331069561011,0.1986606234609248
2023-11-20,384.5903625488281,385.2498310279321,379.9741733069402,379.9741733069402,44429600,0.0121013275425521,0.1890674981937261
2023-11-21,382.3560485839844,383.10409690163175,380.6139166222421,382.88755818006416,43337000,-0.0058265356050379,0.19246422431713575
2023-11-22,383.9210510253906,386.8836878506186,382.9171150755001,384.4230340189749,44121000,0.0040846963015741,0.1914298175621913
2023-11-24,383.3797302246094,384.1080741677964,382.3856164361023,383.51751122375975,15718800,-0.0014109744283244,0.16213737803261258
2023-11-27,383.0451049804688,384.9939237494987,382.1690977273863,382.8876195179838,34139700,-0.0008732109139277,0.13816055606915512
2023-11-28,384.0490112304688,384.62972193238,381.9426771250106,382.2970268974436,35491100,0.0026174280363397,0.13858917891303948
2023-11-29,383.6749877929688,387.9368570741418,383.3304902471519,386.50966582887696,38811700,-0.0009743696108682,0.13904755224528675
2023-11-30,382.7104187011719,384.40334982807576,379.7478117570499,383.9407456818497,52834400,-0.002517191984441,0.14162467378040633
2023-12-01,383.8029479980469,384.3935109305604,379.9938606373886,381.6474128186037,40490100,0.0028506483622637,0.13444363071655432
2023-12-04,380.2399597167969,380.5155517714202,376.6375585502535,380.0135687287101,51186900,-0.0093267382586795,0.13244661502574184
2023-12-05,381.1946716308594,382.38561971941857,378.1631291761713,378.3403190869991,42933000,0.002507667434756,0.12854510851784226
2023-12-06,378.9899291992188,384.2262082878161,378.6454616580141,384.12777611720855,41994100,-0.0058005611033255,0.13151066030822647
2023-12-07,384.2852478027344,385.1120239390845,380.86985886236414,381.96240485355264,49593500,0.0138754769479445,0.1355302414453822
2023-12-08,385.9978942871094,386.44079399552544,382.3659664916928,382.5529786032287,46687500,0.004446804591604,0.13561562952938852
2023-12-11,389.2951049804688,389.5608748143193,385.3679111336152,385.5745976420608,41198000,0.0085057664014782,0.13196154487497888
2023-12-12,392.3956298828125,392.5137364822701,388.2026653783669,389.3345603395468,39221200,0.0079329100985516,0.11400444235684186
2023-12-13,397.3857727050781,397.9960100971529,392.5628968248012,393.33061967890825,55408100,0.0126369377981719,0.11725945256150302
2023-12-14,397.0412902832031,399.9054650273427,394.0392744636932,398.60626257953487,55447800,-0.0008672475033016,0.09775967987216586
2023-12-15,398.9606323242188,400.1417583745453,397.2184999354061,397.81888515217855,62896600,0.004822465137871,0.0980265434650701
2023-12-18,401.4735412597656,402.37101203906553,399.0277159333285,399.3531578172472,46610000,0.0062788853207433,0.09876487292395067
2023-12-19,403.5248718261719,403.6432143177387,401.739802351394,401.92718799546697,35711900,0.0050964945351618,0.09871261809155196
2023-12-20,397.5286254882813,404.81686222390726,397.3511117357138,402.7260644342573,54042400,-0.0149711807153708,0.11062465857781337
2023-12-21,402.1540222167969,402.5189517146843,398.8994831384828,401.4538090400257,45568900,0.0115682097739584,0.11235666831955249
2023-12-22,402.755615234375,404.32371344102273,400.8817888923147,403.3670715052,34314000,0.0014948091105046,0.11222663154185794
2023-12-26,405.22119140625,405.8918189348546,403.5150068640605,403.61363564115584,22722500,0.0061031054474165,0.11213087144129909
2023-12-27,406.0460815429688,406.3322463869044,404.644888619348,405.5033831511548,31980500,0.0020335848579112,0.11143380768978187
2023-12-28,405.84869384765625,407.4472479623729,405.493479675344,407.2005614161215,27029200,-0.00048623960933,0.11200694403683037
2023-12-29,404.09228515625,406.1842123547382,402.1779951562804,405.8289680708048,42662100,-0.0043371344090866,0.11395882729435675
2024-01-02,397.2541809082031,400.7077928852175,394.9353211295864,400.4611063154308,58026900,-0.0170669504911255,0.13173890892249462
2024-01-03,393.0506286621094,395.6852544540013,392.6164880071653,394.6294287174648,47002800,-0.0106379003046347,0.1384672305887034
2024-01-04,391.0278015136719,394.2939291818346,390.8107161348315,391.1856845267472,39432800,-0.0051597686109752,0.1352150301176607
2024-01-05,391.4915771484375,394.2643317193187,390.1002613136189,391.1955653168191,44922800,0.0011853398183188,0.13514776051836197
2024-01-08,399.58294677734375,399.86908153761993,392.56716456476687,392.7151704947561,42473800,0.0204573692399189,0.14785325526035797
2024-01-09,400.372314453125,401.2998583916522,396.38585093731285,396.5832122441471,39132900,0.0019735301966035,0.14196656512844388
2024-01-10,403.0858459472656,404.0923162885945,399.7999941615258,400.68805977012255,33962800,0.006754656172611,0.142700606120883
2024-01-11,403.9246215820313,405.7501083394396,398.8823321098312,404.3587923820562,54536200,0.0020787238097893,0.14076798018415485
2024-01-12,404.1318054199219,405.7994090479151,402.7404895467562,404.9606686844044,39595000,0.0005127954818685,0.13900161961228824
2024-01-16,404.09228515625,405.6710850682904,401.4379355206149,402.8983307090454,43903000,-9.779531237481123e-05,0.13290035190665478
2024-01-17,401.8129577636719,402.1879261807825,397.57983776151127,400.7867632793887,54386000,-0.0056565793316646,0.13467965221814782
2024-01-18,407.5162963867188,408.09847302098166,403.7370717564685,405.0790321107484,59562500,0.0140942218661221,0.14200013334023093
2024-01-19,415.5978393554688,415.7557223922179,409.1346625144501,409.71683927383793,70325100,0.0196371373412664,0.15517369502676387
2024-01-22,416.1405334472656,419.1007723864439,415.53860253748337,417.7982600260596,44880600,0.0013049636437532,0.15466657237124204
2024-01-23,417.8673400878906,418.08442548159593,414.9959046992415,416.8312383898438,33003800,0.0041409899426544,0.14278826834122352
2024-01-24,420.1861267089844,424.1528657583579,419.692753602394,421.7748037710198,46948000,0.0055337580004357,0.1393830332539392
2024-01-25,420.6993103027344,423.3536603803969,418.360726282685,422.68264997969175,44367200,0.0012205792486691,0.13940099172478088
2024-01-26,418.1929626464844,420.56114783250166,417.5417064505357,418.8146176568495,37137000,-0.0059753920605981,0.14127081977434897
2024-01-29,422.475341796875,422.67270306450007,417.9955060170797,418.6467620645206,38694700,0.0101881233525919,0.144447064378723
2024-01-30,419.6631774902344,422.0116384359929,418.75538778321743,421.4393388479263,36739000,-0.0066786513029185,0.1472946883464197
2024-01-31,411.443603515625,417.2654006290457,411.2659964098067,415.2721839553905,64010600,-0.0197804714502569,0.16390814609109164
2024-02-01,416.2885437011719,416.7819168628328,412.2724789381055,413.2395011756799,51008600,0.0117066747581215,0.15428308842922056
2024-02-02,423.3240356445313,424.5377143092311,417.18647251424335,418.1830657905494,59602400,0.0167592930108573,0.1546846425897991
2024-02-05,422.7714538574219,423.916053037669,419.3671671611068,423.3832317302422,39889200,-0.0013061926757221,0.15251673163353696
2024-02-06,421.9228515625,424.5179991788691,419.5842676232192,423.9160682702638,35846100,-0.0020092537027132,0.15358258906989972
2024-02-07,426.2645568847656,427.0934202261627,423.4029984199902,424.70551086208974,37712700,0.0102376979434099,0.14314483388487084
2024-02-08,427.053955078125,427.8137389159285,425.70211741625366,426.382944683857,29889900,0.0018501846789456,0.14315746291525527
2024-02-09,431.2574768066406,432.0468919482536,427.3993251082334,428.1887101367379,36943900,0.0097949419750792,0.14452374909721655
2024-02-12,429.5701293945313,433.3197833916252,428.8892720404384,431.14892949261775,33203300,-0.0039202961452088,0.14659823730794533
2024-02-13,422.8701477050781,425.5540990543251,419.692823167463,421.61699064734256,64491700,-0.015719857074881,0.1601322594297742
2024-02-14,427.4782104492188,427.9025041084018,423.19573534961575,425.54419623622834,45092700,0.0108381648705539,0.16265219769666797
2024-02-15,428.7511291503906,429.2149010993665,425.6132531423956,428.1689524677369,38796100,0.0029733146952133,0.15980194410041698
2024-02-16,424.8634033203125,429.2248055310627,424.1529447100537,429.1261549818656,53716500,-0.0091089187527077,0.1598840487482721
2024-02-20,421.6564331054688,424.379832396936,417.8870550394781,422.8701117733365,53999500,-0.0075768704269785,0.14948070773984137
2024-02-21,419.9690856933594,420.0579193614601,416.04185462250535,418.9231370059664,49779000,-0.0040097398075171,0.15033616546898884
2024-02-22,432.263916015625,433.29998748267104,427.9616869153111,428.7313477484864,53887800,0.0288552153369089,0.179549097282893
2024-02-23,430.9910278320313,434.7505286525933,430.0141586762791,433.82298476432334,39853900,-0.0029490456212903,0.17961970781151884
2024-02-26,430.7640686035156,432.7869165083509,430.576584404699,431.80017024641353,33043200,-0.0005267372010956,0.17972024927636784
2024-02-27,431.8001708984375,432.184986282359,429.26422577428366,431.8692503640229,33713200,0.0024023782711773,0.17788312519425964
2024-02-28,429.5010681152344,430.88253708025496,428.5439229619259,429.6589511430398,32938800,-0.0053386855602392,0.17648123160972282
2024-02-29,433.181640625,434.25719051548447,429.25437937497,432.4218567885407,42495200,0.0085329050981696,0.17624166143721118
2024-03-01,439.7039794921875,440.6611245537349,434.0104645029844,434.0696668685972,43853000,0.0149445932169848,0.16401407815048022
2024-03-04,438.1350708007813,440.1283175514719,437.8883842316844,439.7039937666643,34325700,-0.0035744829564563,0.16252035197924192
2024-03-05,430.2707214355469,435.1058025012789,427.9025362866196,435.0959254018696,57917100,-0.01811264834444,0.16857716630993735
2024-03-06,432.9744262695313,436.1319964262868,431.09961428378455,434.4841469349036,46234500,0.0062640692089783,0.16943707343948422
2024-03-07,439.5461730957031,440.7993301178958,435.01698085540727,436.5563328635165,44526700,0.0150641053201408,0.17565267318466057
2024-03-08,433.2013244628906,442.6938486090239,432.5303442452579,439.9013398799173,72096000,-0.0145401973295111,0.1817840591818295
2024-03-11,431.5929565429688,432.8461134391734,429.6687893111129,431.7113612748173,45860000,-0.0037196586741537,0.18238948088400436
2024-03-12,437.7798461914063,438.1350603881726,430.6752611250207,433.901940644511,55300900,0.0142332359057337,0.18585346546587458
2024-03-13,434.4150695800781,436.8030089363392,433.3000414147338,436.7832547374501,37928700,-0.0077156911674067,0.1875038400454528
2024-03-14,433.31982421875,436.1715056274267,430.6062716458752,435.6485312451789,52195200,-0.0025243791641321,0.17844406393207923
2024-03-15,428.1689453125,433.0533211737261,427.0045618535446,430.2904437237258,73069800,-0.0119582296816115,0.18033296224326828
2024-03-18,432.2525634765625,435.77002263361766,432.0154107319482,433.4876272298241,47323800,0.0094922053531596,0.1830457399718161
2024-03-19,433.32952880859375,433.7346333318046,428.15212113029696,430.2468145521752,43004100,0.0024884199831886,0.17984555203297034
2024-03-20,438.4674072265625,438.80334096798737,432.8256441272629,434.5250931534227,43653500,0.0117870061037132,0.18079872569655156
2024-03-21,440.5423278808594,443.97086631640985,440.344735757662,443.51637126483735,39345700,0.0047210501210557,0.17975288732130754
2024-03-22,441.0462341308594,442.1429563269523,439.1788031661495,440.0285427517674,28253900,0.0011431779553215,0.15154585194900758
2024-03-25,439.4455871582031,440.9276637079466,437.2521126584658,438.2500236979711,27789200,-0.0036358060284306,0.15178741011576652
2024-03-26,438.0227966308594,441.8860798362607,437.79553403539165,440.967169447926,34142000,-0.0032429470976996,0.15240513756695373
2024-03-27,439.51470947265625,441.2042983789603,436.64936762664576,441.10548724918266,41359200,0.0034002290929402,0.1525767834404918
2024-03-28,438.7045593261719,440.3150873730311,438.3488452662453,439.4653477847637,36839600,-0.0018449842882695,0.15126757969892937
2024-04-01,439.6333618164063,442.1825204613971,437.7264002216161,439.65311198392817,38729000,0.0021149100228421,0.14886034120432848
2024-04-02,435.8392028808594,436.15538646711934,432.79601878365486,434.8215114618378,44259700,-0.0086677363586289,0.14274563256851766
2024-04-03,436.8173828125,438.694673809478,433.70502798159896,433.71488798828096,39949800,0.0022418448616805,0.14254814192717688
2024-04-04,430.1381530761719,441.60944178188765,429.9108904729682,440.996824784503,57267700,-0.0154087761451287,0.13850388010602782
2024-04-05,435.2068786621094,437.87462875113954,430.7507584555262,431.5609676118008,54744600,0.0117150578562583,0.14283684097091331
2024-04-08,435.3352966308594,437.2125875865216,433.9520311978938,436.135615565394,28144900,0.0002950298637472,0.132304372043962
2024-04-09,436.9458618164063,437.94377295312506,432.213088463687,437.6671198430058,39443600,0.0036927703875354,0.12257064160169852
2024-04-10,433.1319580078125,433.9915576445621,431.0669348170311,431.7783328186388,61502200,-0.0087668669378037,0.12591458986141385
2024-04-11,440.0483093261719,440.99682993017785,432.7268471276374,434.9993827274123,45474600,0.0158420803288787,0.12827988468301552
2024-04-12,433.03314208984375,436.9557061389372,431.6597667487768,435.82934357135736,53665000,-0.0160702491119115,0.13772998846805867
2024-04-15,425.9092712402344,436.8667534586716,425.0694218407343,436.7778324850197,63453600,-0.0165879204196408,0.14894233835336573
2024-04-16,425.9488220214844,428.5770414842701,424.5655565549986,425.7511997464469,47619000,9.285767568871148e-05,0.14333336875369876
2024-04-17,420.7516784667969,427.9446892970782,419.822908016896,427.9249391300538,56880500,-0.012276380663792,0.14452676714396614
2024-04-18,418.3507080078125,423.12298141821606,417.7776215004224,421.3938920422411,46549400,-0.0057227271671529,0.1446251611871535
2024-04-19,409.69537353515625,417.69859329896826,408.13426609892537,417.17492743365193,75231000,-0.0209062029559076,0.1505042455760271
2024-04-22,413.8155517578125,416.1473377835961,408.9938577655325,412.3235850098198,47807700,0.0100064552277645,0.1550678423363244
2024-04-23,419.9908752441406,421.18640859511777,413.8649465536008,415.7422375545966,44384700,0.0148126380386594,0.1664593030335474
2024-04-24,421.4136657714844,424.5951913796426,419.1312702431236,423.0834744692618,48440300,0.0033819448650214,0.1675369970933896
2024-04-25,419.3783264160156,420.2379260997075,413.1437260161894,414.2305581685324,57392200,-0.0048414907612846,0.1677783457537157
2024-04-26,425.85003662109375,427.38150380995216,421.8188012818527,422.51041898043206,41874900,0.0153138180464176,0.17746959019791866
2024-04-29,427.5791015625,428.5770427945168,424.84221094712433,427.9545657944638,30022200,0.004052046572702,0.1784995310298714
2024-04-30,419.5165710449219,427.39133873179975,419.4375402321003,425.9981832015452,43665900,-0.0190362771330684,0.18828520161571605
2024-05-01,416.4832763671875,425.00030192305,415.6335669199923,418.0938044365129,52251700,-0.0072567190011175,0.1877400111323399
2024-05-02,421.7990112304688,422.6981413555137,415.6039416492919,420.2181234298724,36559000,0.0126826158542949,0.19419945036883485
2024-05-03,430.2765197753906,431.2645709118845,427.4506778454958,429.2489381506173,48515300,0.0198991473770915,0.20111057804809387
2024-05-06,434.989501953125,435.0784229348323,431.3040604511998,432.07473911225696,30227200,0.0108938261040984,0.20052788092052232
2024-05-07,435.0586242675781,436.6889023896573,434.32744602239535,435.43408847265937,30996100,0.0001588930830729,0.20052570823843802
2024-05-08,434.8017883300781,436.2048342357661,432.3217702850969,432.44036175201296,24896700,-0.000590522206193,0.20007213021758402
2024-05-09,435.7502746582031,436.3233611678897,433.220866316018,435.068517003567,24580100,0.0021790464780999,0.19777006617650086
2024-05-10,436.7778625488281,439.0009775019168,435.236505260254,437.2521379272072,27116600,0.0023554274570575,0.18976055541621376
2024-05-13,437.7856750488281,438.78361632455744,436.3727691901708,438.6848051824084,22994200,0.0023047220762753,0.18106328653630016
2024-05-14,440.6016540527344,441.1352101310495,437.1731152629732,437.36084739880766,34478300,0.0064117242080513,0.17092762391753585
2024-05-15,447.48828125,447.73529399413815,441.5599753906856,443.07169217869387,41464700,0.0155091617684423,0.1774172097527401
2024-05-16,446.5793151855469,449.2569250327754,446.4113332432386,447.30057313923777,34780400,-0.0020333280867079,0.1701784538360019
2024-05-17,446.3619995117188,447.3105201778688,444.16852474110857,446.7077932936881,35803700,-0.0004867412326918,0.16781025394744073
2024-05-20,449.4743347167969,450.1363120758127,446.3916200736185,446.57935219702347,24474200,0.0069484739755394,0.14363043609695286
2024-05-21,450.3536682128906,450.5414003294952,447.4290454718327,447.6266677481299,23167700,0.001954448568265,0.1423821270602359
2024-05-22,450.2647399902344,451.3614923460644,447.6661608786562,450.6105638917276,25120000,-0.0001974825789375,0.13746788272346058
2024-05-23,448.2392578125,455.0765544193966,446.4508877649814,455.0469140930316,40899200,-0.0045085733924924,0.1401110795207658
2024-05-24,452.47802734375,453.74273158486886,448.1503585670211,449.8498077178615,29669500,0.0094120561304746,0.13883271999752966
2024-05-28,454.187255859375,454.24653650445447,451.23299315219873,453.6932303817644,26216800,0.003770367239396,0.13217834618331262
2024-05-29,450.9860229492188,452.7645027751896,449.899160765381,450.0375023855627,29739200,-0.0070732230650057,0.1366763133500948
2024-05-30,446.1544189453125,450.1955740876065,444.8304342178574,450.05723247359657,30536800,-0.0107712248639307,0.12250176110788527
2024-05-31,445.3245239257813,447.07339375346913,437.7659386834424,446.3817458895466,55941300,-0.0018618392860533,0.11819829143747956
2024-06-03,447.7156066894531,450.1363138301229,442.54808850150624,449.13840270768463,32997500,0.0053549407142345,0.11341076532912032
2024-06-04,448.9407653808594,450.1362987474651,445.7394895235668,447.4586887576052,23767400,0.0027327290409254,0.094964898288113
2024-06-05,457.99127197265625,458.0703027841876,448.9802518119225,452.5076010658575,33817400,0.0199591737201418,0.10968695714423907
2024-06-06,457.8331909179688,458.98922386503307,456.6672979648091,458.6730403056571,21966800,-0.0003452213009435,0.10983365131958256
2024-06-07,457.4281005859375,460.17488126832046,456.32148824669326,457.4676310703176,25829700,-0.000885190627513,0.10994043914032615
2024-06-10,459.2757873535156,459.6315014350847,456.015230729256,456.3017739959468,20660800,0.0040311583576744,0.11007733263496514
2024-06-11,462.4276428222656,462.5462342770449,456.5092266656226,458.001193404112,22053300,0.0068392232278067,0.11109229465541312
2024-06-12,468.484375,470.80630087751473,465.6585636171395,466.3501812244709,34532600,0.0130126532403538,0.11664501291386188
2024-06-13,471.0237121582031,472.6737707294216,468.7512067349177,472.0117632384013,25859000,0.0054056870324007,0.11635064414015914
2024-06-14,473.4642333984375,473.5334042157013,470.36173831129486,470.8261235583217,23372600,0.0051679360936503,0.10773875672384026
2024-06-17,479.2640380859375,481.0425179080329,472.4267417314664,473.7309461963046,37054500,0.0121753001497656,0.1110861341738562
2024-06-18,479.4122619628906,480.0940196286849,477.6535322250408,479.2146698362232,24438600,0.0003092261238265,0.11077229474417853
2024-06-20,475.7169189453125,481.0227480217305,473.8890185540874,480.6077834849521,33918700,-0.0077379301770287,0.1163874802504387
2024-06-21,474.4423522949219,476.77416848361605,472.9504156934659,475.440293517699,37456800,-0.0026828500304393,0.1178620852729461
2024-06-24,469.0409851074219,474.9490265120443,468.9024538055791,473.2171889334799,37751000,-0.0114499662770023,0.12716323821297792
2024-06-25,474.4047546386719,474.7016290052878,470.1889574276186,471.129109923321,29014700,0.0113707171419311,0.12889407291539276
2024-06-26,475.3844909667969,475.92880093044886,473.1677483971883,473.5833725285637,22737100,0.0020630612110127,0.1265663269113374
2024-06-27,476.611572265625,478.08612876340686,474.3255491311016,475.137045968693,26222100,0.0025779139762897,0.12646527727222012
2024-06-28,474.1375427246094,482.1436072423702,473.4942947892967,477.4033117975724,34881600,-0.0052043911190408,0.12487670107605976
2024-07-01,476.9184265136719,477.4824878396145,471.3171649653183,475.0579331837277,24898300,0.0058480085385922,0.11575476423983001
2024-07-02,481.9259033203125,481.98527819601577,475.2954269921551,475.4240826231297,26723600,0.0104449120164139,0.11685240468600275
2024-07-03,485.9437561035156,486.0724117323164,481.1737731635959,481.1737731635959,18064900,0.0083025143393141,0.11780117703726073
2024-07-05,491.0106201171875,491.4460560048313,486.4880424937544,486.7849470721582,28495900,0.0103728681057738,0.11980201903615764
2024-07-08,492.1783447265625,492.7325303409693,490.3574448219615,491.376753741408,22109400,0.0023753829633938,0.10539799673043407
2024-07-09,492.60394287109375,494.8108099558045,491.0898230006632,493.6925326931675,25614500,0.0008643497682447,0.10493463588631792
2024-07-10,497.739990234375,498.29417582384775,493.2174432132333,494.5237205593621,28046900,0.0103723428569107,0.10626416756494282
2024-07-11,486.8244934082031,498.0567033848079,485.6369657380776,497.8488913276848,49966600,-0.022174157732123,0.13973734781501793
2024-07-12,489.6845703125,494.43474194079687,486.9334234559476,487.398546818786,37109400,0.005857774779215,0.13941858096511184
2024-07-15,491.0007019042969,495.8102781057871,488.9620840273778,491.4559193387255,31151400,0.0026841075709985,0.13431529246371035
2024-07-16,491.188720703125,493.2669318468274,488.0318257726437,492.4554349867678,25950600,0.000382856497529,0.133947975015241
2024-07-17,476.7699279785156,483.72696575199,476.7006774277901,483.2123734563895,56268800,-0.029794370584094,0.17267294754196033
2024-07-18,474.5135803222656,480.6690269613123,471.3269980390128,480.4909023481686,49347400,-0.0047438053280756,0.1679321372354979
2024-07-19,470.3077087402344,476.690779451391,469.0212128794801,474.1771324025522,42042900,-0.0089030579899536,0.17040448663069743
2024-07-22,477.314208984375,478.3335178356134,472.7520385486271,476.1662445168207,40300000,0.0147878131437665,0.17678363866284377
2024-07-23,475.63189697265625,479.4023526021881,475.1568979647483,476.4137064409748,23282500,-0.0035307636998246,0.17697971255926226
2024-07-24,458.5708312988281,469.2686376662744,457.7098653963061,468.90248253079744,58818600,-0.0365294647688806,0.21489851783473218
2024-07-25,453.5138549804688,463.0835086179752,450.9012698036603,458.9073044861217,59256800,-0.0110889442909248,0.21258064128932888
2024-07-26,458.16510009765625,461.0943714926242,454.998298988983,457.8484139466182,39992100,0.0102037794058849,0.2164461935465584
2024-07-29,459.08538818359375,463.05377989321454,456.8290524680878,460.87660060595,28218500,0.0020066239407731,0.21631103848435906
2024-07-30,452.781494140625,461.7177744944523,449.4365688567625,461.01515173154047,41317200,-0.0138265674370148,0.2200584702106239
2024-07-31,466.1809997558594,467.8831499165186,461.5693600159238,463.0141989264488,44552100,0.0291643139836853,0.24428501333189473
2024-08-01,454.8893737792969,470.6144420320547,451.2475742960661,466.8637986918458,56653900,-0.0245197153687311,0.25335139973698884
2024-08-02,444.09271240234375,448.8626959709487,439.8571329773261,446.2105172152805,66323200,-0.0240209024868747,0.2602350528515176
2024-08-05,430.8515319824219,437.69972643798087,419.05525994795903,420.3021625718776,87483500,-0.0302697949505614,0.2693103105921502
2024-08-06,434.9683532714844,442.4301081222253,430.04993302092026,432.6922358150409,63164400,0.009509719941637,0.273285300965823
2024-08-07,430.2577209472656,444.3400455113918,429.8618783945526,441.85608592677744,54929200,-0.010888897153498,0.2726604637087656
2024-08-08,443.4197387695313,444.3301736904715,432.6130580671069,436.482481983236,47890100,0.0301324328487387,0.29563992204398637
2024-08-09,445.7354431152344,447.368312622144,440.985241585035,442.1035187615354,33574000,0.0052087861119899,0.29137067512275844
2024-08-12,446.6953430175781,449.6543015423584,443.8946973509151,446.7052488965294,27795000,0.0021512038522986,0.29003858276672045
2024-08-13,457.7790832519531,458.0463003756158,450.9507011946519,451.0892626959362,40084500,0.0245099137655738,0.3061398437485464
2024-08-14,457.9276123046875,460.2828863360715,453.6425338785786,458.6995159420648,34733700,0.0003244031189411,0.3061309634185845
2024-08-15,469.4962768554688,469.892119441888,463.51895413772047,463.8950151651175,38280600,0.024949248710371,0.30525759612905107
2024-08-16,470.0998840332031,471.46556648913753,466.75495864422777,467.71489267478665,38383600,0.0012848227481008,0.3049735483528045
2024-08-19,476.2751159667969,476.314709281999,468.4571123615935,470.23844913548015,23737700,0.0130504706438485,0.3067786060910997
2024-08-20,475.2756652832031,477.9278438448903,473.5833906524261,475.3647276004776,29209300,-0.002100678325998,0.3024859461200383
2024-08-21,477.4923706054688,479.34295796614543,474.3453815043976,476.0574073595781,25658800,0.004653198341019,0.30268025589430714
2024-08-22,469.9217834472656,480.5008398814065,468.8925686132165,479.8080927390778,37739600,-0.015981919345792,0.27869447021351357
2024-08-23,475.018310546875,477.72986373864114,470.3472959517967,474.2661885575702,36061500,0.0107870891536504,0.27687250915216693
2024-08-26,470.40667724609375,475.3943780311616,468.32846606891127,474.4740372901176,27452600,-0.0097557605018517,0.2782378397624662
2024-08-27,471.8119812011719,472.8807591898748,466.81437423876616,468.7738357857168,27510000,0.0029829700028221,0.27829159557919736
2024-08-28,466.45806884765625,472.0692054646564,463.0339871430499,471.346801146548,37372400,-0.0114124296357754,0.2767594198600746
2024-08-29,465.7752380371094,472.96977514887374,464.4986179028176,468.3680414193151,41081500,-0.0014649357143088,0.25775313938613675
2024-08-30,471.3270263671875,471.9504927515124,465.626826998042,470.1098112366977,33466500,0.0118489806202989,0.24469320849356013
2024-09-03,457.01708984375,468.41751833575614,454.6420043496884,468.2888929130331,44985200,-0.0308313906682204,0.2546449287001377
2024-09-04,455.8295593261719,459.6297325855357,452.9794746829276,453.9097213390106,32505100,-0.0026018196781905,0.2279751628914548
2024-09-05,456.255126953125,460.53026908790207,453.18729411410754,454.206603100529,34452400,0.000933175754922,0.2266716487868472
2024-09-06,444.0332336425781,456.4331887234478,443.5384229367161,455.5524111706059,50624400,-0.0271527318136895,0.24484579812991297
2024-09-09,449.743408203125,450.73302976862993,445.151579843626,448.3579440515888,32981200,0.0127778059657797,0.225924686570219
2024-09-10,453.8997802734375,454.40449687986967,447.5365215646032,451.50488306344096,29680300,0.0091992092332741,0.2273522093308682
2024-09-11,463.7564086914063,464.49862479430976,446.5963760163785,455.1368141392579,57843000,0.0214830077303565,0.23832869850465196
2024-09-12,468.3086853027344,469.1201821772386,462.00480120861374,463.78610782015113,40067800,0.0097682293611185,0.2257570493777846
2024-09-13,470.40667724609375,471.5843292398022,467.34875045430647,467.57637427019046,29111800,0.0044699288416126,0.226038119875136
2024-09-16,468.3284606933594,468.94202118034616,465.0132528878114,468.2789916995769,22585600,-0.0044277024774063,0.2095881621880847
2024-09-17,468.5758972167969,472.6432574845495,466.082061787513,471.3468556724097,30084400,0.000528200188421,0.20954070885118795
2024-09-18,466.5471496582031,473.8604366394035,465.9434648552166,469.7733253245315,39909200,-0.0043390027618268,0.20432661878254765
2024-09-19,478.3434753417969,481.183714662508,475.50326622193984,477.6012591522515,52782500,0.0249699558472469,0.22311551153460196
2024-09-20,477.4329833984375,478.670010233335,473.3359360248487,477.4824523914932,34577700,-0.0019052409388256,0.22266180485564607
2024-09-23,478.6985473632813,479.7886668451641,477.271487358506,478.6093598933944,24843000,0.002647260681642,0.2150414349181277
2024-09-24,481.0075988769531,481.95896214496486,475.8543534522044,480.1057741228812,25952600,0.0048120062131543,0.21255513359452868
2024-09-25,481.45355224609375,483.40584748164935,480.20486720146965,480.3832421383325,26549900,0.0009266938214269,0.20919420473340566
2024-09-26,485.0706787109375,489.26267065114985,481.4336511100025,488.93561973207926,32020200,0.0074848477375188,0.210281787267147
2024-09-27,482.3751831054688,486.2302350383357,481.1958761808272,486.091478815064,22851100,-0.0055724101716521,0.20677023297397562
2024-09-30,483.6833190917969,484.0202596018101,478.5796124436247,481.41389274489046,30281100,0.0027081937230011,0.20649654225207517
2024-10-01,476.9444274902344,483.61395044024334,473.109215140219,483.31665887950265,42735400,-0.0140304132843982,0.21005220041018996
2024-10-02,477.6183166503906,479.530962836938,473.42632437830656,476.0425807215539,23744000,0.0014119329006829,0.17631679123606275
2024-10-03,477.2615356445313,480.19492312784206,474.6848980169124,475.428157126228,25337200,-0.0007472794019161,0.17581002719464756
2024-10-04,482.9400634765625,483.4950278786583,478.0543806808698,483.0688998990654,30686600,0.0118279203848511,0.1788547811694701
2024-10-07,477.7669677734375,482.19679333270193,476.5480119306122,481.0274062437878,24975100,-0.0107694552724787,0.15126882405616746
2024-10-08,484.9022521972656,485.5860530274448,479.5012539107751,480.3039713647608,28272000,0.0148242302648927,0.15300864471063066
2024-10-09,488.7176818847656,489.2924859223005,483.5644363639998,484.6049871224668,24995000,0.0078376563284611,0.15245076932297538
2024-10-10,488.1626586914063,490.0257663240612,485.130164010439,486.43830727293584,25750400,-0.0011363177863797,0.138352784510115
2024-10-11,488.9257507324219,489.9465223032904,485.7644497271091,486.32930368033,20644500,0.0015619716471963,0.13577418336375768
2024-10-14,493.028564453125,494.3465973585844,490.808706825702,491.3141024770898,26060100,0.0083564734782571,0.13730530903774832
2024-10-15,486.4383239746094,494.0195609373264,484.2878142839425,493.35556948418406,34784500,-0.0134569938170957,0.14610776193428412
2024-10-16,486.4978332519531,487.27082160671534,483.1878559254946,486.7653956751536,22996800,0.0001223292545475,0.14615926611748664
2024-10-17,486.8346862792969,492.02757992175697,486.7752279737182,491.978041414871,27210700,0.0006921643611673,0.1445321783345026
2024-10-18,490.0258483886719,491.11596795664815,488.8663507019846,489.61952972045816,25335000,0.0065335292969213,0.1196206069968028
2024-10-21,490.9672546386719,491.7699720639436,486.894178959246,488.8167449574573,30336500,0.0019192928800046,0.11912284191365764
2024-10-22,491.50238037109375,492.9790090488197,487.54825154691343,488.30143046324906,26685800,0.0010893482429818,0.1190281726585105
2024-10-23,483.97064208984375,489.807717724267,480.6903945433638,489.1536461260324,39346600,-0.0154425346121813,0.13143859942118136
2024-10-24,487.8951110839844,488.5689920905471,485.0409912405532,487.6869767564032,22024900,0.0080761984099533,0.13417810126244833
2024-10-25,490.8681640625,495.7835760452956,489.98614869868027,490.68978912710674,38762100,0.0060751403285313,0.1333574028995544
2024-10-28,490.9473876953125,494.0393406046325,490.6500961629891,493.9798822981678,20477800,0.0001613819069021,0.13149828692153984
2024-10-29,495.6646728515625,496.8439798063239,489.41138819730327,491.2645761995589,28014100,0.0095626666089987,0.13482770766911092
2024-10-30,491.9186401367188,495.8529597761459,491.4330538371036,494.9015965333086,29756000,-0.0075862980500123,0.12731531074575098
2024-10-31,479.5012817382813,488.0041535101138,479.4021744649269,487.9546149950835,41245200,-0.0255667698496821,0.15806414690216578
2024-11-01,483.049072265625,486.339240047618,480.8391344021652,481.1364259666195,33655800,0.0073716799929313,0.15995017502451825
2024-11-04,481.641845703125,484.9815519553387,479.8976545652101,482.4445631601672,23291600,-0.0029174682469513,0.15495610689008626
2024-11-05,487.78607177734375,488.450063211135,483.1382224706754,483.2274099331328,24353600,0.0126761530937577,0.1559505562127993
2024-11-06,501.0359497070313,501.8585067937989,495.10971593005127,496.06107920229374,43082200,0.0268009221805968,0.17383249139266496
2024-11-07,508.9243469238281,509.70728521710686,503.7711019992823,503.8305603075559,32853100,0.0156215202930998,0.17937797046499618
2024-11-08,509.51904296875,510.29200105591366,507.8045506782223,508.42889322268616,22924500,0.001167853055781,0.1790591070715605
2024-11-11,509.2216796875,510.9460310487798,506.3279110734033,510.73789673440615,24167500,-0.0005837860077291,0.17928527101488573
2024-11-12,508.3000183105469,510.0342895835151,505.2477141771709,509.1523347344934,25835300,-0.0018115812779767,0.17815424660381834
2024-11-13,507.6459655761719,510.351409345938,505.36664976558126,507.7946415908849,24567400,-0.0012875740149741,0.17012864216129556
2024-11-14,504.1180114746094,508.1811374050533,503.2062669199819,507.30907205086606,28679500,-0.006973896047189,0.17288593622268786
2024-11-15,492.1069030761719,498.80612454252906,490.0455808993772,498.41964553643646,51461100,-0.0241144148488104,0.19468008134205173
2024-11-18,495.5259094238281,497.6268806924794,492.265501060555,493.6529120920853,27080800,0.0069236662907352,0.19483673130683146
2024-11-19,498.9349670410156,499.4205835584643,492.612304704476,492.9492754485386,24523000,0.0068561188314343,0.19602671100156405
2024-11-20,498.6476135253906,498.9548248827178,492.0970072679585,498.6376937257053,29565500,-0.0005760997218082,0.19607705109966658
2024-11-21,500.4413146972656,502.4034993526954,493.0879914090944,501.6899694116418,34526700,0.0035906775630928,0.18723491384251967
2024-11-22,501.24407958984375,501.9774189553284,498.2611231276005,499.8863976863741,23826600,0.0016028287304958,0.1857478713225977
2024-11-25,502.0368957519531,506.8532310485175,499.727850499698,505.3171439038621,26375200,0.0015804472458273,0.18493831195256763
2024-11-26,504.7323913574219,505.5549483710925,502.6710994101925,503.5134355358176,26557100,0.0053547562102537,0.18549055122124702
2024-11-27,500.7584228515625,503.6720009661568,497.4187167746415,503.6026531011734,24957400,-0.0079045758381423,0.1855779839601259
2024-11-29,505.1585083007813,505.7531216213566,500.7683318681806,501.38275454356886,15334000,0.0087484629724689,0.18525084853525436
2024-12-02,510.6585998535156,511.6199130371729,506.0305903133928,506.4170995466131,25147200,0.0108290070268117,0.1600143210948023
2024-12-03,512.2244873046875,512.5019997630951,508.755944494111,509.33074852467934,18597900,0.0030617158384243,0.15922451188964867
2024-12-04,518.5570678710938,518.8147407281132,514.9299292457346,515.6434895026028,26086200,0.0122871042949809,0.16105511034008002
2024-12-05,517.1199951171875,519.3299326318131,516.7334859011141,518.6065131914003,18169600,-0.0027751385592113,0.1588621795070381
2024-12-06,521.7481689453125,521.986002234317,517.6552830516758,517.7841194976523,23762600,0.0089100900524252,0.13508794654271863
2024-12-09,517.6848754882812,521.6191642626006,516.5352676467476,520.8263667260869,20674400,-0.0078183278405368,0.12943672163821976
2024-12-10,515.9209594726562,520.6580271192222,514.4938993957188,518.9138358600111,24350000,-0.0034131342303889,0.13024858750275078
2024-12-11,525.1571655273438,525.8409663614733,519.8751140774373,520.2814024633593,32168600,0.0177440062688596,0.14300820243175544
2024-12-12,521.7678833007812,524.2057949010591,521.2922168369533,522.9372703487448,23577500,-0.0064747597183781,0.14525013483351976
2024-12-13,525.76171875,528.3779449247531,522.5607082907461,525.6923406392922,28780400,0.0076252829383683,0.14656732209422255
2024-12-16,533.3330078125,534.3042408794819,528.2094917796982,528.2887896903175,31979900,0.0142979052873088,0.14925969607323805
2024-12-17,530.9843139648438,532.6492071689107,529.3293405604305,531.5392783661994,28579100,-0.0044135289582559,0.11675711269564051
2024-12-18,511.8280029296875,532.0545942641155,510.3811639392644,530.3401626443599,54703200,-0.036743843425924,0.18132810182981413
2024-12-19,509.5486755371094,517.0704840052069,509.2117652949213,516.5055998486908,46441800,-0.0044632528320516,0.18138742875619254
2024-12-20,513.9983520507812,520.1030209685301,504.7126029813591,505.852260942774,60530000,0.0086946753313583,0.18320480483129764
2024-12-23,519.006103515625,519.3833002478667,512.3159202923702,515.7106302984251,29672800,0.0096955839193108,0.18531464639501677
2024-12-24,526.0437622070312,526.1330632045123,520.3163815436208,520.9516666586724,17558200,0.0134687641467139,0.18971488934623026
2024-12-26,525.6863403320312,527.3142356084127,522.4206745678785,524.4158307733787,19090500,-0.0006796836714989,0.18998419967201197
2024-12-27,518.6983642578125,522.559632331355,514.0330843757536,522.1228814363513,33839600,-0.0133821959071922,0.1970114063143781
2024-12-30,511.7997741699219,515.5220627362082,508.04770850678767,511.7005373751371,34584000,-0.0133890453316166,0.20111330254083784
2024-12-31,507.4521484375,513.8345947756108,506.4893152844088,513.0802618771279,29117000,-0.0085310648014865,0.2016737765763748
2025-01-02,506.45947265625,512.8221071633047,501.9728555249536,510.4993728244697,36389800,-0.0019581116889767,0.19802641472462842
2025-01-03,514.7477416992188,515.8098417331423,508.7424629551306,509.5563498900305,29059500,0.0162326527301211,0.20601663262631859
2025-01-06,520.6637573242188,524.018784806924,518.1723564940825,520.1476411928097,36109700,0.0114274952718224,0.20540356351924016
2025-01-07,511.3728942871094,522.1030076792526,509.4869713360559,521.7059999662438,36690300,-0.0180053954962895,0.21474020715126327
2025-01-08,511.4623107910156,513.1000813782965,506.7970304272541,511.2737124172426,30777800,0.000174840489827,0.2120153289365747
2025-01-10,503.4419555664063,507.7994984696709,500.1961312090663,507.7002616861164,40532500,-0.0158054753646567,0.21702266437769394
2025-01-13,501.8240051269531,502.28059733248006,496.0073239549711,497.4962392396563,31694200,-0.003218952794126,0.21700020366232237
2025-01-14,501.3475646972656,506.39004165996994,497.8833646668992,504.9805217962677,33737200,-0.000949868357201,0.20567497846116822
2025-01-15,512.8817138671875,514.0231792721111,507.680415704871,509.2388513156959,34957600,0.0227456388589107,0.22227771475847377
2025-01-16,509.2884521484375,515.2242416848954,509.1594079772868,515.144815906314,28229000,-0.0070306816606343,0.22105790454894245
2025-01-17,517.8843994140625,520.1971979799845,509.3181691473964,518.9861821179226,51837900,0.0167374905335007,0.22340592877774013
2025-01-21,520.9218139648438,522.0831509199561,516.2168513724278,520.6041714349437,23628000,0.0058479111268271,0.2244870534278934
2025-01-22,527.5822143554688,529.8751413083515,525.3488415863966,525.6565483001042,33593000,0.0127047484773928,0.1873099521351361
2025-01-23,528.7039184570312,528.8230268358762,524.5448792406889,525.1304853393235,23096600,0.0021238649043408,0.1860784395561072
2025-01-24,525.7161254882812,529.8453571094432,524.2470818339253,529.0810884811151,19878300,-0.0056671930365897,0.18598272614135372
2025-01-27,510.4100646972656,514.1620993962705,506.3800397959972,507.2237644449725,60771700,-0.0295469306010269,0.21105140236452843
2025-01-28,517.953857421875,519.1350658267572,507.9979796464781,511.4125304134355,33194200,0.0146717088850105,0.21211426872297867
2025-01-29,516.981201171875,518.7282048637726,513.0802502522747,518.5991606876129,26649000,-0.001879647477966,0.2121508382369665
2025-01-30,519.1846923828125,522.2121410225601,514.380493502768,519.8398489654351,27431300,0.0042531693936366,0.20771670256828725
2025-01-31,518.4302978515625,527.5921301044531,517.338450995146,523.0260873773669,38755200,-0.001454093611356,0.20202777969428876
2025-02-03,514.28125,517.000992221849,507.27342449560086,509.6755241871737,40580800,-0.0080352934642819,0.20175215727947876
2025-02-04,520.59423828125,521.2295233442737,514.4003603770645,514.7974286874838,26046800,0.0122006302453427,0.20538693002816893
2025-02-05,522.9566650390625,523.11551659981,516.7727228160936,517.9638671852232,21134100,0.0045276771570594,0.19856091230574896
2025-02-06,525.6863403320312,525.8948102853632,521.8548794809367,523.4629031663001,19434500,0.0052061215196083,0.1954927970508162
2025-02-07,519.0556640625,528.1678176426686,518.3310780658987,526.2223405922623,29605500,-0.0126935937740175,0.18995964672982563
2025-02-10,525.3389282226562,526.4407109622551,522.8574028177311,523.3239005134812,20852800,0.0120325019193838,0.19393806967813473
2025-02-11,524.0882568359375,526.0039872775455,521.9442454321847,522.0732896066455,19325500,-0.0023835326483586,0.18438183907223016
2025-02-12,524.3958740234375,525.2793115026069,518.0928244789425,518.4402137606293,25009400,0.0005867846489472,0.18351622038553278
2025-02-13,531.9398193359375,532.2574012792994,525.2793832223591,526.0635234537466,28714800,0.0142834775303083,0.18786684627442898
2025-02-14,534.1732177734375,534.8581212532781,531.7115032138299,532.0490173479468,17862600,0.0041898028200229,0.17351844438830655
2025-02-18,535.3840942382812,536.0094434356852,532.0786857068766,535.7414193270516,20565000,0.002264258246993,0.17042565018052344
2025-02-19,535.5330810546875,536.8135264180986,532.4956962288245,534.590089236306,19666900,0.0002782415312869,0.1622975170953696
2025-02-20,533.2599487304688,535.1161249242239,528.52523935916,534.7488640035847,26550800,-0.0042536500300566,0.16273461071015022
2025-02-21,522.1923217773438,534.4212850908257,521.8250608987436,534.4014135025412,47093800,-0.0209730614104862,0.17394440088759533
2025-02-24,516.0283203125,525.160347339716,515.6908667320525,523.9791386398983,39268400,-0.0118743042496659,0.17800658798503688
2025-02-25,509.5266723632813,515.4823335308943,505.67533996149535,515.402907751773,48940000,-0.0126794469343264,0.1818616223243658
2025-02-26,510.7575378417969,515.8198259825109,507.59110865878125,511.72040130693927,34457600,0.0024127905995875,0.15077695361673477
2025-02-27,496.5730590820313,515.2341477107384,496.3546836416381,514.3010917647001,52448000,-0.0281643711058191,0.17014749686893516
2025-02-28,504.4147338867188,505.0202115627976,493.2577747457523,496.43413947250224,47654000,0.0156681935217837,0.18083635470929205
2025-03-03,493.37689208984375,509.2487196326077,489.9325334541656,507.7399630206097,44587200,-0.022125445414242,0.1935085686873077
2025-03-04,491.8879699707031,500.0174498903787,484.1356867718227,490.5280988504062,67875400,-0.0030223817166129,0.19348538457238912
2025-03-05,498.3002624511719,499.90828614862966,487.6297026672125,492.5331995401363,46323700,0.0129518447279264,0.1994893620328506
2025-03-06,484.59228515625,494.8955530213461,482.60706486522406,490.04170516165766,57574300,-0.0278949437488667,0.21270022916776635
2025-03-07,488.1557922363281,489.63477178176,476.9789913818525,483.56000203653406,54714700,0.0073267130593274,0.2142322816626304
2025-03-10,469.2366638183594,480.39359355913183,465.19673274957023,479.87744712390025,76668000,-0.0395273464339715,0.24564825125961495
2025-03-11,468.114990234375,475.2717015064333,463.55891291656457,468.85944790641054,68760800,-0.0023932834908408,0.2443879673984036
2025-03-12,473.3956604003906,477.5050507939482,468.3035653299785,475.6190975102553,46971100,0.0112175587948194,0.24369104281234824
2025-03-13,464.8790588378906,472.760386273074,462.9831697151138,472.7306091786664,46563300,-0.0181542469229822,0.24768300537802224
2025-03-14,476.1154174804688,477.00876061202655,469.62373821824536,470.2292461988736,43563000,0.0238830153000817,0.26749823460995137
2025-03-17,479.202392578125,482.2497130174167,474.2691189068619,476.0657408601252,41744400,0.00646274111008,0.2618545290439259
2025-03-18,471.0332336425781,476.0657441300447,468.9189691557921,475.86724027334935,39072300,-0.0171943883700754,0.2629033870008587
2025-03-19,477.3363342285156,481.74349565345614,471.3608014299573,473.28646764378425,40430300,0.0132926943464101,0.26994763020823875
2025-03-20,475.7183532714844,480.9692391887988,472.66109702608,473.355936252415,36780500,-0.0033953613211431,0.2692619476244204
2025-03-21,477.2866821289063,478.0509810732746,469.4152905592447,470.5766275228687,42234900,0.0032913368029754,0.27101416955090135
2025-03-24,487.7604370117188,488.605419984488,481.53742091872255,484.8576794709337,34567200,0.0217070564494758,0.28005336880694803
2025-03-25,490.5438537597656,490.70291186860106,487.5218407035887,488.4861096315565,26035200,0.0056903036913618,0.279846217276757
2025-03-26,481.51751708984375,490.24562966600536,479.9667384790256,489.390696139039,34627100,-0.0185720704216408,0.283293615292261
2025-03-27,478.77386474609375,483.7045451624613,477.411965606546,479.559204740424,33469800,-0.0057142235392316,0.28284680265019174
2025-03-28,466.1687622070313,477.6803158784236,465.2840071747282,476.9745201773356,46363800,-0.0266806680623105,0.28123089965556064
2025-03-31,466.1488952636719,467.08331235256605,454.6273605455005,459.19026229129486,53000300,-4.261839986229638e-05,0.27323681228403335
2025-04-01,469.9065856933594,470.8310825660288,461.6755176682955,464.538472789733,41156200,0.008028820282098,0.2676035155975813
2025-04-02,473.336181640625,476.72603385839966,463.10698198476695,463.3654552205704,49894500,0.0072719583536823,0.26963188430891943
2025-04-03,447.9967651367188,457.35115906183495,447.4798490710848,453.7426062022167,70456300,-0.0550198677477586,0.32065921655683605
2025-04-04,420.1722106933594,437.7675929050692,420.1722106933594,435.5507906868112,117088400,-0.0641213590116236,0.37337635620453674
2025-04-07,421.1861572265625,440.5212273303754,400.01204418212296,406.24497996843866,161557000,0.0024102619352918,0.3714171012835975
2025-04-08,413.6012573242188,440.5212428610244,407.3683213181599,435.5706616527368,101248100,-0.0181725514938453,0.35487045443784676
2025-04-09,463.24615478515625,465.0653269802432,412.97499289588256,413.1141801222823,142876900,0.1133562014715063,0.5452129882607999
2025-04-10,443.5432739257813,452.89766878987024,430.07336033484415,450.8796663706337,108384100,-0.043463193946574,0.5630219151299592
2025-04-11,451.7146606445313,453.0964608286063,438.7218921533725,442.0222794815872,52483800,0.0182553280634117,0.5648810056423098
2025-04-14,454.7764892578125,462.3017305650004,449.95514472763216,461.7152208667026,43941200,0.0067553671262593,0.5583118258271258
2025-04-15,455.2834777832031,459.64754944257936,453.4543549864483,455.8302457357999,35404200,0.0011141871880984,0.5575751100589034
2025-04-16,441.5550842285156,449.94520996662885,435.17304059444126,446.3764289285455,48980600,-0.0306174746935968,0.5639535436019961
2025-04-17,441.4755859375,445.10401010316673,438.7517574071589,444.5274509761507,44837000,-0.0001800578256596,0.5609491123617876
2025-04-21,430.5505065917969,436.48522787937225,425.40112526573694,435.64027525418857,44149300,-0.0250580827682504,0.5657901765393389
2025-04-22,441.8533325195313,444.9349886334612,435.0338562821401,436.22677695266526,52304400,0.0259133623751221,0.5751904639453139
2025-04-23,451.8737487792969,460.641633756553,450.20368411807647,455.4624310494103,55801100,0.0224248238239603,0.5755947579203665
2025-04-24,464.5881958007813,464.896361425193,453.1362539590864,453.78243704630535,45956100,0.0277485888271446,0.5850932207506456
2025-04-25,469.7673645019531,470.29423120888106,462.63975320893314,464.2104027176438,38697100,0.0110861902384664,0.5839038143020597
2025-04-28,469.61822509765625,472.0040358662156,463.2759238213188,470.2345562596675,33550800,-0.0003175254276862,0.5836745934618683
2025-04-29,472.7198486328125,473.60460372916896,466.8149487060188,467.3915381780168,30613100,0.006582849238648,0.5765062572416829
2025-04-30,472.6601867675781,474.3799741649081,459.697238824554,464.36947606745446,46810600,-0.0001262177390668,0.576507622035212
2025-05-01,478.8334655761719,484.3009628787672,477.8990181556589,480.5532529218463,43316500,0.0129761568348189,0.5775581140208779
2025-05-02,485.9411926269531,488.0089176296903,481.9648310617846,483.66474747370063,39218100,0.0147347478254879,0.5791724654873455
2025-05-05,483.058349609375,486.14003597307794,481.2391774925475,481.7362227016212,28309500,-0.0059501607531556,0.5429107040962764
2025-05-06,478.5650634765625,482.1835367600156,475.3640911725845,476.7259901676863,32786300,-0.0093452775235835,0.48712804355601963
2025-05-07,480.4438781738281,482.9291041737698,473.9624196873836,479.2310866723673,38006300,0.0039182473059438,0.4870083525955656
2025-05-08,485.4044189453125,489.7883613313791,481.3087712750368,485.642990937839,39577600,0.0102719741872221,0.4789226809925455
2025-05-09,485.0863037109375,488.63521379310254,483.326774588034,487.3130565449711,27767400,-0.0006555760675333,0.28560292610688937
2025-05-12,504.8488464355469,504.88861854839246,498.51649505607935,503.99391286415016,45090600,0.0399322495802159,0.26282244451410225
2025-05-13,512.5431518554688,514.3325026354601,505.4155095627927,506.151126830997,53269600,0.0151258357274548,0.2612272479698396
2025-05-14,515.6148071289062,516.1615447200978,512.7021295054291,513.7161211405411,47014500,0.0059750826907055,0.26121340170297264
2025-05-15,516.1815185546875,518.8456739501621,512.1256121181644,513.4676707665623,50153300,0.0010984948650459,0.2612170895290395
2025-05-16,518.4280395507812,518.616919133845,514.0440673713118,517.5830263951985,48394600,0.0043427484487736,0.2250787381877947
2025-05-19,518.9251098632812,519.4420562576735,511.20100847927887,511.20100847927887,52536200,0.0009583435512278,0.22461427033021844
2025-05-20,517.1954345703125,517.8515075410328,513.6067220946634,516.4001137065187,42517600,-0.0033387561110089,0.1954087556572262
2025-05-21,510.0081481933594,519.909311026266,508.2187974987168,513.2191016405527,71292800,-0.013994117214703,0.2000408776223931
2025-05-22,510.9624938964844,514.6505913275334,509.2725279880036,510.6244764450017,55607200,0.001869487606663,0.19237734705398454
2025-05-23,506.2306213378906,508.8152626278632,502.59224657648224,503.1887069260503,58368100,-0.0093038511977694,0.181764651750509
2025-05-27,518.1397705078125,518.6269257716245,511.5490069592283,513.099785560271,47226300,0.0232526942484601,0.1922508626348244
2025-05-28,515.8434448242188,520.5852756508032,515.326559052752,519.0941399870436,46637200,-0.0044417151552581,0.1941199197482224
2025-05-29,516.8574829101562,523.3687637584553,514.2629211840699,523.21968658337,58513300,0.0019638568817176,0.1941460919185502
2025-05-30,516.042236328125,517.6029654866918,508.9046747674079,516.370303138387,67662800,-0.0015785593434409,0.19462324275980397
2025-06-02,520.1181030273438,520.3566750351536,512.9208369697641,514.18335129797,44762800,0.0078672915129471,0.19250756113925996
2025-06-03,524.183837890625,525.6153304447355,519.6010958649408,520.4659496294596,44070300,0.0077865514679441,0.18907162832163452
2025-06-04,525.6452026367188,526.708886650537,522.8617009643712,524.8896842213366,41359300,0.0027840069831604,0.18590289333899346
2025-06-05,521.688720703125,529.8999177687056,519.5713031286073,527.0468829475419,61031200,-0.00755537592413,0.18437823813378423
2025-06-06,526.7883911132812,528.6572860020211,525.0885352856423,526.8679353376542,42467000,0.0097278434944717,0.1853982075530142
2025-06-09,527.5638427734375,529.2040557008712,525.8838273941709,527.0071545180014,33688700,0.0014709539659596,0.1843810759597442
2025-06-10,531.0530395507812,531.7389643345455,525.7644714899908,528.0309659877803,40664800,0.0065920154321194,0.18380048356628134
2025-06-11,529.2636108398438,533.6078414430042,526.9772151943893,532.4546626717411,53701000,-0.0033752755068301,0.13196246812515164
2025-06-12,530.5062866210938,531.4805365276557,527.703004925698,527.9515275399644,34104900,0.0023451814469804,0.12339747899084076
2025-06-13,523.8458862304688,528.7268432784747,522.6231138097035,524.5616021772432,55814400,-0.0126342775385179,0.13171874924965365
2025-06-16,531.132568359375,532.2062030416474,527.3152949826874,527.3649873706377,37622100,0.0138141171949,0.13928534464126172
2025-06-17,525.9533081054688,530.178191841852,524.7901787794913,528.5677704245282,42180900,-0.0097992070725598,0.14400432744109898
2025-06-18,525.8638305664062,529.4027896913979,524.2832609295995,526.9672562637179,43983500,-0.0001701389642524,0.14403051832294925
2025-06-20,523.7167358398438,530.4069457539052,521.7782471531975,529.1146401876316,61643500,-0.0040913442765981,0.14431528967123347
2025-06-23,529.1017456054688,529.6192118620138,521.1400908129034,524.2849177292203,50666100,0.0102297914058449,0.13770126091395343
2025-06-24,537.1928100585938,538.1083833993794,533.6996241180443,534.3166475371182,45442000,0.0151763313518629,0.14534959854851007
2025-06-25,538.566162109375,540.7058813321303,536.7947253384327,539.4618726543914,44804200,0.0025532723080334,0.13900115948768307
2025-06-26,543.6018676757812,544.0497229160504,538.9244439782782,540.7456288167091,43811400,0.0093067652627398,0.12049700402806651
2025-06-27,545.4629516601562,547.3538082383178,541.9299187322695,544.6369129629151,57577100,0.0034177686451054,0.11801957969945824
2025-06-30,548.9959716796875,550.1503850048523,546.3785725646466,548.6177881825827,45548700,0.0064562172528221,0.11871032588628734
2025-07-01,544.3682250976562,548.0704264374054,542.0493759591154,547.0950823478822,56166700,-0.00846520167911,0.12423250503608547
2025-07-02,548.1599731445312,548.3590266820488,543.5024119311546,543.5421983416136,36538300,0.0069412638999954,0.12377316599976554
2025-07-03,553.5538940429688,554.5292380064824,550.5284872552298,550.5284872552298,26443500,0.0097919508095158,0.12504075553641292
2025-07-07,549.3841552734375,551.683081038451,546.9458859486982,550.8670040005627,45349300,-0.0075611837635819,0.12988633947662007
2025-07-08,549.6925659179688,551.3545443122363,548.4584584278795,550.7275591514004,36153300,0.0005612176960527,0.12524145231841907
2025-07-09,553.5838623046875,554.9572527460838,550.4489361357153,551.8223265771115,43045500,0.0070541025316759,0.12362656857652951
2025-07-10,552.7876586914062,554.6287670725607,550.1005880395711,554.2207589895446,34710900,-0.001439306301044,0.12430026103937698
2025-07-11,551.5436401367188,553.1259849885996,549.4039211443059,550.6479296881262,39618600,-0.0022529816590723,0.12416021546255131
2025-07-14,553.5440063476562,554.2804496744797,548.9859421113066,551.3346156245823,36453300,0.0036202891275029,0.1228420865605938
2025-07-15,554.051513671875,558.1119745200461,553.9918036921638,557.5646229155932,43277700,0.0009164128069556,0.12291110960339778
2025-07-16,554.6187744140625,557.524821997974,548.9162589009651,554.6088733698717,52314700,0.0010233173880193,0.11083966534749101
2025-07-17,559.1072387695312,559.6148040205102,554.5392729959415,555.3453881761403,40423800,0.0080603103511673,0.10523237491652843
2025-07-18,558.5698852539062,562.0232243547773,557.2959911495041,560.4209556781648,50484700,-0.000961554183185,0.09635544376454334
2025-07-21,561.4658203125,563.3467757995568,559.365948479278,559.3958338406302,39595200,0.0051711592720149,0.09601134582330872
2025-07-22,558.5598754882812,561.6449925970527,555.9325146805868,561.5952444003194,43270600,-0.0051890797786151,0.0971190544215118
2025-07-23,561.1075439453125,561.1473303500087,556.8978386154415,559.6446191045442,40215300,0.0045507671466579,0.09377673307887797
2025-07-24,562.3018798828125,563.5259649748344,560.590092369004,562.4212998555654,42275500,0.0021262709073579,0.0822590907069161
2025-07-25,563.6553955078125,564.9790378534013,561.5654850611911,562.2222949681642,30630800,0.002404205393134,0.0822520813900907
2025-07-28,565.4168701171875,566.3125198933016,564.1529379000713,565.0187630549528,31498700,0.0031202184166802,0.07817787222800687
2025-07-29,564.5410766601562,569.3678058353573,563.8145950597007,568.0243008153843,45463300,-0.0015501349141367,0.07883290924765192
2025-07-30,565.2974853515625,567.8849991894002,562.3416890497874,565.4566917408055,43433800,0.001338967937276,0.07685967458229148
2025-07-31,562.3018798828125,571.8757657350329,561.1673293990499,571.7861703841629,64613600,-0.0053132568329536,0.07241249305112525
2025-08-01,551.2252197265625,556.3405979294319,549.0357523301388,556.1515061828632,69400800,-0.0198953856214899,0.10117115053356472
2025-08-04,561.3961181640625,561.6150952409816,556.2708397121321,556.3703360927129,47669800,0.018283276466736,0.1146268212976541
2025-08-05,557.5845336914062,563.8443626007596,557.047083143738,562.6799876518158,48666600,-0.0068126275610381,0.11397703466913627
2025-08-06,564.600830078125,565.0387235781728,557.9428929652461,558.4205728770752,41823700,0.012504864244626,0.12107492227940016
2025-08-07,566.511474609375,570.5719351139983,562.4012659163021,568.9298196969715,44463000,0.0033783495070345,0.11952360221651602
2025-08-08,571.796142578125,572.0151196938974,567.4172684314073,567.7158183687225,35255500,0.0092851982311229,0.12239284987829778
2025-08-11,570.104248046875,574.0353274481827,568.8304148017489,571.9354554685915,33112900,-0.0029632983458161,0.12269967559270262
2025-08-12,577.269775390625,577.5683253251331,569.7460133279651,572.4031988590039,42143300,0.0124904701624115,0.1282821288288735
2025-08-13,577.558349609375,580.5240464797514,576.165035771658,579.9667330931853,41209300,0.0004997699978193,0.1283345195654564
2025-08-14,577.1105346679688,579.0909866487473,575.139983732242,575.508266162602,45425000,-0.0007756595331461,0.12865416560074963
2025-08-15,574.57275390625,577.060771050305,572.811218330625,577.0209239007323,49480200,-0.004407088119421,0.12837245866365482
2025-08-18,574.34375,575.0006204675227,572.482718246351,573.6769784888112,29831000,-0.0003986432582422,0.12826230723901189
2025-08-19,566.5514526367188,573.7965277870278,565.5263603018907,573.6273596101793,53752600,-0.0136601828380133,0.13741173939574933
2025-08-20,563.1876220703125,565.7253875756548,556.1614636230435,565.6059676042936,76781100,-0.0059550750835282,0.13783134881933376
2025-08-21,560.5801391601562,563.774714247948,558.2911148293009,561.6449570276834,46436900,-0.0046406164681475,0.13801522804892472
2025-08-22,569.2284545898438,571.238791941298,560.5702032580724,561.9634564557491,51502100,0.0153096451853133,0.14783466505404794
2025-08-25,567.58642578125,570.542161218221,566.4319517221652,567.6660593438861,34044700,-0.0028888255755319,0.14814979561725
2025-08-26,569.8654174804688,570.1739291946637,566.0736815609588,567.0987738406898,34103000,0.0040071933810882,0.14839187209234747
2025-08-27,570.7412109375,571.6567843025553,567.6361701841732,568.8503542214644,36927100,0.001535662878548,0.14827289660670973
2025-08-28,574.3140258789062,575.2295992365423,569.7161747720991,571.3582297430389,46787900,0.0062404439912471,0.14958036633593455
2025-08-29,567.666015625,572.273828233091,565.8148847062891,571.9055458127416,56030400,-0.0116430850159672,0.1543463981952384
2025-09-02,562.9088745117188,563.2571726003424,556.8580000613789,558.6195355636612,65876800,-0.0084154870764935,0.1397063683442403
2025-09-03,567.3375854492188,568.9597775003773,564.0135677896833,566.5015849549442,54230200,0.0078367573092273,0.12758229566003898
2025-09-04,572.4728393554688,572.8410610450118,566.3026052373926,568.0043701424134,47526300,0.0090107767756357,0.12792719703412556
2025-09-05,573.298828125,578.3345721151251,568.7905728965633,577.707586970244,68342500,0.0014418036962569,0.12123395888053427
2025-09-08,576.0953979492188,578.0559870759845,575.0006946855148,575.5977945125156,46371400,0.0048661725964083,0.12175223172647598
2025-09-09,577.7275390625,578.1554707195171,574.274139701763,576.8915385805233,44007600,0.0028291034084009,0.11808093004856071
2025-09-10,577.9166870117188,580.9719796320359,575.7769677758832,580.942094267134,49308000,0.000327346334867,0.11741620912358314
2025-09-11,581.2804565429688,582.0766099053841,578.8322257294989,580.4444560297375,44745800,0.0058036357172562,0.11102971441631611
2025-09-12,583.8480224609375,585.0422828265267,581.3002953608963,582.2357922273038,50745900,0.0044073595666822,0.11192665369396737
2025-09-15,588.843994140625,588.9534523182087,585.4702282697297,585.6195335974215,44360300,0.008520569483881,0.11516109080239445
2025-09-16,588.3463745117188,590.018314719858,587.6596793599289,589.7695130089575,36942100,-0.0008454361703891,0.11372213777232829
2025-09-17,587.1720581054688,588.9136701422223,581.5690385221046,588.2667613743852,69384800,-0.0019979555646343,0.11412689501000658
2025-09-18,592.4666137695312,595.2731046813599,590.1179399259114,592.0585449007204,61069300,0.008976632155518,0.10383439240639311
2025-09-19,596.4772338867188,597.1738908683575,592.9940097211341,594.4669572446983,58196100,0.0067465512981945,0.10064655731202934
2025-09-22,600.0083618164062,600.6759063866804,595.5446250028239,595.56457167487,57154800,0.0059025168281461,0.09748898261032479
2025-09-23,596.0228881835938,600.376978885606,594.8072966999976,600.1776946146698,64635500,-0.0066645221591326,0.09280682372114721
2025-09-24,593.9305419921875,597.7167610032964,591.2005236200914,597.3979183069385,49850300,-0.0035166894681787,0.09326414403908832
2025-09-25,591.3699340820312,592.9541133753095,586.358211090951,590.0447574609248,70920200,-0.0043206122755003,0.09561835004298322
2025-09-26,593.8009643554688,594.1297803627111,588.9088608410209,592.1868651388552,54337400,0.0041024187923093,0.09595397803754084
2025-09-29,596.5509643554688,599.858888854889,595.2357610619866,596.929586249639,48332900,0.0046204905055936,0.09518876323861267
2025-09-30,598.1849975585938,598.5237869140956,593.9305184146496,596.2520555976123,46533800,0.0027353896996207,0.08165538953703454
2025-10-01,601.0545043945312,601.592517201177,594.1696797218984,594.9966151966095,46899600,0.0047855533571087,0.07162198100980503
2025-10-02,603.5255126953125,604.950301116935,600.7357150581139,604.8506893778672,43765400,0.0041026942697781,0.06966636265901302
2025-10-03,600.9848022460938,605.1197232184186,599.2013385970163,604.3027001978111,46482100,-0.0042186674299411,0.07022265898892738
2025-10-06,605.498291015625,607.1422494333636,603.7645725777412,606.2355880916678,41962100,0.0074820937828216,0.07236163626168608
2025-10-07,602.3099975585938,607.4910851983766,600.835403229105,606.8035939044607,58209500,-0.0052794816740008,0.0767630646639575
2025-10-08,609.2147216796875,609.523591030116,603.0572205300643,603.2066381307736,50629800,0.0113985274425406,0.08322941186776844
2025-10-09,608.4774169921875,609.3840783602061,605.2691043090726,609.2545466200572,45551000,-0.0012109871685766,0.08390951694554043
2025-10-10,587.3545532226562,610.9483641105261,586.9061788056832,609.1748739271294,97614800,-0.0353311527688139,0.15450968332315693
2025-10-13,599.8190307617188,600.7556121211176,595.056398092238,597.497493628088,65872600,0.0209993479385969,0.16974272806278037
2025-10-14,595.8236694335938,600.4966033203683,587.9823159734815,593.1434568492728,69203200,-0.0066832276878474,0.16974774174483986
2025-10-15,600.0282592773438,604.4919961772353,593.7611729131481,601.8117836952674,62805500,0.0070319862665144,0.17111319249480555
2025-10-16,597.806396484375,606.0961241101174,593.3327470469682,602.9077579751356,70982000,-0.0037098030692389,0.17158515785547998
2025-10-17,601.7320556640625,603.306322454893,594.1995718879336,595.7738386787643,72024900,0.006545306134351,0.17033724654197413
2025-10-20,609.3143310546875,610.5697551235123,604.8606284241672,604.9303809627713,45761700,0.0125220215331664,0.174038527774329
2025-10-21,609.1549072265625,610.4899962848245,607.1024069621277,609.4139706950965,44538200,-0.0002616788738295,0.1731646610648951
2025-10-22,603.286376953125,609.1848147458128,597.5573034367524,608.5969960402966,61478800,-0.0096805943185575,0.1750898440205121
2025-10-23,608.35791015625,609.1450131867009,602.319966975814,602.7085014161719,42844300,0.008371372480766,0.17642573399409003
2025-10-24,614.8540649414062,616.1692681518385,612.8912638677524,613.7481193370727,47632500,0.0106215700806677,0.17817973050408373
2025-10-27,625.80419921875,626.2624862060553,621.7589773359792,622.2471843336021,54098600,0.0176525945033319,0.18633010836549813
2025-10-28,630.6165161132812,632.3701204498367,626.9598898422056,628.0658354818435,61195700,0.0076603965036307,0.187062201898049
2025-10-29,633.4561767578125,634.69165413006,627.9562469711387,633.276839153424,67422800,0.0044928831028886,0.18717200855771893
2025-10-30,623.7715454101562,631.1944440896802,623.6619603385896,629.869267455657,61628600,-0.0154066327708765,0.19717796095677115
2025-10-31,626.7805786132812,631.8919134270566,624.4092354874234,631.8619934183905,66305100,0.0048123368109136,0.1972991834239096
2025-11-03,629.7796630859375,633.5060422247587,627.5577374609765,632.7986042633725,37154300,0.0047734920586324,0.1962991130084744
2025-11-04,616.996337890625,624.6683271251044,616.2092348629542,621.0117005353788,63830800,-0.0205069285381256,0.21030584062107843
2025-11-05,621.0116577148438,624.3195213581258,614.9637416360841,616.2390515684897,48688500,0.0064867657046226,0.20990202151589735
2025-11-06,609.44384765625,619.776101814492,608.078838551967,619.5270116741043,72115100,-0.018803038105453,0.21780146431671235
2025-11-07,607.5209350585938,607.7301926884926,596.4912153281726,606.0961466218313,81835400,-0.0031601805167587,0.21804456643942813
2025-11-10,620.9617919921875,622.0378784586748,614.644899897251,616.6674802752618,55919900,0.0218829178352748,0.1897170931210131
2025-11-11,619.307861328125,620.4536395227035,615.2726130875191,618.3115007347396,44868800,-0.0026670517012567,0.17824160909449774
2025-11-12,618.8196411132812,622.5858524528388,615.5615225825271,622.5659665942537,47444400,-0.0007886429130851,0.17597756322938973
2025-11-13,606.1858520507812,615.8704485105809,603.8742880136988,615.2925422980531,71333600,-0.0206272332406192,0.19106026835139148
2025-11-14,606.64404296875,611.1176919097272,594.9965862233795,597.3679290922347,80087300,0.0007555732945706,0.19044982871976632
2025-11-17,601.4630126953125,610.2509204798646,597.6868279161546,604.0934192729386,63850400,-0.0085771571519517,0.1918003912523742
2025-11-18,594.1397705078125,600.1179339423381,589.1878876531316,597.4377215700049,83327300,-0.0122504461774361,0.19058101430893173
2025-11-19,597.6868286132812,603.9539148983285,592.4260762649179,594.897031094223,73111500,0.0059523232336186,0.1921758830547712
2025-11-20,583.5385131835938,611.7953468701894,582.6218784315797,609.3940836964333,117743200,-0.0239564655111586,0.20623821557979938
2025-11-21,587.9224853515625,594.807310091711,578.6264242609341,585.3319113971087,103344200,0.0074846582845097,0.2057210812443186
2025-11-24,602.9575805664062,604.4720682054578,592.9939741263881,593.1135933516537,60168100,0.0252517353581003,0.22227346029490008
2025-11-25,606.674072265625,608.0390815394395,595.1461718391749,601.3136469136847,57560900,0.0061448514261719,0.21355480626739595
2025-11-26,612.034423828125,613.9474190856081,608.1685399702174,610.2808195033393,42393600,0.0087968306561573,0.21420287218175305
2025-11-28,616.996337890625,617.0660904342964,613.1802595402138,613.8677508272276,23034400,0.0080745595246927,0.2158028777838522
2025-12-01,614.923828125,617.1855860502521,610.2907880213397,611.3967336448243,40957600,-0.0033646851120008,0.20980032627069775
2025-12-02,619.7362670898438,621.4798980663827,615.3423437866954,617.2055331651553,54541800,0.007795608451378,0.21103530953675392
2025-12-03,621.2507934570312,621.9481972408511,615.7807833814271,617.3649627124794,47841600,0.0024408427247357,0.2104494240742133
2025-12-04,620.6728515625,622.6655726885474,617.2852013230104,622.6555993528335,47067800,-0.0009307205617168,0.1977157500543623
2025-12-05,623.2036743164062,626.6311575742,621.4401572213803,622.1077018660956,53614200,0.0040692563828381,0.19693578470552045
2025-12-08,622.0079956054688,626.5513972974647,619.4273950138578,624.9273247300189,43462400,-0.0019204430978301,0.1847511650844093
2025-12-09,622.7752075195312,623.5922305440594,618.7399590794447,620.7426537012356,37156000,0.0012326837465113,0.18413896352940753
2025-12-10,625.3258666992188,626.920080160108,618.7299643381673,621.5795410824109,55031400,0.0040872695060811,0.1685928652943379
2025-12-11,623.3033447265625,623.5026290294861,615.4719033941835,621.5497401616841,58272800,-0.003239590621465,0.16873286471581453
2025-12-12,611.3867797851562,621.2706598008424,609.1349951238292,619.8160122611713,75158700,-0.0193035235930222,0.18192094203778802
2025-12-15,608.3179931640625,616.1693197420918,607.102462393675,616.1195138735233,49538200,-0.00503202605191,0.1677301783747817
2025-12-16,609.5235595703125,611.2771638485672,604.7011478051123,606.0462710202155,55152800,0.0019798417903194,0.16783787138585474
2025-12-17,598.2247924804688,611.4166568355257,598.0953215609716,610.8287773715621,70654300,-0.0187110116310339,0.17790405309605786
2025-12-18,606.8931884765625,610.6992932536183,604.7111563372118,607.5806797208244,78875800,0.0143862188364471,0.17920243660960297
2025-12-19,614.8042602539062,615.372193060386,609.6431199441153,609.722845815118,60369800,0.0129511318263915,0.18322869214482446
2025-12-22,617.7513427734375,620.1855972768566,616.3147325600856,619.8862552767364,43703100,0.0047820773821682,0.15861988579521832
2025-12-23,620.6444702148438,620.9437513214359,616.3247143117193,616.7437078609482,41120400,0.0046723877365108,0.15785125759387733
2025-12-24,622.460205078125,622.809417120355,620.255389239048,620.5247726871431,18468700,0.0029212924553366,0.1346935587388121
2025-12-26,622.4203491210938,624.0465142854792,621.6721158574088,623.1884938656726,28959800,-6.403177704147643e-05,0.1337186828032338
2025-12-29,619.4074096679688,621.312944373981,617.2724362589381,618.6392040742111,32458300,-0.0048524368113432,0.13232627410679962
2025-12-30,617.9707641601562,620.7142858196408,617.7612369489017,618.3798323976478,31226800,-0.002322080967224,0.12977373942697742
2025-12-31,612.8628540039062,618.4995685313527,612.6034567489972,618.1903012408169,40746500,-0.0082999674436359,0.13251911674771047
2026-01-02,611.6756591796875,621.3827185880021,608.7126848809434,618.5993129536024,61859200,-0.0019390083421639,0.12940978702111255
2026-01-05,616.5341796875,619.3475438678657,615.2671519649484,617.8610636312775,46828400,0.0079115892033788,0.13239520299637997
2026-01-06,621.951416015625,622.550039153126,617.0829067758982,617.7712838046286,43137500,0.0087482178168147,0.13606681262807233
2026-01-07,622.550048828125,626.4607976434537,621.0934661514185,621.5723159557587,44880300,0.0009620444420226,0.13534798790529587
2026-01-08,619.0083618164062,621.9514248328863,616.3446684463296,621.5623898130801,50435900,-0.0057052436488162,0.13663591949539836
2026-01-09,625.173828125,626.4108973206594,617.6016810573577,619.946120817708,49688700,0.0099109548847561,0.14104270427229254
2026-01-12,625.6925659179688,627.368601054656,620.7941591397378,620.8440291770474,37388700,0.0008294056426431,0.14035625918583092
2026-01-13,624.7647705078125,627.9871421828441,622.2307758506613,625.7923733874012,44481400,-0.0014839300044612,0.13997251326043783
2026-01-14,618.0905151367188,621.9813522711377,613.1122798122711,620.7741807448011,72598700,-0.010740300349678,0.12760335136324183
2026-01-15,620.3153076171875,628.5159146085045,619.2877047511574,625.1238996016858,53934900,0.0035929980835507,0.1263674225928801
2026-01-16,619.7965087890625,624.6051616315584,617.4221104790464,624.0265108868263,61058100,-0.0008366969035008,0.12644922417605742
2026-01-20,606.6276245117188,613.611135001854,605.6199939698072,609.0918377338978,81988900,-0.0214760784039844,0.13206206070444945
2026-01-21,614.8282470703125,618.958448118544,606.4280383777512,608.0342310571399,79837900,0.0134278216147505,0.13084342447515213
2026-01-22,619.2976684570312,620.9936758988773,616.3247080096578,620.8838887514372,42254800,0.0072430873870345,0.12544733937664193
2026-01-23,621.2530517578125,623.9267921630139,617.1926928942361,618.2701049354484,43645800,0.0031524465518224,0.12484694533460552
2026-01-26,623.9866333007812,626.1315320367429,620.654474506515,621.7419335987944,35983000,0.0043904574626665,0.12472541943190284
2026-01-27,629.6432495117188,630.5510790290263,625.8621995501378,627.428447510711,38997200,0.0090244412298433,0.12811468135291576
2026-01-28,631.728271484375,635.1003139672691,630.3216198646463,633.9630457840011,50691700,0.0033059631313243,0.12844382666761048
2026-01-29,627.9472045898438,632.1772064107698,616.8135217006399,631.1596506954837,79944000,-0.0060032576990858,0.1291314530949823
2026-01-30,620.405029296875,626.7799907137291,617.8410762491409,624.2360100363766,65650700,-0.0120835560010852,0.1361982773190736
2026-02-02,624.6650390625,627.0094788951942,617.2026180242116,617.2425627681274,49020300,0.0068430307619126,0.13439850737962455
2026-02-03,615.0676879882812,628.4959413976924,609.5207880738473,626.8199062679399,81234000,-0.0154832450508379,0.14572626651263612
2026-02-04,604.322998046875,613.6509473291842,599.0554072347201,613.5711796318161,81850700,-0.0176235035424791,0.15536765439400105
2026-02-05,595.6235961914062,603.3852370585454,593.3589241811554,598.7960977080248,89354500,-0.0144999024380347,0.15792893966481178
2026-02-06,608.2138671875,609.9696699932801,597.3594924154261,598.7761302609774,78019300,0.0209176578181793,0.17674793361317992
2026-02-09,612.8728637695312,615.0078372205985,603.6446538426547,606.1088060763491,56797600,0.0076309390187482,0.17840836466824847
2026-02-10,610.029541015625,615.566515685603,609.5706636004911,613.8605219833995,53938900,-0.0046501304869109,0.17482297184733814
2026-02-11,611.6657104492188,616.0653561148772,606.2584951427149,614.9280269463444,58575100,0.0026785246318274,0.17520606311280376
2026-02-12,599.22509765625,614.3593449076634,598.1576109292407,613.2619605146361,81378900,-0.0205485919210974,0.18775759704983058
2026-02-13,600.5020141601562,605.0512695366964,595.0149707463246,599.0155339597561,69237500,0.0021286790529299,0.1854770358156505
2026-02-17,599.8834838867188,602.527265543405,591.9422745141455,596.9703796848319,69013800,-0.0010305528168839,0.18460620923647714
2026-02-18,604.3629760742188,608.333642172117,599.3049116850376,600.6916520079001,64250700,0.0074395283636675,0.1872419038116559
2026-02-19,602.04833984375,604.3928403408552,599.3347767407971,601.3899214380363,60960800,-0.0038372303708548,0.17257092994290307
2026-02-20,607.3757934570312,608.9121436812641,597.8183444916572,598.70626248816,74127300,0.008809958267303,0.16861801345977476
2026-02-23,599.9932250976562,606.5777139403463,597.6387991893799,605.1809875790976,63859100,-0.0122293354476327,0.17071307051629286
2026-02-24,606.4380493164062,607.5554060860559,598.3172099190714,600.9809641013653,55023700,0.0106842149453879,0.175237653920716
2026-02-25,615.227294921875,615.3769659271486,609.5606824638733,609.6305248735758,55710700,0.014389206171659,0.18249325080880152
2026-02-26,607.8048095703125,614.1398874724765,602.5571907580546,614.1398874724765,96178900,-0.0121379912336784,0.18304721534150037
2026-02-27,605.8594360351562,606.8870389785335,600.7714740333364,601.5595911757949,68125200,-0.0032057881053393,0.18219985597746013
2026-03-02,606.6575317382812,608.4831769130049,596.5812880631398,597.449233707877,75264600,0.0013164282885834,0.18193306142314003
2026-03-03,600.162841796875,602.5372399706525,590.4756942596103,594.9252095120197,97015500,-0.0107634123272956,0.18103370341066635
2026-03-04,609.3112182617188,611.436205359631,602.0084551337541,602.7367159421393,70943900,0.0151281474183335,0.18803041586893574
2026-03-05,607.4755859375,611.3165531665334,600.8412876368789,605.9691941386595,89602400,-0.0030171821561889,0.18091039716898002
2026-03-06,598.337158203125,604.5724349663923,596.9205203720956,598.8958365654587,86302300,-0.0151575818760732,0.17816606864590293
2026-03-09,606.3283081054688,607.8347607375977,589.9370196014203,592.83015152989,93068200,0.0132671971453655,0.17658127367666776
2026-03-10,606.3383178710938,611.8452732023572,603.9938171455258,606.3483040570791,64078900,1.6508684927659008e-05,0.16078710012022251
2026-03-11,606.2584228515625,610.9872467457833,603.6047159994632,607.5154643204306,60114800,-0.000131775085589,0.15828477872882626
2026-03-12,595.85302734375,602.716824803038,595.6435001258386,601.3400708370464,71836600,-0.0173122972801492,0.1682169783629778
2026-03-13,592.3213500976562,602.1780807449821,591.1740956767717,598.3172021392496,63145500,-0.0059447295176083,0.16841586802515315
2026-03-16,598.9656982421875,602.4374809704295,597.6986704778886,598.6264723831473,49077200,0.0111550227168346,0.15884282013553902
2026-03-17,601.8887939453125,604.4727195335382,600.4521836848432,601.7192114600242,47106600,0.0048683691413103,0.15959166717254267
2026-03-18,593.4986572265625,601.7391485345295,593.1594313501803,600.0730994941966,56128000,-0.0140377489975822,0.16695372581659373
2026-03-19,591.623046875,594.3964663870662,585.6970372512312,588.1213056121308,75597600,-0.0031652646492486,0.1646170373818925
2026-03-20,580.6888427734375,589.777367794347,577.177115328303,589.6676415345306,91964700,-0.0186546281476399,0.175463447605807
2026-03-23,587.3545532226562,594.426798587646,585.316814476339,589.8718065319924,89936100,0.0114135876008421,0.17765039369824076
2026-03-24,583.3389282226562,587.2846043834495,581.291190762444,584.168034177979,57750900,-0.0068602769430481,0.17454773077044952
2026-03-25,587.1747436523438,590.7208345412774,585.0470769253521,588.4933019738706,60475500,0.0065540954417512,0.171522846945493
2026-03-26,573.1600952148438,583.9882223389391,572.8005050402526,581.9604215239336,81492100,-0.0241573889130316,0.1782686657570722
2026-03-27,561.9624633789062,570.3932010852176,560.953562318283,570.1834096572744,82702200,-0.019730019448686,0.1847927259021235
2026-03-30,557.6671752929688,567.4264087803426,554.990063621082,566.7571613464482,70602600,-0.0076727321425188,0.18527900582591625
2026-03-31,576.54638671875,578.0048059355398,563.5906539497258,563.6705222317372,95878000,0.0332934747441379,0.22547731912385147
2026-04-01,583.6685791015625,587.0948065489223,579.7828346644924,580.8416686249938,79435100,0.0122775210759136,0.22884195257109438
2026-04-02,584.3378295898438,585.4066623334502,571.2921684003409,573.3399058573888,50941700,0.001145970701089,0.22117110445763255
2026-04-06,587.85400390625,589.9616731281693,584.04818857967,585.5864761740653,35108500,0.0059993334915025,0.22284407900545214
2026-04-07,587.9439086914062,588.33343423744,577.7650922119919,584.9971348275072,49948200,0.0001529255739752,0.217318860026603
2026-04-08,605.4246826171875,609.2304976949432,601.4590090396181,608.0418015962135,63086000,0.0292986165485728,0.2366611538584661
2026-04-09,609.5202026367188,609.8298599139192,602.3680889271087,605.2648690435934,37837500,0.0067419281026438,0.23783631236088576
2026-04-10,610.3992309570312,612.9963525292593,608.9108762966896,611.1684052317679,34038500,0.0014411254517957,0.23786697426443196
2026-04-13,616.7122802734375,626.0519920071752,607.4424380458482,608.8109292631304,32972100,0.0102893746103027,0.23120486341549093
2026-04-14,627.909912109375,627.909912109375,619.4192432257902,619.5391066149297,49921100,0.017994109443091,0.23613100998682512
2026-04-15,636.7003173828125,637.1298380333551,627.5104045058445,628.389443361703,50102400,0.0139023813809591,0.23754656121191897
2026-04-16,639.7669067382812,641.4750515662109,634.5626649382287,638.508341093032,42320600,0.0048048162885672,0.23754005905920683
2026-04-17,648.1376953125,649.2864572780229,643.3629742993419,644.8813252169399,53488900,0.0129992647527287,0.23163070007507625
2026-04-20,646.0799560546875,648.0478251654257,641.8146849601577,647.3285838511964,37138500,-0.0031798994389941,0.23163656394949433
2026-04-21,643.6226806640625,649.4862317832127,641.5050128476822,647.6981578004061,39580500,-0.003810612297942,0.21852466939155393
2026-04-22,654.390869140625,654.6106593494021,647.8081371457112,649.4363527672372,37368400,0.0165921773583235,0.22118970537688568
2026-04-23,650.7048950195312,656.1988574654163,644.8114082493845,652.8325617169355,40099800,-0.0056486029959206,0.22039938052682112
2026-04-24,663.1512451171875,663.7805584259092,655.8093378063087,657.7871447947734,45563100,0.0189468573480601,0.22547821995850167
2026-04-27,663.5008544921875,663.7006471456002,659.9647623025988,662.6718094811696,32717000,0.0005270551084132,0.19879862072580684
2026-04-28,656.8281860351562,658.9159186391063,653.0923012400261,656.6883250827437,34147900,-0.0101076702269595,0.1848180663968559
2026-04-29,660.84375,660.9935487523345,655.8692364466933,657.906975030037,31724900,0.00609495624219,0.17661592073544333
2026-04-30,667.0069580078125,668.165718724101,656.8381407338443,664.6195670718752,40622200,0.0092830500147749,0.15118736763919743
2026-05-01,673.4099731445312,675.2279215792395,668.0658095505829,668.425399726581,39172600,0.0095538390947103,0.15026744975551234
2026-05-04,672.141357421875,675.9871067346722,668.165745937857,673.9193717407993,34542000,-0.0018856450433876,0.15206363152032426
2026-05-05,680.8617553710938,682.0205161358222,676.7662804889583,677.2157986999623,37101100,0.0128906114414483,0.15354941606127398
2026-05-06,695.0062255859375,695.1660231170968,685.7263848294704,687.0250065058129,38778500,0.0205615200524752,0.1582941807333967
2026-05-07,694.1771240234375,700.4701959320079,691.0106209986512,695.8153383268437,43779100,-0.0011936533232645,0.14079210011074322
2026-05-08,710.44921875,710.44921875,698.7321150158692,699.1516368844667,44320400,0.0231703225493159,0.15216906251413226
2026-05-11,712.5069580078125,713.805579696499,708.1317613118729,709.5801817559162,36019100,0.0028922052917906,0.15154728110613677
2026-05-12,706.463623046875,709.4003981235137,695.8752835015275,707.4425277497028,45873000,-0.0085179658852257,0.16070294647811237
2026-05-13,713.9254760742188,715.8633489513101,704.0563165931343,709.1806902070881,40012500,0.0105068698110206,0.15596083862593033
2026-05-14,718.9998168945312,721.2374091114184,713.4359241362712,713.8355094170396,33327500,0.0070825214082421,0.15343824478358092
2026-05-15,708.1517944335938,714.3450008365951,704.7754998097428,709.3604881552494,51792700,-0.0152026334230975,0.16983202643404074
2026-05-18,705.1051025390625,711.2883097073819,698.0827906816122,710.7588622671137,49834500,-0.0043115963146612,0.16993465569130908
2026-05-19,700.7599487304688,705.714465040699,694.4868131207006,699.0418050981273,46827500,-0.0061814861115354,0.17184256388829652
2026-05-20,712.3671875,712.3671875,703.0174157954351,704.5157692199168,36779200,0.0164281040538753,0.1747242943990076
2026-05-21,713.7256469726562,716.3327671783537,705.9941534147096,708.2116871156971,36415400,0.0019051493012325,0.16960142843458154
2026-05-22,716.7523193359375,721.3273088449104,715.1640988544713,717.2817668085307,33118600,0.0042317001047059,0.16583311042744722
2026-05-26,729.4783935546875,730.3673702569255,723.3650554496121,725.1631283460116,34254700,0.0175994087028353,0.16442435979458045
2026-05-27,728.6492919921875,732.515039000156,724.6436840304248,732.155448805963,35148700,-0.0011372140589216,0.16503600272572408
2026-05-28,734.79248046875,735.7913827320126,725.6125662306399,728.9289290608506,32840000,0.0083955845406445,0.1566927936707078
2026-05-29,737.49951171875,740.815874477768,734.4428732975097,737.0300569298091,37541700,0.0036773062882472,0.1567700571939875
2026-06-01,741.9246826171875,744.8315224447946,735.1820921097265,736.2309273283665,33890600,0.0059823059710672,0.15610937619124565
2026-06-02,745.3408813476562,745.6206032443648,738.4184960219842,741.5850600741305,30085200,0.0045939404787893,0.15525713035794683
2026-06-03,743.39306640625,747.828194840854,740.1965670083828,746.4896389980919,40270200,-0.0026167416357909,0.15567584096486325
2026-06-04,739.7969970703125,742.6838392688934,731.815777671541,734.6726235372454,40782600,-0.0048491106715828,0.1561844236859394
2026-06-05,704.2860107421875,730.8867822650427,703.5468328396532,729.2585667367451,99606600,-0.0491912813665213,0.231485078901557
2026-06-08,715.283935546875,722.2363170978037,712.2872288217055,717.0220156925686,47401500,0.0154950376051726,0.23698073437083783
2026-06-09,707.052978515625,724.863361278284,685.6165148330579,722.1863106332692,91932200,-0.0115739791782389,0.22717339983308346
2026-06-10,692.9285278320312,710.4992458337158,692.1693523412803,700.8897497708573,65334300,-0.0201787379107119,0.23702493151554474
2026-06-11,716.332763671875,717.5813914617661,694.2370511794155,698.5223198057862,71798900,0.0332179532980814,0.2636668134934042
2026-06-12,720.5481567382812,723.2152086039907,710.4992028084189,716.8222099862159,51168400,0.0058674384217572,0.261968165356838
2026-06-15,743.1832885742188,743.9424640540115,736.5705604269921,737.2897407963812,46710200,0.0309304503252722,0.2818583454895336
2026-06-16,729.0587768554688,743.4029984406948,728.8390476265988,741.4351902855873,45348700,-0.0191883460283912,0.285166502471085
2026-06-17,721.7168579101562,734.8723831709506,720.058646070882,734.38293083454,51669300,-0.0101214570291398,0.2873309831336203
2026-06-18,739.8070068359375,741.005701773832,731.7059239216511,736.390778085872,50154600,0.0247564521932661,0.2972560358877099
2026-06-22,737.9500122070312,745.4500122070312,734.3900146484375,742.02001953125,43518600,-0.0025132624409153,0.2933554904274676
2026-06-23,713.6500244140625,723.6099853515625,712.1099853515625,715.739990234375,53354200,-0.0334834078836868,0.3176239404323738
2026-06-24,710.6199951171875,719.9299926757812,704.4500122070312,715.3699951171875,52480400,-0.0042548587368711,0.3175581077675011
2026-06-25,716.3800048828125,726.8300170898438,705.2999877929688,725.9000244140625,49668000,0.0080729376991719,0.31242427798855177
2026-06-26,706.52001953125,715.5599975585938,702.8099975585938,707.1300048828125,47081800,-0.0138592213166709,0.3156566106689106
2026-06-29,724.0800170898438,724.5800170898438,705.1699829101562,713.989990234375,44939100,0.0245503691895225,0.3267821040804152
2026-06-30,736.4000244140625,737.6199951171875,723.9099731445312,724.1799926757812,42121800,0.0168715753911211,0.33216084220871933
2026-07-01,725.1699829101562,731.9199829101562,724.5999755859375,729.1900024414062,40803800,-0.0153673959523471,0.3354754297696366
2026-07-02,712.5999755859375,730.8300170898438,707.5599975585938,725.5800170898438,50959800,-0.0174858676486448,0.33945935301349467
2026-07-06,722.8200073242188,726.0800170898438,718.4500122070312,719.9299926757812,30220400,0.0142400197284626,0.34415050017662324
2026-07-07,709.4299926757812,716.3499755859375,704.9000244140625,714.1699829101562,42483100,-0.0186984182598605,0.34923795147153197
2026-07-08,711.4400024414062,712.260009765625,700.9099731445312,704.9500122070312,35603200,0.0028292681432302,0.3042557083770238
2026-07-09,723.280029296875,724.22998046875,715.1300048828125,718.3300170898438,33654700,0.0165053744116638,0.3049033345739439
2026-07-10,725.510009765625,726.3900146484375,717.0,720.7000122070312,26415900,0.0030784063524384,0.30178354521292966
2026-07-13,711.739990234375,718.739990234375,710.0800170898438,717.719970703125,36552400,-0.0191622068255203,0.3008942730361527
2026-07-14,719.6900024414062,722.2899780273438,714.3400268554688,720.219970703125,29448100,0.011107904669584,0.28036787058750356
2026-07-15,717.739990234375,724.3599853515625,710.22998046875,723.8499755859375,32627600,-0.0027131942608764,0.279766129915576
2026-07-16,705.9400024414062,713.5999755859375,702.6099853515625,712.010009765625,39402000,-0.0165771213658908,0.26096063984464957
2026-07-17,695.3300170898438,702.2999877929688,686.760009765625,691.6500244140625,54109300,-0.0151436739091277,0.2580513853940651
2026-07-20,696.0599975585938,705.7999877929688,695.510009765625,702.1599731445312,29687600,0.0010492824126091,0.25665869447992506
2026-07-21,708.969970703125,710.0499877929688,702.7999877929688,706.5700073242188,33728300,0.018377311188778,0.24920917329543946
2026-07-22,705.3499755859375,709.6500244140625,703.6199951171875,703.6199951171875,23692200,-0.0051190722888647,0.24943655986706142
2026-07-23,691.9600219726562,698.6599731445312,687.7899780273438,694.6699829101562,44028600,-0.0191659166748133,0.23102795437635948
2026-07-24,684.22998046875,692.6300048828125,682.47998046875,690.4099731445312,42876700,-0.0112340923671931,0.2333415306736582
2026-07-27,682.1199951171875,692.2999877929688,675.9500122070312,691.6799926757812,42681500,-0.003088501579388,0.2305768262931845
2026-07-28,675.489990234375,679.4000244140625,667.8800048828125,676.22998046875,51398700,-0.009767249301847,0.22842527451080286
2026-07-29,661.72998046875,680.0499877929688,661.1400146484375,675.510009765625,57233300,-0.0205807507433664,0.21509603383539946
2026-07-30,683.5499877929688,685.1199951171875,673.2999877929688,674.760009765625,66753700,0.0324422002785048,0.2397460242538723
2026-07-31,687.989990234375,695.77001953125,680.0499877929688,692.1099853515625,50540500,0.0064745002298461,0.23811026024635396
2026-08-03,700.0700073242188,701.5900268554688,685.8200073242188,688.2999877929688,44965100,0.0174060517562998,0.24111127645451363
2026-08-04,723.8499755859375,725.6599731445312,707.530029296875,708.1599731445312,59778600,0.033403814366122,0.2642470717000286
2026-08-05,717.2999877929688,728.5399780273438,716.9199829101562,726.25,33540200,-0.0090900087576224,0.2576634850180082
2026-08-06,714.6500244140625,719.3200073242188,708.5,710.8200073242188,33035900,-0.0037011995969725,0.25792069462909484
2026-08-07,723.030029296875,723.6300048828125,716.510009765625,720.1500244140625,31070400,0.0116578090760504,0.2545878725659572
2026-08-10,720.8699951171875,724.6699829101562,720.3300170898438,722.3900146484375,26141400,-0.0029919464706749,0.25452650954260014
