date,Close,High,Low,Open,Volume,log_return,forecasted_vol,omega,alpha,beta,refit_day,persistence
2018-01-04,151.78038024902344,152.23483683409796,151.56262190885022,152.03601839865289,24776100,0.0017479691558982,0.143518455792752,6.751779255147891e-06,0.11328632422478024,0.8085169482771979,True,0.9218032725019781
2018-01-05,153.3047332763672,153.4088810927017,152.21592701671025,152.49996782916037,26992300,0.0099930520699887,0.13553568036370264,6.650403714593974e-06,0.11169790500681256,0.8109209135645058,True,0.9226188185713183
2018-01-08,153.90122985839844,153.97697504424332,153.24794027153877,153.30474554919317,23159100,0.0038833707885743,0.13929467786303035,6.685108378628244e-06,0.11196303307446696,0.8103149719846823,True,0.9222780050591493
2018-01-09,153.91064453125,154.3651010575006,153.44672527731737,154.20414800543085,24782400,6.117160277299708e-05,0.13338424206856248,6.6199003401177485e-06,0.1108056936216849,0.8118829656709443,True,0.9226886592926292
2018-01-10,153.5509033203125,153.57932040545566,152.54730491119935,153.22899712246803,34004000,-0.0023400739221637,0.12699326674698055,6.778268169015334e-06,0.1128011534006003,0.808237393880024,True,0.9210385472806243
2018-01-11,154.60186767578125,154.611344854569,153.57934365102702,153.8160419700184,20473500,0.0068210870013589,0.12195114888905868,6.7129839420227804e-06,0.11213092614545843,0.8093244277638981,True,0.9214553539093565
2018-01-12,155.7379913330078,155.8989444151264,154.27045924121256,154.46927768804107,37762700,0.0073218357217463,0.12262801493858821,6.726831117156768e-06,0.1122682541049963,0.8089643131947922,True,0.9212325672997885
2018-01-16,155.2930145263672,157.5653122786025,154.82908068789757,156.77000951001182,41231800,-0.0028613038690387,0.12390290394388993,6.673812156180878e-06,0.11178769614871682,0.809829559439371,True,0.9216172555880878
2018-01-17,156.96881103515625,157.2055092940859,155.27405785786252,156.0314951758205,33849900,0.0107333811563751,0.11962376614811605,6.651861459062357e-06,0.11167940955442018,0.809822169863962,True,0.9215015794183823
2018-01-18,156.99720764160156,157.35697912435043,156.3533809488857,156.72262960678145,26432200,0.0001808896812619,0.12857072597600858,6.673034680486491e-06,0.11133668015330904,0.8100535396151729,True,0.9213902197684819
2018-01-19,157.48956298828125,157.74520117399135,156.7321256083098,157.4611603506375,38937600,0.0031311698610216,0.12266758139362365,6.6146334863429915e-06,0.11038330815335819,0.8113176304582491,True,0.9217009386116073
2018-01-22,159.17489624023438,159.17489624023438,157.25290686093925,157.43279991218012,26081400,0.010644384714311,0.11880330548225337,6.618443867276182e-06,0.1105766892275328,0.8107380994074068,True,0.9213147886349397
2018-01-23,160.49087524414062,160.63290286141776,159.59142478904369,159.6671699622086,37989700,0.0082335148493118,0.12770164674594892,6.764933339434713e-06,0.11218609964030998,0.8074838977941052,True,0.9196699974344152
2018-01-24,159.44943237304688,161.18206551156723,158.53104189338993,160.83174223421628,54287400,-0.0065102553484042,0.12922542359630282,6.455338720765916e-06,0.10677212529205819,0.816150212658136,True,0.9229223379501942
2018-01-25,159.39259338378906,160.60448716200943,158.8813171182475,160.5476818984856,28925000,-0.0003565338648504,0.12814877607909736,6.678069273052257e-06,0.11033145072286012,0.8099461487058471,True,0.9202775994287072
2018-01-26,161.8354034423828,161.85434335721934,159.97023356826415,160.2826627049954,32038200,0.0152094909132272,0.12230049792532204,6.965541130749722e-06,0.11447984428442254,0.8022658815648666,True,0.916745725849289
2018-01-29,161.0495147705078,161.81641488277137,160.70866867095552,161.49450869067098,37277800,-0.0048679277318958,0.14303043424743275,6.793440959673623e-06,0.11337454693009691,0.8067749251275353,True,0.9201494720576322
2018-01-30,159.72396850585938,160.40566058872912,158.89080052995166,159.58195534147566,44987700,-0.0082647343309838,0.1373115534246384,6.7385885001833195e-06,0.11258967632365258,0.8079551629031986,True,0.9205448392268512
2018-01-31,160.38673400878906,160.94535287790538,159.38313570533205,160.62343226703516,42449200,0.0041408578016499,0.13735929035988304,6.721649859081204e-06,0.11237911478946616,0.8083922731619105,True,0.9207713879513767
2018-02-01,159.0233917236328,160.69920528053018,158.51211530698257,159.15594219333516,38037900,-0.0085366771730723,0.13195032860484224,6.674895764692283e-06,0.1117007539295559,0.8094105861113597,True,0.9211113400409157
2018-02-02,155.85159301757812,158.77717985855438,155.7190425782531,158.3984684453155,68478100,-0.0201470815175776,0.13352661148057224,6.666648807547698e-06,0.11157370463611756,0.8096795866778504,True,0.921253291313968
2018-02-05,149.70689392089844,156.93092862163684,149.59328339196753,154.39353049608908,105372200,-0.0402248856995453,0.16693445172119875,6.835268949407112e-06,0.11385939568249977,0.8067844088077488,True,0.9206438044902486
2018-02-06,153.6740264892578,153.86338227007374,146.847654518825,147.5198697077596,118537900,0.0261543059645944,0.2908563161626678,8.568099282365808e-06,0.1440546035527018,0.7634385424020713,True,0.9074931459547732
2018-02-07,151.68572998046875,154.84801548957472,151.67625280337535,153.18165037576267,91028300,-0.0130228333424881,0.30524058407474086,8.76878791093756e-06,0.14790057479772686,0.7581892839265442,True,0.9060898587242711
2018-02-08,145.28538513183594,152.24431956459966,145.28538513183594,152.07388930965706,94184800,-0.0431108331350597,0.2806503477365359,8.699110016008538e-06,0.14635830165382746,0.7600803934772102,True,0.9064386951310377
2018-02-09,147.79440307617188,148.87374659130643,142.1420473280707,147.33993200365109,113836600,0.017122158142815,0.3715203330792315,9.067839123531473e-06,0.15864998164597832,0.7473929848253692,True,0.9060429664713475
2018-02-12,150.4169921875,151.43953031286728,148.13523214485127,149.30924616341397,63050600,0.0175892455331523,0.3413541010045561,8.735377949182583e-06,0.15480483084064164,0.7546966005931949,True,0.9095014314338365
2018-02-13,151.1934051513672,151.49637145642114,149.32822143193087,149.55545699590942,31785600,0.0051484609663706,0.3194272256079987,8.799047928992257e-06,0.15506529119942378,0.7535852261696646,True,0.9086505173690884
2018-02-14,154.02430725097656,154.26100554545883,149.59332211278897,150.30341699623577,52107400,0.0185505831799405,0.2831978268527456,8.669096381990453e-06,0.15290135171854288,0.7567874646591003,True,0.9096888163776432
2018-02-15,156.8836212158203,156.8836212158203,153.79708076442938,155.4066262213275,51633900,0.0183938350830711,0.27630412514436714,8.649574564812997e-06,0.15318184690670195,0.7570679870980936,True,0.9102498340047955
2018-02-16,156.18299865722656,157.887214707241,155.91788329377826,156.37235439090412,62256300,-0.0044758762753805,0.2699595064130059,8.726145358690817e-06,0.15349324806450096,0.7560163163925184,True,0.9095095644570194
2018-02-20,156.49546813964844,157.81151033235574,155.56761469185628,155.63389716158724,36785600,0.0019986639287332,0.23955157227271348,8.919251507105853e-06,0.15384627403768125,0.7530367287623723,True,0.9068830028000535
2018-02-21,156.0504608154297,158.79615529303103,155.95577571747754,157.2623549452458,41161800,-0.0028476302757813,0.21167114804446427,9.175654293138677e-06,0.15518570901530945,0.7484722187837954,True,0.9036579277991049
2018-02-22,156.031494140625,157.5652942253003,155.6338428018912,156.73211173638282,37074400,-0.0001215493207911,0.18777827689272855,9.496713112230116e-06,0.15764643835809386,0.7422582424678342,True,0.8999046808259281
2018-02-23,159.22222900390625,159.22222900390625,156.64695004827104,157.29077701063954,50096900,0.0202430206942984,0.16630638540601814,9.871465059760353e-06,0.16032879730394203,0.7351014202289521,True,0.8954302175328941
2018-02-26,161.33352661132812,161.33352661132812,159.83760633648933,159.9701567828769,39266700,0.0131729229673803,0.20186766206061646,8.885874819267458e-06,0.15071021958461903,0.7561625804418972,True,0.9068728000265163
2018-02-27,159.33580017089844,161.64597758447402,159.26006943821488,161.3808766793341,42209900,-0.0124598901042742,0.1992364680236814,8.847387364437463e-06,0.15027456492543056,0.757032837593534,True,0.9073074025189646
2018-02-28,158.31332397460938,160.76551530808132,158.20917612720336,160.24477607105132,42936300,-0.0064377934642825,0.19540213365407771,8.826801922080911e-06,0.1500513129415016,0.7574761606867657,True,0.9075274736282672
2018-03-01,155.72853088378906,159.12752921993194,154.32728108836878,158.39849446045145,76809900,-0.0164618277598322,0.18053679371137424,8.87855599959269e-06,0.15006477747661892,0.7565347535939339,True,0.9065995310705528
2018-03-02,157.15814208984375,157.43270564523226,153.34256826118502,153.8538300165991,57445100,0.0091382681218835,0.19324117727281034,8.74346040066733e-06,0.14937710389254755,0.7592088587193302,True,0.9085859626118777
2018-03-05,158.90028381347656,159.30739790198226,155.83266904374514,156.41969057526578,38540200,0.011024286809437,0.1834964676466654,8.72422376843529e-06,0.1489794934929817,0.7595531280461963,True,0.908532621539178
2018-03-06,159.5725555419922,160.11223472216645,158.56895683526912,159.67670339534575,29480900,0.0042218528175012,0.17983529695124736,8.694754331885386e-06,0.14896935914462706,0.7597785909834628,True,0.9087479501280898
2018-03-07,159.94175720214844,160.0743221099568,158.07658801921465,158.35115167144852,34609400,0.0023110190044695,0.16516537860540068,8.782698635834312e-06,0.14985612111860416,0.7575201266934343,True,0.9073762478120384
2018-03-08,160.82229614257812,160.93590670541016,159.96071084932066,160.60453774817742,25828400,0.0054902732590803,0.15149522753402778,8.88051393023402e-06,0.14986581652944833,0.7559091258151172,True,0.9057749423445655
2018-03-09,163.94668579101562,163.94668579101562,161.7311935511975,161.96789181050067,38310500,0.0192412835960464,0.14316253616072458,9.067289893698124e-06,0.15256334418914577,0.7510504150409177,True,0.9036137592300635
2018-03-12,164.8177490234375,165.1964604948772,164.06031163364145,164.429560374716,37635000,0.005299023729104,0.17907253119384814,8.737047984425208e-06,0.14944302188169592,0.7591612048378873,True,0.9086042267195832
2018-03-13,162.57383728027344,165.8876128800213,162.1572460362273,165.19644356743788,55638900,-0.0137080302288385,0.16601433790801662,8.710969583241162e-06,0.14863663198287022,0.7598349915435033,True,0.9084716235263736
2018-03-14,162.54541015625,163.54902283986516,161.8353154287449,163.42593513075172,40536400,-0.0001748719850948,0.17385549725834712,8.665138155986491e-06,0.14870502831197574,0.7605553288663,True,0.9092603571782757
2018-03-15,162.40341186523438,163.3502049219649,161.80692761648115,162.65905003568795,28810400,-0.0008739733178338,0.158500248658894,8.648563883406857e-06,0.14821393102752617,0.7607138528907549,True,0.908927783918281
2018-03-16,161.92056274414062,163.03777168650544,161.84481756123031,162.6780001263271,31176700,-0.0029775749906763,0.14557831697832463,8.860914542339994e-06,0.1494291808400338,0.7569384068709847,True,0.9063675877110184
2018-03-19,158.4657745361328,160.4762272948827,157.08120789166728,160.3624324505313,71395100,-0.0215672250642349,0.13620979044094145,8.854128464882629e-06,0.14992317636459462,0.7562112342860491,True,0.9061344106506437
2018-03-20,158.98741149902344,159.3572593708026,158.0011553310649,158.53221745768548,34075700,0.0032863896494114,0.1833667638341676,8.33896166179273e-06,0.14384919696721102,0.76903445312399,True,0.912883650091201
2018-03-21,158.29510498046875,160.0400271986878,157.60282873080612,158.57012854605242,43863500,-0.0043639821377245,0.168234925184368,8.236899627364305e-06,0.14314013511323825,0.770377289641362,True,0.9135174247546003
2018-03-22,154.3879852294922,157.20452390269915,154.1888297452732,156.1044586392178,66607300,-0.0249922252943465,0.15656619295752944,8.239437893982105e-06,0.1431470944974275,0.7698995575156911,True,0.9130466520131185
2018-03-23,150.3197021484375,154.86220850585255,150.24383405284587,154.2078588429396,80110400,-0.0267044450384425,0.21013600301528576,8.178698786863294e-06,0.1464281333844656,0.7695035581951367,True,0.9159316915796023
2018-03-26,155.90533447265625,156.09501191300612,150.93609809520188,153.3638188399669,57481500,0.0364846190967652,0.25445482111600787,8.620274914796217e-06,0.15630175798544363,0.7571024325921377,True,0.9134041905775814
2018-03-27,150.8601837158203,157.06224920041865,149.5325143926034,157.06224920041865,78889100,-0.0328955205351399,0.3291539059747239,8.802722081512283e-06,0.16594410873644816,0.7492924038064316,True,0.9152365125428797
2018-03-28,149.12477111816406,151.5240429076196,147.9772863852109,149.9972322715701,89369700,-0.011570126630073,0.3621085035495532,8.994230063736596e-06,0.170932670745784,0.7436691184282875,True,0.9146017891740715
2018-03-29,151.85597229003906,153.354334289406,148.5368198088779,149.9308650085941,68692600,0.018149175328065,0.32413129453148903,8.977594970765373e-06,0.16960418407114555,0.7446099971203375,True,0.914214181191483
2018-04-02,147.47462463378906,151.4860663702758,145.9288583393323,150.77481968271655,85549400,-0.0292763963140461,0.3074937613969458,8.920884401987453e-06,0.16878687664495393,0.7459777890272833,True,0.9147646656722372
2018-04-03,149.13426208496094,149.76016290246207,146.45998095528037,148.76441423286607,64090000,0.0111908634292503,0.3319605285552264,8.873749039155745e-06,0.17053812337090704,0.7458745404267678,True,0.9164126637976748
2018-04-04,151.4861297607422,151.95080186336838,146.08064109704546,146.25134789807564,65768700,0.0156470799957633,0.29909759277735193,8.906405166685891e-06,0.16962687899341997,0.746005578841883,True,0.915632457835303
2018-04-05,152.3490753173828,153.23102896974905,151.23953192532576,152.99394667733458,43054900,0.0056803679269225,0.28152234940539933,8.956175761221882e-06,0.16965359083453252,0.7453064731136947,True,0.9149600639482272
2018-04-06,148.5367889404297,152.1688910657311,147.82554212798996,150.67052937774895,59870900,-0.0253417714171556,0.24954656432496894,9.07042069906621e-06,0.16983850745569348,0.7435658961842623,True,0.9134044036399558
2018-04-09,149.5799560546875,152.56720162484254,149.32391759723362,149.81703834738133,41810400,0.0069984084385042,0.2772118269698524,8.810882672172519e-06,0.16854860056174303,0.7483432035310766,True,0.9168918040928197
2018-04-10,152.88015747070312,153.37327823853667,150.8507335512727,151.93182826591593,48296800,0.0218232569875215,0.2479960911932996,8.891171454726986e-06,0.16841178547899974,0.747271748905317,True,0.9156835343843167
2018-04-11,151.99815368652344,153.62928053876055,151.82746143169308,151.9222856387042,41622100,-0.0057859559863186,0.26235303900907886,8.757116054854836e-06,0.16789815175164674,0.7497006555187544,True,0.9175988072704011
2018-04-12,153.82847595214844,154.35953795455222,152.83272746246416,152.91807361206028,30467900,0.0119698151939591,0.23462372408677915,8.770626094980408e-06,0.16704763585649207,0.7498535907505522,True,0.9169012266070443
2018-04-13,153.03184509277344,154.8241863121685,152.36801769121084,154.59659661469107,44604900,-0.0051921515712542,0.2224479913132475,8.75929594398665e-06,0.1668633916835599,0.7499245673095322,True,0.9167879589930921
2018-04-16,154.1983184814453,154.75782918130977,153.13618004248727,154.1034797826683,28180800,0.0075935186841617,0.20031993847179222,8.857845086432008e-06,0.16761048033724238,0.7477290293822021,True,0.9153395097194444
2018-04-17,157.5174560546875,157.85885508079815,155.44061318504376,155.75356349817457,35536100,0.0212967279373369,0.18536716516479718,8.97664241591193e-06,0.16871942851339164,0.7450975824986011,True,0.9138170110119928
2018-04-18,157.83990478515625,158.3709667896733,156.76828822367082,157.51747634960722,29573900,0.0020449742601932,0.21835711780412165,8.60344454456777e-06,0.16629184242754255,0.7521417498616463,True,0.9184335922891889
2018-04-19,156.38897705078125,157.4131743573175,155.8484224430167,157.04332653582017,34705700,-0.0092349120652317,0.1951821305613918,8.636631808949764e-06,0.16545421942814295,0.7521677385764568,True,0.9176219580045998
2018-04-20,153.913818359375,156.1044563012031,153.3732638177011,155.99066143784182,49197100,-0.0159535216881711,0.18503333872107935,8.771433561882147e-06,0.16687296673611454,0.7495541318200396,True,0.9164270985561541
2018-04-23,153.52500915527344,155.26993135976628,152.6999674057224,154.6630012681881,33040600,-0.0025293448750853,0.19681169668392495,8.647611688806447e-06,0.16616485426161132,0.751849232976127,True,0.9180140872377384
2018-04-24,150.27223205566406,154.49229355837966,149.2575129965099,154.25521128889727,70256800,-0.0214149502873513,0.17734611156114582,8.694600918165742e-06,0.16607359889235523,0.7509670299319583,True,0.9170406288243136
2018-04-25,150.4524383544922,151.07833916828005,148.38508741667732,150.53779898935915,52089300,0.0011984804582368,0.21277414494029906,8.426732336033794e-06,0.16481732611802785,0.7559471096813325,True,0.9207644357993603
2018-04-26,153.61984252929688,154.1319338977122,151.90335463156612,152.396489835845,43005500,0.0208339854834831,0.19050158689719116,8.514299162361066e-06,0.16475018424383855,0.7548088060535005,True,0.9195589902973391
2018-04-27,153.7146759033203,155.91480658376165,152.84221477946244,155.8768653125236,51043400,0.0006171345641022,0.21865382703539313,8.366921922718192e-06,0.16490860422037343,0.757000931902005,True,0.9219095361223785
2018-04-30,152.6240997314453,155.03284946885802,152.24475937925305,154.07504221148793,35615300,-0.0071200962196915,0.1954376422433219,8.37438918350087e-06,0.16431594267412053,0.7568778822164564,True,0.9211938248905769
2018-05-01,154.36903381347656,154.38800445013396,151.86544517786814,152.22581492257925,36513500,0.0113680254253146,0.18167637645253598,8.431455574847005e-06,0.16461230316982825,0.7556048892385866,True,0.9202171924084148
2018-05-02,153.45863342285156,155.11820947238124,153.27844856507443,154.63455233406268,38646800,-0.0059150176667235,0.18026101548451173,8.348328223489126e-06,0.16327209167044185,0.7577674996969184,True,0.9210395913673602
2018-05-03,153.4396514892578,154.00864026784356,150.99296067138408,152.68098531412312,60337100,-0.0001237017901444,0.1677880778640543,8.333318625987495e-06,0.16187393020845198,0.7588562617396994,True,0.9207301919481514
2018-05-04,156.35101318359375,156.7113828700259,152.66201358471108,152.77582291589437,41543200,0.0187962242940581,0.15243027712289622,8.494207368045572e-06,0.16425191300926056,0.7546439719757121,True,0.9188958849849727
2018-05-07,157.65025329589844,158.16234470304423,156.95796255299328,157.08124998097605,32500200,0.0082754285770092,0.1856358504892294,8.122192511783891e-06,0.16037763729424373,0.7632692619373991,True,0.9236468992316428
2018-05-08,157.48902893066406,157.83041353322002,156.34154429188465,157.31832215903162,26040200,-0.001023194431117,0.17630237255758305,8.128475038020814e-06,0.16006688978331418,0.7632840463580697,True,0.9233509361413839
2018-05-09,159.20550537109375,159.3193002407522,157.21400832994246,157.77351906623613,29122700,0.0108400560326763,0.16045765522065011,8.166040433531641e-06,0.159999735501977,0.7625480005905105,True,0.9225477360924875
2018-05-10,160.85557556152344,160.9693848921258,159.59429613580258,159.7175835479745,27067600,0.0103110619069472,0.16267043210681095,8.160063311327956e-06,0.15981024742402264,0.7630091065853533,True,0.9228193540093759
2018-05-11,160.70384216308594,161.08316798310292,160.00207347866677,160.66590089887276,24688800,-0.0009437348205987,0.16287617375801933,8.173826569598338e-06,0.16025772793199297,0.7624992281261891,True,0.9227569560581821
2018-05-14,160.97886657714844,161.9935856715931,160.71333558372166,161.07370527638108,21821700,0.0017099114972588,0.149197394353291,8.225520317125574e-06,0.1607016414952412,0.761219312699483,True,0.9219209541947242
2018-05-15,159.1959991455078,159.79345110061075,158.351986837203,159.70810495569702,49361600,-0.011136950773744,0.13792683897574248,8.337504085399033e-06,0.1623992147327532,0.758243173653954,True,0.9206423883867072
2018-05-16,160.24862670898438,160.61847443172474,159.3287464423619,159.4046144970717,22941200,0.0065903839863949,0.14714750588020678,8.352460298745731e-06,0.16368214609272183,0.7576052177480437,True,0.9212873638407655
2018-05-17,159.63226318359375,160.84612345679966,158.85462625869465,159.68916062290717,27480200,-0.0038537112260959,0.14245205402376468,8.353611197367582e-06,0.16319326922048266,0.7578610928286599,True,0.9210543620491425
2018-05-18,158.80718994140625,159.5658416092392,158.5701076776202,159.0158090208132,26217900,-0.0051819903620554,0.13444876785602983,8.362894057140178e-06,0.1630543488166331,0.7576540532314587,True,0.9207084020480918
2018-05-21,159.69862365722656,160.74179151419202,159.01582550909544,160.0400227312921,22954600,0.005597612384996,0.12994975309689816,8.360392512823091e-06,0.16308584644271226,0.7574500328064399,True,0.9205358792491521
2018-05-22,159.49000549316406,160.69438768612574,159.20551829592233,160.42885665512952,19477700,-0.0013071781054577,0.12711413473027408,8.373622736682377e-06,0.16355532377905016,0.756716345111079,True,0.9202716688901291
2018-05-23,160.8365936279297,160.8555497880315,158.25713775966346,158.2760939197653,26557800,0.008407644390489,0.11983496257922846,8.407159697354922e-06,0.16440169546558053,0.7553313266227896,True,0.9197330220883702
2018-05-24,160.78921508789062,161.0737167354747,159.1675658259098,160.78921508789062,27696500,-0.0002946190205999,0.1260518997514025,8.459891258328244e-06,0.16529877335259244,0.7540095027851308,True,0.9193082761377233
2018-05-25,160.950439453125,161.5289208671988,160.46679675100657,160.77025458262327,27460500,0.0010022039649356,0.1187501191023973,8.399946808975774e-06,0.1646393522308073,0.7549666371120556,True,0.9196059893428629
2018-05-29,160.23922729492188,161.14013737256357,159.28141976590308,160.2202566543432,41220500,-0.0044286189390883,0.11296218352552855,8.391471015663987e-06,0.1663217795538076,0.7538261721555581,True,0.9201479517093658
2018-05-30,161.3866424560547,161.6711440857028,160.4762546056055,160.81765366711244,22665800,0.0071351227432274,0.11200464140970202,8.39786832140693e-06,0.16654213840078666,0.7534730963950325,True,0.9200152347958191
2018-05-31,161.28231811523438,162.353920033033,160.86505104479156,161.38662041249307,35670900,-0.0006466339016355,0.11710437690422648,8.400606672344066e-06,0.16645614862110805,0.7536055622507623,True,0.9200617108718703
2018-06-01,163.81439208984375,163.90921632813567,162.04100663655672,162.08842599088032,45543300,0.0155776733414817,0.11155481513224784,8.348246599293427e-06,0.1661470140946271,0.7542148968708507,True,0.9203619109654778
2018-06-04,165.2937469482422,165.33167374113904,164.12730633449826,164.23160863255265,20459600,0.0089901442516489,0.147333245644971,8.470783535048299e-06,0.16482324602947493,0.7548377335987716,True,0.9196609796282466
2018-06-05,165.80584716796875,166.08087069510148,165.07564422015375,165.6825742316516,24779300,0.0030933328652257,0.14788981672754645,8.462841194956976e-06,0.1648043887842213,0.7549002371280632,True,0.9197046259122845
2018-06-06,166.7731170654297,166.80156577414192,165.14199023762663,165.9765242807864,25036600,0.0058167997906899,0.13785011416879966,8.396748358858739e-06,0.16368876955990955,0.7563021280633558,True,0.9199908976232654
2018-06-07,165.4170379638672,166.83953161383826,164.58251819572465,166.80160481679465,39600300,-0.0081645203144881,0.13366098830647397,8.38434490997847e-06,0.16369561228993623,0.7562239625293155,True,0.9199195748192517
2018-06-08,165.42648315429688,165.84375015408148,164.23157956939568,164.63936849022133,31780300,5.709762972142845e-05,0.1355558449321731,8.383769151248955e-06,0.16372649652894586,0.7562427305020577,True,0.9199692270310036
2018-06-11,165.87225341796875,166.28002800256507,165.2748014290116,165.30325014559486,22319700,0.0026910487935859,0.126410838483725,8.361058182445417e-06,0.16369365274502273,0.7561822984639879,True,0.9198759512090107
2018-06-12,166.74473571777344,166.90594995571973,165.91969389111992,166.09986429563205,22511800,0.0052461800170723,0.12030827899199711,8.396988035808267e-06,0.16456986450011352,0.7550141649801273,True,0.9195840294802409
2018-06-13,166.73529052734375,167.9870778743739,166.3654281510032,167.0008216152095,37858600,-5.664621379914057e-05,0.11901425109641896,8.339888709553843e-06,0.16425277542035321,0.7557217413958641,True,0.9199745168162173
2018-06-14,168.4232177734375,168.69822678641418,167.3800501993523,167.50333758638524,35916000,0.0100724968933421,0.11303200495457363,8.300115173614019e-06,0.16432261415375465,0.7558640607897908,True,0.9201866749435454
2018-06-15,167.8352813720703,168.16720234779416,167.01023967916464,167.78786202263066,49615700,-0.0034969346618471,0.126310430648606,8.262511106509634e-06,0.16344000086781782,0.7571889086286696,True,0.9206289094964875
2018-06-18,167.7383270263672,167.88087504484002,166.2557696289523,166.77846986555994,31633200,-0.0005778425118925,0.1209495605852159,8.175099808398405e-06,0.1627580525245461,0.7584287459064355,True,0.9211867984309816
2018-06-19,167.26319885253906,167.30120683532996,165.08688292987196,165.61908169691742,38236000,-0.0028365750941655,0.11455359787452447,8.09176381957728e-06,0.16249247772298975,0.7591976570339327,True,0.9216901347569224
2018-06-20,168.45108032226562,169.1448381159728,167.8808592992069,168.03292017219897,33038000,0.0070767703425352,0.11099613382614298,8.151744021613734e-06,0.16355613205619546,0.7575721760870722,True,0.9211283081432676
2018-06-21,166.9875946044922,169.04987199725568,166.66446150735655,168.8787998280276,43469400,-0.0087258572910204,0.11584763033870996,8.059939334994458e-06,0.1628434627608176,0.7590535455385746,True,0.9218970082993923
2018-06-22,166.61688232421875,167.61474728676927,166.01815174563092,167.54822972321614,30073200,-0.0022224667742856,0.12382725752717247,8.040379846871143e-06,0.16279279360207394,0.7592809338431106,True,0.9220737274451845
2018-06-25,162.86302185058594,165.35297236274906,161.3804640883687,165.10586973482756,77799700,-0.022787568313638,0.11754671728993875,7.983955587983611e-06,0.16314469998955652,0.7591708742832918,True,0.9223155742728483
2018-06-26,163.5282745361328,164.46912063332582,162.86301165766753,163.46174244775548,39008100,0.0040764175646217,0.1858060812770512,8.467251354088336e-06,0.16665096051296627,0.7527928685843194,True,0.9194438290972856
2018-06-27,161.30445861816406,164.96334724030908,161.19042015765635,164.22206824434846,52843500,-0.0136922818055916,0.16968452825141941,8.488971879462615e-06,0.16679845144386737,0.7519205138585278,True,0.9187189653023952
2018-06-28,162.69195556640625,163.24316551313595,160.7722263728066,161.1048578152334,46407700,0.0085649431260093,0.17851066133109653,8.638851441293138e-06,0.16961817120794967,0.7479898852336389,True,0.9176080564415885
2018-06-29,163.12913513183594,164.33609525969487,162.8915453547716,163.47126499086173,36408500,0.0026835575736025,0.17090178525483843,8.70490365533708e-06,0.17035428692858823,0.7470038874861012,True,0.9173581744146895
2018-07-02,164.2220458984375,164.26956675095957,161.24741744676086,161.59904565303333,31770000,0.0066773232583281,0.15579891918154185,8.631252049969947e-06,0.16908058424761407,0.7484158486857935,True,0.9174964329334075
2018-07-03,162.3213348388672,164.83978061700833,162.15977553435707,164.83978061700833,25512700,-0.0116415314953018,0.149050038004452,8.62157792600561e-06,0.1689442269581429,0.7483680072149084,True,0.9173122341730513
2018-07-05,164.3360137939453,164.4690634230919,162.5398365498052,163.37615679091067,31626200,0.0123352773750127,0.15678138157571622,8.645875247269823e-06,0.1698366979374015,0.7473783452602322,True,0.9172150431976337
2018-07-06,166.892578125,167.0161294602657,164.41214005623706,164.71626195802017,37005600,0.015437164324707,0.16462680389419165,8.722584858767508e-06,0.17138075939129627,0.7452784951017729,True,0.9166592544930692
2018-07-09,168.39410400390625,168.43211198117197,167.0921168879864,167.75736525008682,27362100,0.0089567286564036,0.18126319102761457,8.856437778275956e-06,0.1740416515676236,0.7418716377656186,True,0.9159132893332422
2018-07-10,168.51760864257812,168.89774631527698,167.93788926585262,168.70767747892754,23902500,0.0007331573202599,0.1734857145696104,8.799162487213803e-06,0.17305317919378166,0.7432910458017434,True,0.9163442249955251
2018-07-11,167.6623077392578,168.2800496968358,167.07308988859677,167.19662667905212,30280600,-0.0050883631475614,0.15663162061898986,8.89670847651106e-06,0.17367989109415935,0.7411571537790167,True,0.9148370448731761
2018-07-12,170.55137634277344,170.55137634277344,168.28951802738072,168.4035564293929,27930100,0.0170846953424418,0.14676600399659567,8.89100749907057e-06,0.17329364308695272,0.7413120097745692,True,0.914605652861522
2018-07-13,170.69400024414062,170.96959800532173,170.06675975152666,170.54193930629555,28049800,0.0008359023708884,0.1761943106351407,8.754791303326393e-06,0.17255635181211393,0.7444971119177557,True,0.9170534637298696
2018-07-16,170.28530883789062,171.01708928605575,170.000212755396,170.73197870223444,21405300,-0.0023971636464318,0.15904852282611517,8.786137867466445e-06,0.17227342868299955,0.7439662403595159,True,0.9162396690425154
2018-07-17,171.32122802734375,171.6823546012742,168.47964928014878,168.47964928014878,31034100,0.006065003172467,0.14563032285369182,8.900172234606647e-06,0.17338357304343133,0.7413748845212081,True,0.9147584575646395
2018-07-18,170.99806213378906,171.48275443157806,170.47537636363865,171.34019190227087,23220800,-0.0018880968665676,0.13985579493799702,8.912270286459337e-06,0.17375028447470256,0.7408768694997261,True,0.9146271539744286
2018-07-19,170.1427459716797,170.95055680523234,169.94317873132223,170.38033568727454,31094100,-0.0050144569867593,0.12985575899667515,8.93317709174521e-06,0.1745414477976452,0.7399090670544848,True,0.91445051485213
2018-07-20,170.10475158691406,171.2261681734721,169.9146681981927,170.65596151128764,35897300,-0.0002233338096307,0.12568069233694398,8.990931937457543e-06,0.1753744587920131,0.7383828467230849,True,0.9137573055150979
2018-07-23,170.64642333984375,170.72245378379418,168.91677786927548,169.60103736350507,22184700,0.0031792830020733,0.11779564027073967,9.057992191734464e-06,0.17649723346622925,0.7363959320424889,True,0.9128931655087181
2018-07-24,171.3496856689453,173.01281348283987,170.64641497287909,172.4045844623828,36900300,0.0041126977871439,0.11363041673946693,9.075237378920808e-06,0.17755314742214934,0.7352485610159124,True,0.9128017084380617
2018-07-25,173.74461364746094,173.84913920072938,171.340192391803,171.42573571016183,35026600,0.0138800694938884,0.11187796515821434,9.055931943891348e-06,0.17772112551280875,0.7351577118556935,True,0.9128788373685022
2018-07-26,171.1121063232422,171.93891384598405,170.88401498878858,171.38770399704794,40873500,-0.0152675491448867,0.1417436717663351,8.978678458563467e-06,0.17460556313238956,0.7393818875152068,True,0.9139874506475965
2018-07-27,168.802734375,172.30956085334125,167.8333787885038,172.19552243171236,59456100,-0.0135881532946492,0.16579411598503432,9.016140765759061e-06,0.17574221729175035,0.7387055926113492,True,0.9144478099030995
2018-07-30,166.4173583984375,168.907294238192,165.61906035075958,168.8122670427981,60193000,-0.0142319406899448,0.1753714981051697,8.953472029241539e-06,0.17554282861537018,0.739841103661827,True,0.9153839322771972
2018-07-31,167.6908416748047,168.33709333173778,166.14176637471348,167.07311412892707,47285100,0.0076232157324335,0.18416683934630765,8.850552086589105e-06,0.17464913446510594,0.7418583063410017,True,0.9165074408061076
2018-08-01,168.3275604248047,168.83124947181568,167.3582048067792,168.0804723361302,37101900,0.003789789535896,0.17263476431252808,8.66148994321889e-06,0.17142720889825938,0.746236582351881,True,0.9176637912501403
2018-08-02,170.617919921875,170.8175016571464,167.06357267028005,167.13960311698702,47178200,0.013514824601845,0.15805993440727306,8.450458501781625e-06,0.16769406768810635,0.7511420010352966,True,0.918836068723403
2018-08-03,171.140625,171.15012336810906,170.1902661413825,170.94104325910718,28934400,0.0030589168491602,0.16897828083747288,8.23027876420372e-06,0.16480609717593686,0.7560458534563181,True,0.920851950632255
2018-08-06,172.14801025390625,172.19553109908531,170.81751359684836,171.02659371457543,24808800,0.0058690445422542,0.15494296551343828,7.915932627051964e-06,0.15935394233602876,0.7634576426871862,True,0.9228115850232149
2018-08-07,172.7752227783203,173.09834127137194,172.262020935169,172.63266026574556,29895700,0.0036368278832355,0.1473768696888544,7.631728996140543e-06,0.1545462538639656,0.7701180603324992,True,0.9246643141964648
2018-08-08,172.9843292236328,173.2979493975018,172.07197830862066,172.53765938521263,22680700,0.0012095484830163,0.13846448960966512,7.5203232210125e-06,0.15246211663827258,0.7727003698074368,True,0.9251624864457094
2018-08-09,172.87979125976562,173.56405082898172,172.62319029597808,172.87979125976562,18852900,-0.0006045031031519,0.12986081975424946,7.206609092390462e-06,0.14690738062710593,0.7800938244173151,True,0.9270012050444211
2018-08-10,171.5587615966797,172.22400980585118,170.9125101211107,171.7108079721165,33818500,-0.007670663631999,0.12252199140628835,7.076507074688165e-06,0.14427062152895664,0.7830976611187818,True,0.9273682826477384
2018-08-13,171.3687286376953,172.97482304284017,171.29269818339372,171.87241770878288,26089200,-0.001108298307064,0.1253028294005735,6.9517279588574166e-06,0.14146380037428555,0.7864487174738619,True,0.9279125178481474
2018-08-14,172.442626953125,172.64220871132906,171.10261736592713,172.02446669885106,20913000,0.0062470409450867,0.1188603078024716,6.882142162145044e-06,0.13940956810832478,0.7881428101273901,True,0.9275523782357149
2018-08-15,170.33287048339844,171.61586116723177,169.27797122151972,171.07414947808832,58528000,-0.0123099995621499,0.11924561678713141,6.880373462385695e-06,0.1381679428799149,0.7885579309568749,True,0.9267258738367898
2018-08-16,170.8935546875,172.0054729275456,170.56092325186526,171.6443318832938,27711800,0.0032862912561528,0.13493891777998165,6.904992020224354e-06,0.13642696052107625,0.7895645858331356,True,0.9259915463542119
2018-08-17,170.93157958984375,171.35923826277062,169.42051217821566,170.4469016940371,36092600,0.0002224816064563,0.12824740056553485,6.969232720040997e-06,0.13595128021593195,0.7884919173277907,True,0.9244431975437226
2018-08-20,170.77947998046875,171.37821068775344,170.11423169533302,171.31167860857735,24939000,-0.00089022356848,0.12117010323823013,7.096288654949844e-06,0.1365624270281284,0.7857257468319713,True,0.9222881738600996
2018-08-21,171.40670776367188,172.43309697199612,171.18812930767402,171.29266935207716,26258700,0.0036660070344309,0.11532249886036243,7.2664293241404885e-06,0.1380599092136642,0.7817483040457293,True,0.9198082132593934
2018-08-22,172.0719757080078,172.2715574524811,170.8270079010965,171.04558638212865,18042400,0.0038737121588421,0.11261500142520885,7.2728232385871e-06,0.13752933192300368,0.7816915631642682,True,0.9192208950872719
2018-08-23,171.8249053955078,173.01285411298045,171.53979480304895,171.76788617728147,25776200,-0.0014368862794945,0.11078561818574133,7.052887810528446e-06,0.13516536097115228,0.786418757129879,True,0.9215841181010312
2018-08-24,173.42153930664062,173.5641018846037,172.35714166423503,172.39514965089367,23136100,0.0092493076655567,0.10753688416920389,6.656891547830177e-06,0.1288035783320927,0.7963814483257968,True,0.9251850266578895
2018-08-27,175.18911743164062,175.18911743164062,174.02018030332863,174.29577794284245,29343600,0.0101407873700936,0.11722048626992805,7.097570743183007e-06,0.13447784333370094,0.7861202797301701,True,0.920598123063871
2018-08-28,175.44573974609375,175.83539033685028,175.07510039182705,175.65481984350825,20277000,0.0014637584086096,0.12693351923933013,6.9873279223190674e-06,0.13514338107854024,0.7880955328980733,True,0.9232389139766135
2018-08-29,177.4700164794922,177.56504366348824,175.6833372049943,175.749854783659,29175600,0.0114718535389024,0.12040603937514689,6.863226959843853e-06,0.1330341797565416,0.7911985249091033,True,0.9242327046656449
2018-08-30,177.15640258789062,178.21130152645128,176.56717022043534,177.12789298155053,29315500,-0.001768700562033,0.1331557487288128,7.103778451427592e-06,0.13580194616371244,0.7859109693316528,True,0.9217129154953653
2018-08-31,177.38449096679688,177.88818004664083,176.74775221494372,176.9378211033388,28653200,0.0012866691234763,0.12571608596005762,7.133006572353231e-06,0.1354896911174295,0.785280912462377,True,0.9207706035798064
2018-09-04,176.62425231933594,177.1469382463074,175.67389317745375,176.84283086159652,29063500,-0.004295034123172,0.119382856751171,6.97590140416453e-06,0.13357308392180012,0.7888760599153116,True,0.9224491438371117
2018-09-05,174.3433074951172,176.33906664440812,173.74459135138872,176.31055704238884,42623300,-0.0129982209173336,0.11675650209443272,6.940117065557734e-06,0.13327368972562081,0.7897824330207329,True,0.9230561227463537
2018-09-06,172.78475952148438,174.62845821688447,171.6158220656286,174.4193780863962,46091400,-0.0089797316585903,0.13517751222574242,7.0831146931373445e-06,0.13445837956373435,0.7872827134633961,True,0.9217410930271304
2018-09-07,172.11949157714844,173.6020490601249,171.48275288901496,171.5397720996948,46629500,-0.0038577011866447,0.13750267813517367,7.124461433953437e-06,0.13467176008733167,0.7864354467333684,True,0.9211072068207
2018-09-10,172.69920349121094,173.2028924985906,171.75834305222324,173.1078508174031,26132000,0.0033624189670228,0.13137720807375566,7.3586060478501e-06,0.1387659225027737,0.7805242408709754,True,0.9192901633737491
2018-09-11,174.02972412109375,174.31483470281634,171.55879958259334,172.0054694436492,30116500,0.0076747398600894,0.12531303060221902,7.328077773578963e-06,0.13832693957966913,0.7810531574289905,True,0.9193800970086596
2018-09-12,173.51657104492188,173.89670889496466,172.02450025577855,173.77317206943195,36204000,-0.0029530077357252,0.12713520874490977,7.322709763838715e-06,0.1382802338183804,0.7811482480023092,True,0.9194284818206896
2018-09-13,175.36973571777344,175.70236715049,174.52391683312533,174.5999472892127,31133200,0.0106234155106758,0.1214282411364421,7.210554597713538e-06,0.1368223817605781,0.7833778478597717,True,0.9202002296203498
2018-09-14,174.85655212402344,175.7688886145494,174.1627796349154,175.49329089381243,31224100,-0.0029305850465697,0.1312970693635664,7.143598682751176e-06,0.13568005264869243,0.7851717341560079,True,0.9208517868047004
2018-09-17,172.33807373046875,174.68546129572889,172.1765144629856,174.56191000240187,33071200,-0.0145078430335126,0.12491898149508453,7.1039835310206606e-06,0.1349477827538092,0.7859820135715856,True,0.9209297963253948
2018-09-18,173.763671875,174.60949097918564,172.39515231287254,172.48069566150338,31877300,0.0082380757975418,0.1457214212386774,7.10985694218218e-06,0.13472291930654157,0.7864650260564682,True,0.9211879453630097
2018-09-19,173.63055419921875,174.20077529399987,172.49962487874194,173.7921134590976,31843400,-0.0007663782084173,0.1440354871326054,7.070049959205324e-06,0.1341751719330276,0.7870569466887423,True,0.9212321186217699
2018-09-20,175.55029296875,175.7878826880666,174.4098652162955,174.82802544250478,33295800,0.0109957812840159,0.1345090861856371,7.035447365978565e-06,0.13291466606102792,0.7881941265810605,True,0.9211087926420884
2018-09-21,174.5904083251953,176.27253283303114,174.37181537677276,176.02544478419395,38605400,-0.0054828647150226,0.14175422113917274,7.083295657144706e-06,0.13384705204432823,0.7866798501016731,True,0.9205269021460013
2018-09-24,175.07601928710938,175.14267110986123,172.61016333892775,173.3242152988013,34945600,0.0027775687670839,0.13627762377113736,7.053549155575901e-06,0.13248629217637195,0.7878907489164291,True,0.920377041092801
2018-09-25,175.31396484375,175.44725390726867,174.3999723171804,174.9997803667235,25277500,0.0013581757698233,0.1288789684579315,7.165975593475421e-06,0.13441377752096462,0.7842910751729373,True,0.9187048526939019
2018-09-26,175.43780517578125,177.07536545180778,175.09505966388213,175.4663660911542,36210600,0.0007061423363325,0.1217010997591299,7.339679681294348e-06,0.13708734601879433,0.7792970869838061,True,0.9163844330026004
2018-09-27,176.9229736328125,177.55134262252545,176.05658740706454,176.1518001124462,33113300,0.0084298670075824,0.11543496330988097,7.501681472012239e-06,0.13940968763069925,0.7747759194244258,True,0.9141856070551251
2018-09-28,176.8848876953125,177.351406720882,176.1041986935039,176.42789865699967,28076800,-0.0002152916416506,0.12146044277509228,7.350932057326337e-06,0.13722789071981817,0.7790157993776777,True,0.916243690097496
2018-10-01,177.2467041015625,178.5415186696014,176.79923045858732,177.9131495717101,27371300,0.002043401608486,0.11528225003565311,7.454652662043578e-06,0.13913267804443794,0.7756560066250389,True,0.9147886846694768
2018-10-02,176.8468017578125,178.20825333923383,176.43741909567953,177.0943344469567,25618600,-0.0022587396106087,0.11101852978231024,7.446650231272392e-06,0.1395457252716729,0.7754944758173627,True,0.9150402010890356
2018-10-03,177.0372772216797,178.00839194130631,176.76118352642777,177.5894791396076,29128700,0.0010764851745258,0.10752057721638865,7.491615502388167e-06,0.1409760868783878,0.773395079975652,True,0.9143711668540399
2018-10-04,173.6383514404297,176.4374366662725,172.38161336865528,176.32317850593466,80557300,-0.019385619908728,0.10407902319593994,7.539756441311202e-06,0.14251703685542458,0.7714612889875199,True,0.9139783258429445
2018-10-05,171.51524353027344,174.20008538071755,169.87768350675893,173.6193226453151,83325600,-0.0123025500484895,0.1538289031663984,7.691666687676105e-06,0.13812550930839138,0.7751586960996172,True,0.9132842054080086
2018-10-08,170.4679718017578,171.98175815346252,168.4495754720636,170.91544543187248,66864500,-0.0061247158067728,0.15992064764114783,7.682080950980887e-06,0.13838145476235142,0.7752244353209541,True,0.9136058900833055
2018-10-09,171.0201873779297,172.34356292550575,170.18236187071406,170.59174463519832,49097900,0.0032341739686715,0.15153319882894112,7.553010256112631e-06,0.13640003889180938,0.7782821006376955,True,0.914682139529505
2018-10-10,163.49884033203125,170.05859656636554,163.27986848279403,169.95386837283067,114471100,-0.0449757068347262,0.14165522401073605,7.4091639900549176e-06,0.13426654631920226,0.7815185387819813,True,0.9157850851011835
2018-10-11,161.470947265625,165.0887987187315,159.7667352080754,162.8228838293248,143084500,-0.0124806641538003,0.30652338068730367,7.947558967064748e-06,0.1488621284132057,0.7697731163936639,True,0.9186352448068695
2018-10-12,165.96466064453125,166.47877146783264,162.73713306841375,165.8218415904784,102078400,0.027449644621294,0.28180941077223826,7.830970280988518e-06,0.1466002683203092,0.7726434871990078,True,0.9192437555193169
2018-10-15,163.9558868408203,165.69816115511802,163.33703298011184,165.38399101986408,64885300,-0.0121774690452524,0.3040048455678953,7.91036524845812e-06,0.149852422761358,0.7694000264411807,True,0.9192524492025387
2018-10-16,168.7257080078125,169.1350907984661,165.37442029214515,165.67908941512553,71979700,0.0286769578802361,0.2798849882306972,7.877730602893232e-06,0.14866370934119802,0.7703108706579782,True,0.9189745799991762
2018-10-17,168.79234313964844,169.71585143166217,167.05958473898878,169.54448594774533,66987600,0.0003948537417489,0.3071606597814094,7.971429488874114e-06,0.1521507384647683,0.7671239705491578,True,0.9192747090139262
2018-10-18,164.87930297851562,168.21154448926092,164.1747812137926,168.15442267346393,82486200,-0.0234555114598013,0.27192511491197335,7.913852766594395e-06,0.14999258663342038,0.768945990718877,True,0.9189385773522974
2018-10-19,164.72695922851562,167.63077217469137,164.12715119428742,166.21218433477785,82923700,-0.0009243984615353,0.2827312589379513,7.907135426387846e-06,0.1510889542519249,0.7682217597076518,True,0.9193107139595768
2018-10-22,165.57432556152344,166.85009455254837,164.3175874910187,165.71713010252614,52909300,0.0051308803871075,0.2509806271217167,7.987840848750108e-06,0.15083243329543652,0.7668274671903657,True,0.9176599004858021
2018-10-23,164.9650115966797,165.78379157683543,160.72830714656826,162.46106529729448,77567000,-0.0036867905663109,0.22532459040107014,8.145070943719551e-06,0.1517847749140707,0.7635610828405142,True,0.9153458577545849
2018-10-24,157.4151153564453,165.0507142778861,157.12949169583248,164.7746206066615,102997400,-0.0468470376233274,0.20355455335932648,8.064675614466364e-06,0.14872954489658624,0.7665921248664043,True,0.9153216697629905
2018-10-25,162.86094665527344,163.83206125702893,159.14788277712347,159.86193464041557,83481100,0.0340103858535913,0.34277431820552284,6.774889036214914e-06,0.14325234696269729,0.7916438035868497,True,0.934896150549547
2018-10-26,158.67184448242188,161.81367551274892,156.35830894532376,157.2818171623955,130970900,-0.0260585503922223,0.37155792577001334,6.812230225914063e-06,0.14575774939119182,0.7896691000149876,True,0.9354268494061794
2018-10-29,155.4061737060547,161.71839399312856,152.41667849465293,161.09955513367322,111871900,-0.0207960333408237,0.36860224406909275,6.8119560178374684e-06,0.14605405183796058,0.7895073916986757,True,0.9355614435366363
2018-10-30,157.96731567382812,158.08155932598137,154.24472171532688,154.94925813425803,92584000,0.0163459838214218,0.35328245865229596,6.804971970135869e-06,0.14575187905546336,0.7898406598932419,True,0.9355925389487053
2018-10-31,161.68043518066406,163.04188747223102,160.4617729630846,160.53794025964746,73828600,0.0232336159048841,0.33138711577165303,6.780902222172687e-06,0.1447334138251864,0.790756472955216,True,0.9354898867804025
2018-11-01,163.8130340576172,163.98441407816128,160.69024805642056,161.91842553347732,52706800,0.0131039765456183,0.32919070314475357,6.745447438630289e-06,0.1445226060784007,0.7913938626529228,True,0.9359164687313235
2018-11-02,161.261474609375,164.27953202168183,160.15707092705455,163.30841743706063,75966800,-0.0156986277422116,0.3058133187064091,6.773516946614695e-06,0.14442279306208672,0.7910626073153845,True,0.9354854003774712
2018-11-05,160.861572265625,161.5280176089071,159.071678034451,161.47089579768567,39573500,-0.0024829179599251,0.29090712774039734,6.7283031364066605e-06,0.14331175765809223,0.792308589691626,True,0.9356203473497182
2018-11-06,162.08030700683594,162.9847700710881,160.6331573875764,160.87117474803364,34410400,0.007547739114718,0.26207622510439377,6.733176828694617e-06,0.14227158819540167,0.7926265500238063,True,0.934898138219208
2018-11-07,167.16429138183594,167.16429138183594,163.63210869088113,164.0224605015983,51169600,0.0308851748840785,0.24050508118227498,6.771680391062289e-06,0.1420744594036646,0.7919153776002462,True,0.9339898370039108
2018-11-08,166.09799194335938,166.89772655068538,165.3077727977554,166.38360106924546,40296500,-0.0063991824489732,0.28786533434494316,6.437480925797534e-06,0.13984812036882743,0.7985792382546817,True,0.9384273586235091
2018-11-09,163.29891967773438,164.9459953908708,162.00410493368454,164.5461280544262,50602700,-0.0169955427157503,0.26257096292015164,6.465928139545448e-06,0.13928819079362467,0.7983715584440169,True,0.9376597492376415
2018-11-12,158.35763549804688,162.4610504855277,158.21481643431423,162.15639596558697,62578400,-0.0307263934418297,0.25833352955086947,6.47843971372064e-06,0.13958371560321683,0.7978428691402506,True,0.9374265847434674
2018-11-13,158.490966796875,161.35668996587552,158.0434930939933,159.10029052650188,64128100,0.0008416089307785,0.29823811962897506,6.371935650539438e-06,0.14048170420732253,0.7990537527326056,True,0.9395354569399281
2018-11-14,157.28182983398438,160.6140720530409,156.37736699429652,160.0618701705922,75270700,-0.0076583092996776,0.26895660740601934,6.400447093878063e-06,0.1397049358229173,0.7989455559723007,True,0.938650491795218
2018-11-15,160.03329467773438,160.46172287567043,155.62522453674424,156.9961918646553,73254300,0.0173425947458456,0.24765127305068066,6.437843090901042e-06,0.13981410565326052,0.7983644051168199,True,0.9381785107700804
2018-11-16,159.47161865234375,160.24279251367744,157.83405818219728,158.47194291351556,65390700,-0.0035159184135318,0.2475739295130205,6.425739627303839e-06,0.13996642396270365,0.7985406787415448,True,0.9385071027042484
2018-11-19,154.29232788085938,158.90033919246005,153.7972478431284,158.70992826330897,67280500,-0.033016930869358,0.22523625706095005,6.468104209824993e-06,0.13981600958835014,0.7977750211591013,True,0.9375910307474514
2018-11-20,151.53128051757812,153.64487451094027,149.59858192874788,150.7791379963579,102652800,-0.0180569603384719,0.28645239874073825,6.258853702462335e-06,0.1412289624582877,0.80088750406416,True,0.9421164665224477
2018-11-21,152.68333435058594,154.20665089547666,151.59797603376384,153.61637263485753,42965800,0.0075739907553843,0.2805907652110425,6.154369748298491e-06,0.1391545720678012,0.8036614362299116,True,0.9428160082977128
2018-11-23,151.5789031982422,153.1307657006917,151.4646450461423,151.4646450461423,23503700,-0.0072597638925841,0.25816561380871017,6.088861208119379e-06,0.13701601382733908,0.8058099091284263,True,0.9428259229557654
2018-11-26,155.08255004882812,155.15871732745188,153.0546380218114,153.70205262640192,42012600,0.0228512535454994,0.23867730130198114,6.028427188584139e-06,0.13496463796415492,0.8077555842063252,True,0.9427202221704801
2018-11-27,155.60617065429688,155.99652245839667,153.45448526505874,154.23518887325832,36608100,0.0033707120107351,0.2560598492795103,5.897637130634714e-06,0.13362997386578482,0.8105568322962221,True,0.9441868061620069
2018-11-28,160.61404418945312,160.61404418945312,155.63472717647576,156.72960076182747,70141000,0.0316759778231606,0.23405240375802774,5.887483893763749e-06,0.1322604592412443,0.8112855509665775,True,0.9435460102078218
2018-11-29,160.0904083251953,161.14720557409555,158.824169246102,159.93808831482045,44885700,-0.0032655382579087,0.2829727130762608,5.709730199737721e-06,0.13193809361546702,0.814444594584494,True,0.9463826881999611
2018-11-30,161.251953125,161.3471658544162,159.50966477412817,160.3094139299248,36722800,0.0072293603211182,0.25812000037787286,5.7194248212922916e-06,0.13078363623278108,0.8147740525021583,True,0.9455576887349394
2018-12-03,164.07005310058594,165.0030766562481,161.3852115378138,164.81266576105054,50771700,0.0173254216670297,0.2391239708550872,5.750331819807929e-06,0.13028047255080497,0.8144492909051086,True,0.9447297634559136
2018-12-04,157.77688598632812,163.6701957996208,157.58647507956982,163.21319219049573,70594700,-0.0391115686288732,0.2404560364689206,5.766027876996183e-06,0.13053084592040315,0.8139642763594074,True,0.9444951222798106
2018-12-06,158.8907928466797,158.9098382941197,154.01620427626648,154.59696694011802,71715500,0.007035207753285,0.31702181797075424,5.579278327769645e-06,0.1319797872619219,0.8165375921304054,True,0.9485173793923274
2018-12-07,153.64488220214844,159.10974833623018,153.14980231139683,158.19577033667778,80432200,-0.0335731489292361,0.2914711327478533,5.567719972754935e-06,0.13124153763417684,0.817269458951227,True,0.9485109965854039
2018-12-10,155.2539520263672,155.9299131127408,151.76937480522503,153.3593288369929,73960800,0.0104181965081823,0.33059319055980596,5.574304247162933e-06,0.1335628879059418,0.8157948761970447,True,0.9493577641029866
2018-12-11,155.7680206298828,157.82449330114315,154.4541606686741,157.7864024031081,59058300,0.0033056768770957,0.3061532551499638,5.584364908171689e-06,0.13263671061747165,0.8160195535062591,True,0.9486562641237307
2018-12-12,157.13902282714844,159.56680216886593,157.0533400865688,158.04348565280944,53780000,0.0087630559894739,0.27915285111757226,5.589837265703893e-06,0.13162799060549962,0.8164583858072962,True,0.9480863764127958
2018-12-13,157.18661499023438,158.82417501244228,156.16789407508645,158.16724500583982,46378500,0.0003028207548077,0.25927834294446483,5.631110387005591e-06,0.13137760880199903,0.8157913136544053,True,0.9471689224564043
2018-12-14,153.3592529296875,155.95839683655026,152.99746211595954,155.3871642399153,56547400,-0.0246505026223679,0.23661691271290403,5.709970275811592e-06,0.1325365965352531,0.8138965336788608,True,0.9464331302141139
2018-12-17,149.88421630859375,153.92099411494115,148.68461459356877,152.70234695216084,74834100,-0.0229201226162726,0.26023070794175895,5.58147788261484e-06,0.13130324925077747,0.8167368299082692,True,0.9480400791590466
2018-12-18,150.82679748535156,152.2834621659795,149.51293737050176,151.0457693286856,63642100,0.0062690371854488,0.2724387638247312,5.537165069609942e-06,0.13097910765587495,0.8176031120594431,True,0.9485822197153181
2018-12-19,147.1232452392578,153.0165556282606,145.99028062134968,150.59829184118794,81856500,-0.024861503440782,0.2512995929680106,5.548029746782646e-06,0.13023411570976368,0.8177912700461333,True,0.9480253857558969
2018-12-20,144.9905548095703,148.39896294265515,143.1816298550037,146.76140340324196,99002100,-0.0146020374488402,0.2714258123459122,5.4906931307191725e-06,0.1303314092348237,0.81873625213384,True,0.9490676613686637
2018-12-21,140.49684143066406,146.70432138674312,139.6875768998414,145.7141759333399,141129400,-0.0314835934540187,0.2621396393133501,5.527973960391244e-06,0.13109714706451017,0.8177408116434955,True,0.9488379587080057
2018-12-24,137.0128173828125,141.29028662666678,136.97463206706718,139.47618546452412,56163300,-0.0251105286098916,0.30161718620379996,5.431899480937737e-06,0.13140519027203923,0.8191993959160997,True,0.9506045861881389
2018-12-26,145.56781005859375,145.64418071087013,137.5761792902357,138.52143001330788,98982100,0.0605675475666726,0.31095558410609336,5.38434070827151e-06,0.13073440904688605,0.8202526643264025,True,0.9509870733732886
2018-12-27,146.131103515625,146.2552167258528,140.43098689376546,143.57225014025494,85824300,0.0038621615028757,0.46076426756539807,5.416496586355502e-06,0.13962238799927182,0.8148812173253793,True,0.9545036053246512
2018-12-28,146.05470275878906,148.55625603731846,144.86121137491256,147.18135163205488,77856600,-0.0005229600955044,0.4151973862624883,5.339929021888568e-06,0.13619938563975925,0.8178892932776768,True,0.9540886789174361
2018-12-31,147.28636169433594,147.97381381406322,145.80644421199165,147.4868746330001,53015300,0.0083975025841227,0.375450452100566,5.310196720944417e-06,0.13374409151021388,0.81959969378553,True,0.9533437852957438
2019-01-02,147.8783721923828,148.7090375958502,144.05919947724058,144.1642273096665,58576700,0.0040113958337938,0.3443557659674445,5.313672334429597e-06,0.13246881137836972,0.8201960582389611,True,0.9526648696173309
2019-01-03,143.04710388183594,146.33157978497172,142.73202042234897,145.70142743498377,74820200,-0.0332161525871819,0.3136842759948394,5.35244368670539e-06,0.13160273216559581,0.8199027547607478,True,0.9515054869263436
2019-01-04,149.16726684570312,149.90246134050952,144.88025673406196,145.45312364110833,74709300,0.0418942987898717,0.3451893852699884,5.302033045831404e-06,0.13178139863228608,0.8206218643355303,True,0.9524032629678164
2019-01-07,150.94322204589844,151.6784167360542,149.05273598305433,149.53967516877606,52059300,0.0118354805779435,0.3988809753964396,5.259833712852017e-06,0.13339835475391837,0.8205014280353734,True,0.9538997827892918
2019-01-08,152.30853271484375,152.8718569006792,150.09340669945126,152.3276180788184,49388700,0.0090045308732901,0.3684209392334631,5.318940495218537e-06,0.13315018552369723,0.8195018172030218,True,0.9526520027267191
2019-01-09,153.5498046875,154.218156819009,152.26082841538826,152.90053792476,46491700,0.0081166908696584,0.3383324117082045,5.383409328385929e-06,0.13293128243569333,0.8184376912186153,True,0.9513689736543086
2019-01-10,153.98904418945312,154.07497207981288,151.52567601622525,152.38499862678634,38943400,0.0028564833498045,0.3118867262430125,5.367878011295157e-06,0.13216453863513153,0.8192676831179003,True,0.9514322217530319
2019-01-11,153.4256591796875,153.58797220933155,152.56633690812345,153.0819331848583,30176600,-0.0036653135606403,0.28335111422085374,5.479640708475527e-06,0.13288452722382313,0.8168317564707732,True,0.9497162836945964
2019-01-14,152.0698699951172,152.72867943032924,151.42060324411707,152.12715523835587,30710200,-0.0088760584449502,0.2571919625074387,5.633718442108859e-06,0.13444372264452456,0.8132087416189209,True,0.9476524642634454
2019-01-15,155.03929138183594,155.2493470065144,152.68095151575173,152.76687938885158,40874200,0.019338491330992,0.23857599308317426,5.762261290679142e-06,0.13572127692129896,0.8102300425756351,True,0.9459513194969341
2019-01-16,155.0106658935547,156.3760130359159,154.95336606950215,155.29709216888463,33812200,-0.0001846508131408,0.24716489281098633,5.660886159912094e-06,0.13519537357970193,0.8124020351524004,True,0.9475974087321023
2019-01-17,156.23280334472656,156.92979824504928,154.26593184281046,154.51417280990142,39329000,0.007853297197593,0.22496830899746859,5.7282481517981705e-06,0.13527745865754762,0.8111859030338178,True,0.9464633616913654
2019-01-18,157.77960205078125,158.5147970140871,156.41425454506083,157.33084800802226,57183200,0.0098519115200588,0.21114464468612032,5.754108041717302e-06,0.13554911595251543,0.8108853644452992,True,0.9464344803978146
2019-01-22,154.61917114257812,156.71971269824772,153.49250789671987,156.6433275147163,56711700,-0.0202340022173446,0.20069645553272808,5.869769334708537e-06,0.137294598303694,0.8077099569531698,True,0.9450045552568638
2019-01-23,154.81967163085938,156.1181906307849,153.072413346114,155.41165316912387,38106100,0.0012958975320837,0.2201561876948362,5.778558379399909e-06,0.1362150073864088,0.8098164779058645,True,0.9460314852922733
2019-01-24,155.82215881347656,156.05131429614352,154.7336957665232,155.32566255218808,32417800,0.006454318539999,0.20064176603019143,5.897996253015973e-06,0.13725143060398134,0.8070290490331181,True,0.9442804796370995
2019-01-25,157.68406677246094,158.1614632986494,156.53831802340574,157.07299980169913,36515900,0.0118781044729649,0.18779357121821397,5.9575721584622965e-06,0.13855892659503014,0.8053907366293952,True,0.9439496632244253
2019-01-28,155.73626708984375,155.74580977380063,154.43774819153273,155.6503392272823,33491200,-0.0124294728114057,0.1864970746255509,5.965105535021464e-06,0.13826870365402974,0.8053806583629499,True,0.9436493620169797
2019-01-29,154.265869140625,155.86037125931733,153.71208760621397,155.8221713912995,30784200,-0.0094864441526924,0.1865282677906486,5.993281271888738e-06,0.1383410046519709,0.8047656589629887,True,0.9431066636149597
2019-01-30,158.19012451171875,158.76300623805167,155.5262579929419,156.01319726203363,41346500,0.0251200924629829,0.18070601003428852,6.005384772395998e-06,0.13856027417585717,0.8045637814178469,True,0.943124055593704
2019-01-31,160.55799865722656,161.35047861663324,158.94439611316838,159.16399442970734,37258400,0.0148576103322268,0.223682569220624,5.809267649938053e-06,0.1364613148039075,0.809403640877927,True,0.9458649556818346
2019-02-01,159.88006591796875,160.97808647874675,159.44086934884416,159.76549543367247,32143700,-0.0042312935051777,0.22247913580729256,5.779998765534744e-06,0.1354987931236385,0.8105538144696168,True,0.9460526075932554
2019-02-04,161.86610412597656,161.86610412597656,159.7655618168564,159.90877498173236,26718800,0.0123455295978222,0.20482861086439483,5.869448396455601e-06,0.1362551006147426,0.8083342105523591,True,0.9445893111671018
2019-02-05,163.29824829101562,163.48920398033678,162.01882914668008,162.08565708189914,28156400,0.0088087972434433,0.2014697654666569,5.772575633706727e-06,0.13318714355692343,0.8118375102797106,True,0.945024653836634
2019-02-06,162.81129455566406,163.62285980503663,162.07609992001036,163.336433581131,27970000,-0.0029864449413113,0.19176464207614358,5.932980781223699e-06,0.13608358608944698,0.8072279163716539,True,0.943311502461101
2019-02-07,160.62489318847656,161.78974232799996,159.40275877471288,161.3887308393267,42036200,-0.0135200373647208,0.1764666803591154,6.111659049971828e-06,0.13893379286023294,0.8023459372573248,True,0.9412797301175577
2019-02-08,160.93994140625,160.96858403707716,159.0399122394366,159.22131071167922,29020700,0.0019594699711079,0.18197204972024383,6.181230868338293e-06,0.14229718328154434,0.7998525759383597,True,0.942149759219904
2019-02-11,160.78712463378906,161.9137878744139,160.38611334884993,161.52231927400285,21434100,-0.0009499777922599,0.1675653167437726,6.238754890557608e-06,0.14273130048952748,0.7986205368930268,True,0.9413518373825542
2019-02-12,163.16455078125,163.40324899554577,161.6750762550817,161.9615170260332,29722100,0.0146779227319402,0.15464372937075033,6.264139222150363e-06,0.1425799815512575,0.7979096771427076,True,0.9404896586939651
2019-02-13,163.2791290283203,164.37714960769725,163.09773061477298,163.8901959032232,26094100,0.0007019786803178,0.1686870601675664,6.194000097361929e-06,0.14141556587408344,0.7997562660000789,True,0.9411718318741623
2019-02-14,163.4796600341797,164.06208435195768,162.15249833550328,162.69672277432053,30326800,0.0012273948719767,0.1555926244149178,6.247912223838288e-06,0.14160462167340776,0.798429777726807,True,0.9400343994002147
2019-02-15,164.1670684814453,164.75903532695102,163.40323136432042,164.72085002713632,32521700,0.0041960404058699,0.14452354849215257,6.278492384264119e-06,0.14147254351602925,0.7977998894483103,True,0.9392724329643395
2019-02-19,164.49176025390625,164.98825676378974,163.6324522593657,163.66109488791793,19487700,0.0019758597652403,0.13735585362142383,6.285364968634133e-06,0.14141670521837627,0.7977216305284832,True,0.9391383357468595
2019-02-20,164.46311950683594,165.25559956681644,163.5751688735849,164.6063326512354,32593000,-0.0001741317664204,0.12915748628864,6.378127022729694e-06,0.14330777009701312,0.795246943451995,True,0.9385547135490081
2019-02-21,163.86158752441406,164.47265452701384,162.99273687391116,164.0239006034967,25207400,-0.0036642545784205,0.12157878710346634,6.432721889308134e-06,0.1442161822976059,0.7935337121737234,True,0.9377498944713293
2019-02-22,165.0741424560547,165.18871294097903,164.1288922484789,164.21483468115548,27735400,0.0073726282282658,0.11716646129220179,6.487212785017714e-06,0.14550675816766842,0.7913963679471796,True,0.936903126114848
2019-02-25,165.67562866210938,166.76409172633257,165.56104363446798,166.33443793737237,32608800,0.0036371113249053,0.12048000144348943,6.48247484944425e-06,0.14493257818919258,0.7919602327593361,True,0.9368928109485287
2019-02-26,165.84756469726562,166.37270383550796,164.99779938955967,165.27469755744522,21939700,0.0010372490010685,0.11666461510135465,6.517861630516216e-06,0.14494047786823291,0.7914737843287234,True,0.9364142621969563
2019-02-27,165.7425079345703,165.94302086834384,163.99523505362922,165.08369845515168,25162000,-0.0006336544720815,0.11135933683988192,6.531677569467126e-06,0.1453847899456082,0.7904973084048343,True,0.9358820983504426
2019-02-28,165.36058044433594,165.95254736509088,164.8927266904916,165.22691002452086,25085500,-0.0023070014930834,0.106815557316858,6.542357139068895e-06,0.1458252633407459,0.7895210757674521,True,0.935346339108198
2019-03-01,166.50633239746094,166.75457330535846,165.35102658401135,166.55407495601366,31431200,0.0069049155612423,0.10350068228254594,6.642854437636617e-06,0.14942663836142597,0.7849398983472979,True,0.9343665367087239
2019-03-04,166.5349884033203,167.84305011269169,164.6731450219927,167.60435186972703,38063500,0.0001720867900786,0.10892105626827595,6.6744188794167855e-06,0.14967980200153239,0.7840628641771965,True,0.9337426661787289
2019-03-05,166.65916442871094,167.17474637251257,165.8380416522944,166.65916442871094,22319900,0.000745367408667,0.10482634142418613,6.650634698608471e-06,0.150981416363643,0.7841178045737007,True,0.9350992209373438
2019-03-06,165.7138671875,166.85007316411867,165.4465263187644,166.82143054025303,27194600,-0.0056881858639775,0.10138954386366696,6.620160212316113e-06,0.15119327091232443,0.7840916093865641,True,0.9352848802988885
2019-03-07,163.68011474609375,165.35100206478714,163.069047966588,165.2937168306118,39407400,-0.0123486062069799,0.10463589321883619,6.604164655101358e-06,0.15123720407467606,0.7841783627369643,True,0.9354155668116404
2019-03-08,163.431884765625,163.517812622614,161.68461216193765,161.8469251925776,39303200,-0.0015177066478008,0.126952393750016,6.670073129729302e-06,0.15080754756609963,0.7842158868676159,True,0.9350234344337155
2019-03-11,166.8309783935547,166.94556346155164,164.0811844343748,164.10982705912775,30518400,0.0205848978699374,0.11988673696048917,6.621463410122047e-06,0.1500605044899001,0.7851231238784142,True,0.9351836283683144
2019-03-12,167.74758911132812,168.17724305933953,166.8691812754646,167.2701925982076,33953500,0.0054792093695357,0.17159665938675508,6.877181061942596e-06,0.15293251655902476,0.7813420777527461,True,0.9342745943117708
2019-03-13,169.00791931152344,169.88632720446222,168.37776694568856,168.61646521775845,42426100,0.0074851698227577,0.1606160866784124,6.827867111863542e-06,0.15173925544256542,0.7826037487001787,True,0.9343430041427441
2019-03-14,168.7214813232422,169.3229910201753,168.67373875834647,169.1224926441927,23751500,-0.0016962577520543,0.1551569359301891,6.84973596775882e-06,0.15265937672930854,0.7814292632560369,True,0.9340886399853454
2019-03-15,170.28733825683594,170.79337738392996,169.26570274844815,169.38027324696452,38192000,0.0092379193630402,0.14375146994290533,6.836713994821475e-06,0.1529841989103163,0.7814693350090436,True,0.9344535339193599
2019-03-18,170.69290161132812,171.20943636618364,169.87028462013257,170.2146362582028,32935100,0.0023788096688357,0.1454864334821957,6.844243822274046e-06,0.15296228507954818,0.7814477799557422,True,0.9344100650352904
2019-03-19,171.26683044433594,172.17553172042693,170.5398577470626,171.3911695145269,36893300,0.0033567073435933,0.13587650091884923,6.83001803526016e-06,0.15242292436972,0.7818015344386472,True,0.9342244588083672
2019-03-20,171.9459686279297,172.99815832945106,170.49205234373844,171.27639999764403,50105000,0.0039575392982107,0.12874896993128632,6.856998784588765e-06,0.15287941854266981,0.7810483842782775,True,0.9339278028209473
2019-03-21,174.63380432128906,174.882497030989,171.41028616962532,171.42942086898657,42428500,0.0155109431747429,0.1235470693487675,6.835824516484272e-06,0.15255640417668517,0.7813406505428869,True,0.9338970547195721
2019-03-22,170.79812622070312,174.34686168026096,170.61638304522566,173.87815636431912,70794500,-0.0222089240635445,0.15138391954186478,6.795938784462992e-06,0.15137729795793092,0.7834930865756351,True,0.934870384533566
2019-03-25,170.47291564941406,171.06596005852316,169.23898277791127,170.1763934448595,46336500,-0.0019058790804371,0.1979132165131123,6.924854774449045e-06,0.1557029601306985,0.7797493719964265,True,0.935452332127125
2019-03-26,171.26683044433594,172.83554026063536,170.39638397549584,171.79292526591516,33248100,0.004646320671028,0.17966920421140578,6.862935578026445e-06,0.15407555299318884,0.7813985089465907,True,0.9354740619397796
2019-03-27,170.16676330566406,171.90765575187245,168.923285381797,171.52504940537435,37096700,-0.0064438354357328,0.1665177789835195,6.836875257889468e-06,0.15298355821464293,0.7823157710670644,True,0.9352993292817073
2019-03-28,170.55899047851562,171.19986430994626,169.53551019699222,170.60681993365233,30368200,0.002302305251358,0.15807202386402988,6.840608736077533e-06,0.1532829613596921,0.7817550837556784,True,0.9350380451153705
2019-03-29,171.85031127929688,172.01291974893215,170.82681641126857,171.87900603302663,35205500,0.0075425925414903,0.14631877239661722,6.8657537826542066e-06,0.15377078249358334,0.780694314761433,True,0.9344650972550164
2019-04-01,174.12686157226562,174.3372995173104,172.91207795691824,173.6199014125218,30969500,0.0131603084164631,0.14371718120387064,6.911968126834667e-06,0.15479538625675796,0.7795274746602558,True,0.9343228609170138
2019-04-02,174.78689575195312,174.95907891197015,173.87819427195822,174.31820492933156,22645200,0.0037833702634931,0.15693175165428982,6.888074594980445e-06,0.1546748783513048,0.7801642255253258,True,0.9348391038766306
2019-04-03,175.7912139892578,176.8816584227349,175.24599907026948,175.77207928817913,31633500,0.0057295133770209,0.1465220091162437,6.881733055710948e-06,0.15437889126636095,0.7801161716392846,True,0.9344950629056455
2019-04-04,175.7242889404297,176.47994189018772,174.7103539788331,175.8390679719113,28530800,-0.0003807800741587,0.1405169014233979,6.882877883424515e-06,0.15416358845418057,0.7801243412314132,True,0.9342879296855937
2019-04-05,176.63294982910156,176.73816878233495,176.0207708090617,176.23120871552845,25674700,0.0051576230198866,0.13073421723005244,6.9058237429575665e-06,0.15462819368256459,0.7790895078503204,True,0.933717701532885
2019-04-08,177.08250427246094,177.22597801585468,175.6477084565324,176.34597166687823,22697500,0.0025419001641217,0.12677925326142783,6.904741021901837e-06,0.1545138791420112,0.7789624951140443,True,0.9334763742560555
2019-04-09,176.4607696533203,177.06338863142693,176.0877232848494,176.47990435299815,25631900,-0.0035171663890829,0.12050565105409225,6.867782393164427e-06,0.15388799903092773,0.7798252778103582,True,0.9337132768412859
2019-04-10,177.40773010253906,177.46511960279116,176.499028959051,176.69033215839082,24563000,0.0053520599336116,0.11624741900258265,6.898442933954485e-06,0.15488223418606836,0.7787445013846539,True,0.9336267355707223
2019-04-11,176.98687744140625,177.70427547932866,176.6616605004682,177.70427547932866,20654100,-0.0023750522722724,0.11556329484636566,6.907510396356467e-06,0.15543354657319708,0.7780567031326797,True,0.9334902497058768
2019-04-12,177.75205993652344,177.8668389229747,177.01552738396882,177.77119463276424,24989100,0.0043140664936181,0.11095234073951302,6.920341501891154e-06,0.15629688937070882,0.7769709953761091,True,0.933267884746818
2019-04-15,177.78077697753906,177.98165482451637,176.59467378531275,177.7616422788987,21073000,0.0001615436780879,0.10964653267998331,6.921892909160933e-06,0.1566665006003247,0.7765276970955464,True,0.9331941976958711
2019-04-16,178.39300537109375,178.7851865265728,177.84777577511028,178.43126018346854,27195700,0.0034378105681335,0.10511137516387954,6.961059704649499e-06,0.1581933907539155,0.7748898495211912,True,0.9330832402751067
2019-04-17,179.0146942138672,179.76078690698398,178.48861406537347,179.58861840649482,29651600,0.0034788812356324,0.1037135106988911,6.9411216597173906e-06,0.1585668557850458,0.7746494480091197,True,0.9332163037941655
2019-04-18,179.2443084716797,179.62691495869478,178.1921187391353,179.31127263443338,28580900,0.0012818340224876,0.10261439783411062,6.921470747172219e-06,0.15914332842145112,0.7742428816759146,True,0.9333862100973658
2019-04-22,179.75123596191406,179.8182001124958,178.32600005516667,178.45992835633018,17936000,0.0028241455083427,0.09958892019649694,6.899662273749674e-06,0.15989372133368954,0.773686237582541,True,0.9335799589162305
2019-04-23,182.0373687744141,182.2573667651012,179.9521386985504,180.210391498074,33665600,0.0126381163546655,0.09845268182904804,6.8805834965438105e-06,0.16064851253623016,0.7731351559559951,True,0.9337836684922253
2019-04-24,181.4634246826172,182.41995527278428,181.4060205869884,182.1903826767647,24977100,-0.0031578724398011,0.12557165105734602,6.989111723600278e-06,0.15965084374066155,0.7732089852990939,True,0.9328598290397554
2019-04-25,182.199951171875,182.90778909578103,181.21472578598505,182.82170484159627,29517500,0.0040506003364516,0.11971695846962227,6.9752032040895025e-06,0.15991182607752363,0.7728850100796165,True,0.9327968361571402
2019-04-26,182.362548828125,182.4008182247179,180.39209817304211,181.9129782888976,26359500,0.000892015317162,0.11616111411797131,6.962121267059733e-06,0.16027933989164128,0.7728612482855913,True,0.9331405881772326
2019-04-29,182.71649169921875,183.00345381779383,182.0660432574153,182.36256542825964,21716200,0.0019389937120226,0.11039353743220483,6.923493569813283e-06,0.15997495845611548,0.7732637717278505,True,0.933238730183966
2019-04-30,181.30084228515625,181.59737909480916,180.0286691590567,181.2434527721595,31495300,-0.0077779623041738,0.10626200834541709,6.900166288588001e-06,0.16013485410731496,0.773158503293445,True,0.93329335740076
2019-05-01,180.71739196777344,183.003515033324,180.593052864682,182.4869801280056,34797100,-0.0032233228458685,0.11366688718137982,6.911395555210595e-06,0.1600961883455924,0.7731333605532976,True,0.93322954889889
2019-05-02,179.9329833984375,181.597352004566,178.74688012327127,180.65994144712027,44110100,-0.0043499736022084,0.1101629391317674,6.887681886721771e-06,0.16016072251366517,0.7733244681278615,True,0.9334851906415267
2019-05-03,182.8025665283203,182.9364802306823,181.09994320021843,181.4251601065977,30386200,0.0158222318999167,0.10893267020934871,6.868249711138448e-06,0.16020094645087088,0.7733699182523555,True,0.9335708647032264
2019-05-06,181.6834259033203,181.93211860686267,178.64165098215432,178.91905303177734,38371800,-0.006140944591823,0.14543663033299128,7.019232206315368e-06,0.16044364593174287,0.7724450823348948,True,0.9328887282666377
2019-05-07,178.14425659179688,180.4686188447096,176.4894482156965,179.7033914782843,58818100,-0.0196721020571728,0.14001320958217842,6.995322132760165e-06,0.15980165157201048,0.7731632687579749,True,0.9329649203299855
2019-05-08,177.6947021484375,179.03383921429318,176.91991466065676,177.5607884418519,37165300,-0.0025267311040237,0.1818510861953533,7.165889262386243e-06,0.16417079782171384,0.7688396030897692,True,0.933010400911483
2019-05-09,176.73822021484375,177.3503994130336,174.17470978801518,175.71472513595418,55351700,-0.0053972652941637,0.1654248642974293,7.104320243583313e-06,0.16242653437797785,0.7705583148588195,True,0.9329848492367974
2019-05-10,176.95819091796875,177.8095027120784,173.16076262630523,176.1068791238591,58526400,0.0012438392053845,0.15499216038644917,7.080871665804045e-06,0.16167041998392537,0.7711467669960803,True,0.9328171869800057
2019-05-13,170.8172607421875,173.380756111166,170.31986067227348,172.45292012875942,67185800,-0.0353191607110079,0.14259728869200833,7.078438453279269e-06,0.16136271428376214,0.7710242026498296,True,0.9323869169335918
2019-05-14,172.69203186035156,173.73466132962173,171.08506742321788,171.7163811358771,43360600,0.0109155110104008,0.26458819952484464,7.1339811033864736e-06,0.16604239134783433,0.7710987919890158,True,0.9371411833368501
2019-05-15,175.1311492919922,175.5711597026807,171.51546550925354,171.55373489913728,40944500,0.0140252723024844,0.2459346022917378,7.103516365955952e-06,0.16471505590574578,0.7723162890855654,True,0.9370313449913111
2019-05-16,176.89120483398438,177.98166377886764,174.99727824726477,175.2077161564002,39281200,0.0099997638659886,0.23796458075048876,7.100927240602663e-06,0.1645990268301797,0.7722967699065412,True,0.9368957967367209
2019-05-17,175.0833740234375,177.51297019042434,174.9303402030409,175.14077812602403,44702300,-0.0102725981756497,0.22264905705716267,7.108377985966281e-06,0.16427895524493205,0.7721673933818102,True,0.9364463486267423
2019-05-20,172.12771606445312,173.30424487212645,171.54423168746848,172.6442508745061,38608300,-0.0170255469321971,0.21066012806053622,7.093363842239572e-06,0.16342401926194336,0.7729186105935878,True,0.9363426298555312
2019-05-21,173.92596435546875,174.40422966538463,173.05551798850212,173.6103074994644,31613800,0.0103929799280949,0.2193948756934462,7.082281359144328e-06,0.1637255679195307,0.7731577693893303,True,0.936883337308861
2019-05-22,173.15118408203125,174.15554419367925,172.89291671720758,172.95988086921724,24332600,-0.0044646071565435,0.2083327444377852,7.099795717780847e-06,0.16394120164892093,0.7725544861918455,True,0.9364956878407664
2019-05-23,170.50157165527344,171.2381042703414,169.4398221539929,171.16158007437997,45351300,-0.0154205946999605,0.1898102760492476,7.140080575917951e-06,0.16415435150850954,0.7715541551603908,True,0.9357085066689004
2019-05-24,170.41546630859375,172.0320050838237,170.20502844462914,171.41982618742557,25903300,-0.0005051396024375,0.19872796601452739,7.098700533016884e-06,0.1636438629153667,0.7726366319340269,True,0.9362804948493936
2019-05-28,169.77459716796875,171.85026652165587,169.75546247196567,170.89373605845464,24763800,-0.0037677167416771,0.17933351326052424,7.191133595887453e-06,0.16515088539456446,0.7700390380920848,True,0.9351899234866493
2019-05-29,168.3780517578125,169.30588744989512,167.4789108112173,168.72240329915758,42178800,-0.008259898922185,0.16496523403016358,7.154952047255414e-06,0.16664568831223628,0.7695252047796091,True,0.9361708930918453
2019-05-30,169.08595275878906,169.56421815640192,168.12942196356337,168.82768535733766,30354800,0.0041954225034323,0.15997259319081342,7.184180804352693e-06,0.16693199027066757,0.7690207080642859,True,0.9359526983349535
2019-05-31,166.38848876953125,167.67023622299436,166.3119645729143,167.09632664161444,45446200,-0.0160818339112373,0.14894489349478796,7.225254471400424e-06,0.1667189589515323,0.7685293733122301,True,0.9352483322637625
2019-06-03,162.72500610351562,166.3885206181118,161.91196372539434,165.93894999912084,75842300,-0.0222636509598623,0.1727356064982758,7.126988668048145e-06,0.1649297848704299,0.7717719665940028,True,0.9367017514644327
2019-06-04,167.30677795410156,167.3641674572933,163.92065131079644,164.55196503690408,47797800,0.0277674239777801,0.21368558016758765,7.0756069537893625e-06,0.165473561309906,0.7729983525936357,True,0.9384719139035417
2019-06-05,168.55027770996094,168.93288414413587,166.7998248123859,168.90418939134773,34412700,0.0074049683757376,0.26514182477425324,7.110670103371905e-06,0.1691518730023607,0.7708364759458044,True,0.9399883489481651
2019-06-06,169.88938903808594,170.30069016261885,168.09110696031976,168.83719961056366,29913200,0.0079134832466484,0.24060890754591313,7.022343653677584e-06,0.16614797238374124,0.7738693374048492,True,0.9400173097885904
2019-06-07,173.17030334472656,173.8685812315779,170.57811344337264,170.79811140726443,45888300,0.0191279501121328,0.22138830559869152,6.94941493951279e-06,0.16379152943399045,0.7762689135734625,True,0.940060443007453
2019-06-10,175.18856811523438,176.81468176117068,174.28944163935552,174.32769644014897,41385300,0.0115874032106524,0.23438700577302357,6.860562634692656e-06,0.1628494306726039,0.7782275064754357,True,0.9410769371480396
2019-06-11,175.42771911621094,177.34078045704422,174.83467477111253,177.0155635320225,41260300,0.0013641752923275,0.2232539478873755,6.7467530690467455e-06,0.16011581194285593,0.7813919701933664,True,0.9415077821362223
2019-06-12,174.41375732421875,175.31289827514755,174.0885404767966,174.94941203656026,27758100,-0.0057967090783841,0.20165622563834426,6.614654556432576e-06,0.1564712025023637,0.7852348348331476,True,0.9417060373355113
2019-06-13,175.44679260253906,175.87722833494652,174.7963589794335,175.14071048445842,23715800,0.0059054287813541,0.18700401306455677,6.480962729994261e-06,0.15312519835153515,0.7888844302875692,True,0.9420096286391043
2019-06-14,174.7007293701172,175.15029987130026,174.03116094138616,174.54768098769378,22844100,-0.004261428767205,0.17462908267958976,6.492971381586008e-06,0.15276332925182756,0.7887313583348399,True,0.9414946875866674
2019-06-17,175.7529296875,176.24075501688523,174.8920434294403,175.0833466216209,20379500,0.0060048080643377,0.16251800756517337,6.4291988566174255e-06,0.15090813621188945,0.7904250140281012,True,0.9413331502399906
2019-06-18,178.30686950683594,179.55992223547514,177.36945902659576,177.82860421526382,48177300,0.0144268517454621,0.15482438506736096,6.294593954739759e-06,0.1479419102830951,0.7936606808516299,True,0.941602591134725
2019-06-19,178.97650146484375,179.37824270077058,177.50345026644538,178.5460654688867,31672900,0.0037484685630378,0.1686882627917535,6.119850062154247e-06,0.1447659253993589,0.798043393458922,True,0.9428093188582809
2019-06-20,180.64083862304688,181.51127051608543,179.02429931447367,181.4730157079688,40922000,0.0092562224103055,0.157039735132796,6.106128424267695e-06,0.14399566620649543,0.7980795917485339,True,0.9420752579550293
2019-06-21,180.37298583984372,181.52081966360237,179.99036483492492,180.43037534170685,39980400,-0.0014838923841833,0.1557785978599677,6.118325046421469e-06,0.14363833844460508,0.7978483270388915,True,0.9414866654834966
2019-06-24,180.37875366210935,180.91559283997395,180.28288325416048,180.73344784153335,19375200,3.1976684431745295e-05,0.1442344959827265,6.201138005309762e-06,0.1448595906061026,0.7951807278116044,True,0.9400403184177071
2019-06-25,177.2823028564453,180.35956130535865,177.01388329035703,180.2541097166976,33921100,-0.0173154337871623,0.13361837080034325,6.351098800876628e-06,0.1476435127562722,0.790489620552482,True,0.9381331333087541
2019-06-26,178.1067352294922,179.58305744313873,177.81915329103936,178.46144399986568,22595700,0.0046396132890403,0.164116129074125,6.37640937612611e-06,0.14795431460460434,0.7904414045795056,True,0.9383957191841099
2019-06-27,178.7873992919922,179.2092056843844,178.2984953159579,178.7490599053068,19709200,0.0038143797946629,0.1536758590858522,6.4064605832528845e-06,0.14727973291992724,0.790067746844265,True,0.9373474797641922
2019-06-28,179.0175018310547,179.41053544775764,178.37521097260034,179.21880923486822,21179200,0.0012861901559287,0.14509423556695042,5.9844869964106135e-06,0.1416491491860375,0.800270107255103,True,0.9419192564411405
2019-07-01,181.4332427978516,182.68908069525745,180.58964470132267,182.44941931928807,31025600,0.0134042011170332,0.13600936473372247,5.8489997981221825e-06,0.13869045498384017,0.8041163072528813,True,0.9428067622367214
2019-07-02,182.1522674560547,182.17144446617476,180.8581045145205,181.37576676557964,18035800,0.0039551938967139,0.15071179209734534,5.61972745047888e-06,0.13465501269048957,0.8107899160383074,True,0.9454449287287969
2019-07-03,183.5231170654297,183.5231170654297,182.4206658423936,182.61240666571888,15792100,0.007497666450928,0.14286583741467518,5.523952614583625e-06,0.13276953198972366,0.8135850528078096,True,0.9463545847975332
2019-07-05,183.14923095703125,183.48474811499904,181.55787587069383,182.2672788270511,21415600,-0.0020393478809934,0.14104619506414234,5.523890517901633e-06,0.13255786234961214,0.8138651495376492,True,0.9464230118872614
2019-07-08,181.8646545410156,182.018026712597,181.1168975511189,181.96051031978268,17598800,-0.0070385361780101,0.13300109390640727,5.53564781164897e-06,0.13269838376745144,0.8133784458519568,True,0.9460768296194083
2019-07-09,182.775390625,183.0054562286481,180.8485034278129,181.00189024875985,19193500,0.0049952713084415,0.13202833099074884,5.534990349226583e-06,0.13268104287944285,0.8133266103349633,True,0.9460076532144062
2019-07-10,184.59678649902344,185.1048674750675,183.55186635038723,183.88739814714253,28374500,0.0099158886353189,0.12809418228102895,5.514082204744503e-06,0.13193031261796898,0.8140414200732029,True,0.9459717326911719
2019-07-11,184.4625396728516,185.34449165472932,183.87776541415604,184.8747647868996,23736100,-0.0007275081406852,0.13423127459317818,5.519409789957537e-06,0.1325760079540431,0.8135225791696519,True,0.946098587123695
2019-07-12,185.52667236328125,185.53625355279647,184.4913334125983,184.6638972182639,20211900,0.0057522521739287,0.12689517401712974,5.389889053027527e-06,0.13103834290609703,0.8164497619958992,True,0.9474881049019963
2019-07-15,186.1210174560547,186.1593714674989,185.44038734449927,185.95804947684044,15606100,0.0031984355922727,0.12487423439219589,5.408888100117452e-06,0.13123732531874846,0.816041284511634,True,0.9472786098303825
2019-07-16,185.16238403320312,186.0635131999019,184.5967866635587,185.8909640204593,20190900,-0.0051639020179162,0.12004025175607608,5.434399468734566e-06,0.13159132744254856,0.8153384562252904,True,0.946929783667839
2019-07-17,184.25167846679688,185.48833946269883,184.2325014593257,185.162388846772,16765100,-0.0049305508577837,0.11825779977521308,5.464666041183573e-06,0.13217963157702817,0.8144163506152194,True,0.9465959821922476
2019-07-18,184.4625396728516,184.817233777583,182.8040872845252,183.37926572778423,28877000,0.0011437651094984,0.11650658597613055,5.470716757756376e-06,0.13226145317611476,0.8142564159139601,True,0.9465178690900748
2019-07-19,183.1108856201172,185.8142731571208,182.91915943108447,185.7279985662217,29387900,-0.0073545041733598,0.1115306695492679,5.497242153674696e-06,0.1330809943659907,0.813083769815512,True,0.9461647641815027
2019-07-22,184.5680389404297,184.96108715293536,183.52311873156737,183.52311873156737,18954900,0.0079262685558598,0.11544387343418118,5.483179660316442e-06,0.13256672417659207,0.81375277751886,True,0.9463195016954521
2019-07-23,185.77590942382807,185.7950864300593,184.33794113965416,185.57460205559488,23786700,0.0065229890839368,0.11971394927678189,5.4946829940103965e-06,0.13277788411252117,0.813497274446165,True,0.9462751585586862
2019-07-24,187.07965087890625,187.0892466950327,185.04732723661704,185.0665042411014,20422900,0.0069933073678791,0.12021860393075416,5.377316821567654e-06,0.13182300564054825,0.8159132360192176,True,0.9477362416597659
2019-07-25,185.30618286132807,186.4757315717548,184.9514740702841,186.44697337623364,23434700,-0.0095249671981461,0.12161997945902359,5.425000428194843e-06,0.13213445756272282,0.8151375906481892,True,0.947272048210912
2019-07-26,187.21388244628903,187.4631396502938,186.38944669071915,186.4853170965318,20431200,0.0102422201623903,0.12838871284596054,5.475575335947895e-06,0.13253539315611146,0.8144227021032451,True,0.9469580952593566
2019-07-29,186.57159423828125,187.10843341153,185.3924642950549,187.0413358287591,20451700,-0.0034366709261215,0.13550027583425714,5.5420956902088115e-06,0.13326838617053685,0.8132271044256165,True,0.9464954905961533
2019-07-30,185.7663116455078,186.494876911764,185.0089881863579,185.1431979624516,18705000,-0.0043255539425101,0.12929707542160002,5.557506641459757e-06,0.13310690785854326,0.8130356127019086,True,0.9461425205604519
2019-07-31,183.19715881347656,186.3894354196617,181.49077101314333,186.26482145296495,41627500,-0.013926551332486,0.12496096876230753,5.537391825832501e-06,0.1326836578700956,0.8135970129345321,True,0.9462806708046277
2019-08-01,182.2864227294922,186.9166819134034,181.40447068890455,183.51348771011567,63251600,-0.0049837421707797,0.14379379768876516,5.610788241624052e-06,0.13340132745329958,0.8126839427833152,True,0.9460852702366148
2019-08-02,179.60223388671875,181.1744118656774,178.5093786407081,180.91557349411016,55214000,-0.0148346073761387,0.13799840479178574,5.6244600537351415e-06,0.13319416721658298,0.8125789732253941,True,0.945773140441977
2019-08-05,173.25601196289062,175.92104551099516,171.78928539245075,175.84435210909214,75040000,-0.0359742553603388,0.15620790874695545,5.685474268113837e-06,0.13438210601944162,0.8114061141566424,True,0.9457882201760841
2019-08-06,175.6813507080078,176.1990274154695,173.58192956969134,174.85691507903786,41897200,0.0139015081954887,0.2650430997846729,6.129031858946226e-06,0.1482680034816984,0.7982720983304347,True,0.9465401018121331
2019-08-07,176.6304473876953,176.87968997147158,172.45075209099508,173.7736876668343,49990600,0.0053878353250849,0.25438931854230695,6.146984043207316e-06,0.14782736681595776,0.7984046145589995,True,0.9462319813749572
2019-08-08,180.47457885742188,180.5321098691038,176.9371895968058,177.42609348784185,38418100,0.0215302484263972,0.23246169542508896,6.148546157627755e-06,0.1465152577822247,0.7992431181778713,True,0.945758375960096
2019-08-09,178.7777862548828,180.22533554566263,177.3781575319805,179.61180307359666,33608900,-0.0094463134262626,0.24965937897515114,6.095740797187098e-06,0.1479257997980331,0.7993450858792515,True,0.9472708856772846
2019-08-12,176.7263641357422,178.21225346602156,175.91150933132653,177.67541414311103,24642900,-0.0115410460715802,0.23342751761763944,6.1524038257467395e-06,0.14719129514529417,0.7991885224128564,True,0.9463798175581506
2019-08-13,180.59922790527344,181.8358741828538,176.40995168747628,176.57291966962129,40241900,0.0216777948075699,0.22345450287828839,6.213141468882337e-06,0.14700818482590844,0.7986308268560373,True,0.9456390116819458
2019-08-14,175.20205688476562,178.26013855471717,174.87612090576505,177.69454118625669,51000500,-0.0303404471659227,0.24312363624539815,6.265784236133497e-06,0.14833553057621332,0.7974859060142926,True,0.9458214365905059
2019-08-15,175.00076293945312,175.9977479599001,173.66824609690406,175.43215054803335,36685000,-0.0011495850751961,0.29043864033795397,6.330922837501163e-06,0.15180936029864714,0.795004109024828,True,0.9468134693234751
2019-08-16,177.8095703125,178.26013488563237,176.48664941679456,176.59210101109724,32781400,0.0159228143427208,0.2613704909788405,6.3662372916333155e-06,0.15032857089125287,0.795567261770959,True,0.9458958326622119
2019-08-19,180.63755798339844,181.0210249461336,179.7460247221059,180.37873423979224,22494100,0.0157794337067884,0.25596188301600714,6.408406345433917e-06,0.1504153805179694,0.7951319524664274,True,0.9455473329843969
2019-08-20,179.23794555664062,180.8388817438944,179.1900103573567,180.18700984249392,19902900,-0.0077783537344844,0.2512892230882925,6.444490627361606e-06,0.1506297188443316,0.7947139152876592,True,0.9453436341319909
2019-08-21,180.82928466796875,181.40446312553516,180.18699401174732,180.8101076643862,20418500,0.0088391796799237,0.23215547313878004,6.494713275028358e-06,0.14974977225747116,0.7947156685975039,True,0.9444654408549751
2019-08-22,180.24449157714844,181.62494313561663,178.82568601551927,181.16478286428307,24243700,-0.0032391917697453,0.21740962983614143,6.5431734707822874e-06,0.14914132267812313,0.7945444772104144,True,0.9436857998885375
2019-08-23,174.5405731201172,180.6567207593848,174.0516546096097,179.01744533458427,55372400,-0.0321569904601737,0.1986033292276902,6.596569492199488e-06,0.1485912778926681,0.7941649192664565,True,0.9427561971591246
2019-08-26,177.17686462402344,177.22478519580514,175.5088162229292,176.52497809122357,27598900,0.0149912435016087,0.2684455259838794,6.256850378972048e-06,0.14555231772837632,0.8020842579723343,True,0.9476365757007106
2019-08-27,176.802978515625,178.71068828315927,176.11276722889778,178.41351052537289,28012800,-0.002112471965196,0.2597675632541018,6.2248040226955255e-06,0.14447105607422764,0.8032660849850082,True,0.9477371410592358
2019-08-28,177.43569946289062,177.73287723980545,175.34585920731524,176.22781134865835,21792400,0.0035722898681509,0.23618386762412383,6.22786564775865e-06,0.14349809987911633,0.8038215996817268,True,0.9473196995608432
2019-08-29,180.14865112304688,180.6663278573513,178.9599254996151,179.64057020500985,25358900,0.0151740629071991,0.21642195850242354,6.169897450507222e-06,0.14168437861886135,0.8056190601527756,True,0.947303438771637
2019-08-30,179.71726989746094,181.1552381221948,178.70110802575874,181.11688411131783,26319800,-0.002397456424809,0.21828149434902652,6.0616436230876375e-06,0.14027614081358594,0.807942274473079,True,0.948218415286665
2019-09-03,177.97251892089844,179.43924526428412,177.37816343287164,178.5189538394535,27964200,-0.0097557429318341,0.20060282552282285,5.991356763312489e-06,0.1389300381431451,0.8094159824325089,True,0.948346020575654
2019-09-04,180.54171752929688,180.6951043274031,179.17084679134908,179.68852357801504,21592100,0.0143327228261385,0.19354235854783805,5.928027899825038e-06,0.1382668785670747,0.8104093307766476,True,0.9486762093437222
2019-09-05,183.8489990234375,184.37625687706736,182.46854741675816,182.53565961075049,33932600,0.0181528900896553,0.19780451614518157,5.833043259101277e-06,0.1378153436224896,0.8117461754903454,True,0.949561519112835
2019-09-06,183.6669006347656,184.2229168188488,183.2642712520372,184.15581923561265,19487800,-0.0009909688464811,0.21173658677576732,5.753540367946099e-06,0.1380261519789928,0.8125689890221696,True,0.9505951410011624
2019-09-09,183.28343200683597,184.31877088251815,182.35354471926308,184.24207748864143,24407600,-0.0020900309028694,0.19437958448915016,5.768227186575405e-06,0.1384048202307138,0.8116381436496577,True,0.9500429638803715
2019-09-10,182.75616455078125,182.85203494507783,181.09771204938323,182.29601883924823,23744700,-0.0028809332416316,0.17913804103640424,5.817923922302298e-06,0.13914810116241744,0.8100439639848407,True,0.9491920651472581
2019-09-11,184.4721527099609,184.56802311427336,182.67949024592443,183.1012966204671,25063600,0.009345688054587,0.16566297987947576,5.928874151386372e-06,0.14149024400897786,0.8064837108316709,True,0.9479739548406487
2019-09-12,185.2390289306641,186.6578345197337,184.98978641636256,185.60331882890716,28689900,0.004148521108518,0.16304849623540904,5.999625009877685e-06,0.14299457011793182,0.8042536318447411,True,0.9472482019626729
2019-09-13,184.5776214599609,185.40205727926065,184.3379600546735,184.97066967529747,27669800,-0.0035769518500974,0.15424938195624982,5.8355284030591425e-06,0.14043865771974687,0.8083610438715582,True,0.948799701591305
2019-09-16,183.753173828125,184.13664082859663,183.20675346563723,183.38889846239,20319000,-0.0044766770482059,0.14563998407693612,5.811084787566663e-06,0.1399810417551241,0.8090845025790169,True,0.9490655443341409
2019-09-17,184.63510131835935,184.63510131835935,183.3792636153438,183.7723117217586,20953400,0.0047880415019022,0.13881737409864717,5.841880348898626e-06,0.14028750384273117,0.8083156586054686,True,0.9486031624481998
2019-09-18,184.55845642089844,184.63514982481817,182.24811699654364,184.25168280521945,29781300,-0.0004152017117056,0.13320189137898986,5.891730708083711e-06,0.1414949852009501,0.8065575118459685,True,0.9480524970469186
2019-09-19,184.8651580810547,186.0155295275718,184.51046399721827,184.8843350830305,26039400,0.0016604338140942,0.12542002789690082,5.927097247315324e-06,0.14287664049906185,0.8051487868408298,True,0.9480254273398916
2019-09-20,182.9095916748047,185.31578697359,182.296059048178,185.12406077047635,29086100,-0.010634687879853,0.11892564131768713,5.9906760489746855e-06,0.14426722630129138,0.8030812048071073,True,0.9473484311083987
2019-09-23,182.99024963378903,183.53778655007187,182.24099939054716,182.85576919672687,22485900,0.0004408745300483,0.13055135528875905,5.951324233215662e-06,0.14304480924977564,0.8047689244036937,True,0.9478137336534693
2019-09-24,180.5599822998047,184.22938537072093,179.77230071771646,183.82594406913967,40820700,-0.0133698362524397,0.12315400099959951,5.983477209102336e-06,0.14387550504208682,0.8034842240511785,True,0.9473597290932653
2019-09-25,182.5868377685547,183.06712721512895,178.8694021423963,180.3775033828588,34704900,0.0111628487639977,0.14220708476855892,5.93407265070222e-06,0.1424083782712636,0.8057886387013253,True,0.948197016972589
2019-09-26,181.91439819335935,182.5099522947323,180.56957922419545,182.34665567523547,26826000,-0.0036896464083295,0.14929108095969407,5.939768709368279e-06,0.1425423611130856,0.8058282060662125,True,0.9483705671792981
2019-09-27,179.65701293945312,182.346635929259,178.42747351393035,182.25057220712569,40773500,-0.0124866873584953,0.14116454764845368,5.928341822818804e-06,0.14207673927903147,0.8061668629159489,True,0.9482436021949803
2019-09-30,181.36685180664065,181.65502833189487,180.0124323980325,180.38705748368292,26307700,0.0094722361510941,0.15223876994397606,5.929117076224722e-06,0.14214065553955252,0.8064253135897413,True,0.9485659691292938
2019-10-01,179.88758850097656,183.076702362605,179.58981143052011,182.02967503188117,32367600,-0.0081896381523542,0.15303290982918352,5.927331884283726e-06,0.142235838816136,0.8065412983117255,True,0.9487771371278615
2019-10-02,176.79452514648438,178.69646700270863,175.8051301882238,178.66765081225589,48544300,-0.0173439641177135,0.15094649523332027,5.9479484903736345e-06,0.1423247493917284,0.8062047465068415,True,0.9485294958985699
2019-10-03,178.73489379882812,178.8693742365975,174.65243413986005,176.77530495445313,39392500,0.0109154844285447,0.17559722941305628,5.997059849957112e-06,0.1437101248613539,0.8052351467870785,True,0.9489452716484325
2019-10-04,181.36685180664065,181.62621214509613,179.5129420553432,179.7050548530904,31887600,0.014618117841523,0.1752001632238791,6.024233479423473e-06,0.14408407768809584,0.8047845217412145,True,0.9488685994293103
2019-10-07,180.8193359375,182.26020395700343,180.50234321433717,180.84815212530867,21216000,-0.0030233968314345,0.1845515436112718,6.055435632284455e-06,0.14476044653121553,0.8041312470250715,True,0.9488916935562871
2019-10-08,178.11053466796875,180.4543494868754,177.96645369847474,179.6858834492759,32379300,-0.0150940499529535,0.1708276483300071,6.0385683981027155e-06,0.14376263361419567,0.8048926927500807,True,0.9486553263642763
2019-10-09,179.84915161132812,180.6656493951779,179.08068569545804,179.61862209665486,20147400,0.0097141140853902,0.18261422679851042,6.055318556098666e-06,0.1445332299807024,0.8043623258862681,True,0.9488955558669705
2019-10-10,181.2420196533203,181.96245382767165,179.7435189158329,179.8972150574395,25177700,0.0077148103374285,0.17826322174917061,6.060074612941936e-06,0.14463646096943802,0.8041410175466206,True,0.9487774785160586
2019-10-11,183.57618713378903,185.0362707917572,183.2015620450574,183.30722628327743,40976700,0.0127965068010896,0.17096144864234894,6.07157429851359e-06,0.14477573309188174,0.8037513292079972,True,0.9485270622998789
2019-10-14,183.5570068359375,184.1429605140476,183.1343498015932,183.3168621261755,14975000,-0.0001044868629916,0.17613645516956566,6.078177369574874e-06,0.1451170279308188,0.803514232807323,True,0.9486312607381419
2019-10-15,185.8911590576172,186.32341645961355,184.0084187116191,184.12368344354743,23234200,0.0126360528750187,0.16270825529655705,6.086345878794563e-06,0.14561528865107076,0.8031092028626634,True,0.9487244915137342
2019-10-16,185.4300994873047,185.90078831090025,184.84414591395813,185.25720236267813,20457100,-0.0024833472183408,0.16934142089362386,6.092877214196007e-06,0.14556690248683646,0.8032501157625906,True,0.9488170182494271
2019-10-17,185.9199981689453,186.8325449428684,185.20916470077285,186.5443684202436,19045200,0.0026384749536196,0.15736432302515627,6.101165296396693e-06,0.14508561687569146,0.8033390416397732,True,0.9484246585154646
2019-10-18,184.13336181640625,186.03530383242415,183.1919986489002,185.583830601042,27700800,-0.0096561762606978,0.14714282090321285,6.114301355618626e-06,0.1449542166482143,0.8030668418465707,True,0.948021058494785
2019-10-21,185.76629638671875,185.89117629606508,184.5655731269005,185.11310996886544,15801200,0.0088291250982573,0.149457912009346,6.112805861666224e-06,0.1449314374304624,0.8031247409842075,True,0.9480561784146699
2019-10-22,184.28704833984372,186.75572823000397,184.22940129983235,186.49636785039505,22392300,-0.0079948253248714,0.14944323964255057,6.1348550837771656e-06,0.14529638140261933,0.8026772887534183,True,0.9479736701560376
2019-10-23,184.64247131347656,184.6808880190255,183.61464488848125,183.91243664988437,14828400,0.0019267803992766,0.14765874145446498,6.121836179872904e-06,0.14505992390043393,0.8029104618114321,True,0.947970385711866
2019-10-24,186.438720703125,186.55400011674928,185.1419482223137,185.9584313419501,18998500,0.0096812420459133,0.13839904407804055,6.111875931253038e-06,0.14486050656621394,0.8028966997819055,True,0.9477572063481194
2019-10-25,187.92759704589844,188.0236607689727,185.4397019852976,185.47811868016757,21507100,0.0079541567822957,0.14263367737682195,6.098037541014942e-06,0.14471346045104005,0.8031841951175779,True,0.9478976555686179
2019-10-28,189.78155517578125,190.03130038009007,188.80176072349929,188.80176072349929,18818700,0.0098169345811357,0.14209661266183587,6.156341254398505e-06,0.14588023950020756,0.8017431915914274,True,0.9476234310916349
2019-10-29,188.3118438720703,189.7527119371688,188.2830276833498,189.4645500499634,18569700,-0.0077743685023291,0.1458735097156999,6.1222197694804604e-06,0.14531178563603936,0.8025638426322047,True,0.9478756282682441
2019-10-30,189.2244415283203,189.5414343220832,187.5914456833713,188.6769045234742,21764300,0.0048344991938805,0.14430390239215674,6.108077992249683e-06,0.14504557898131004,0.8028464999930832,True,0.9478920789743932
2019-10-31,189.3108673095703,189.8583895911997,188.21580808904253,189.7719410189323,26801800,0.0004566326085515,0.1381528343345192,6.069488601425968e-06,0.14440915349326838,0.8035099089056146,True,0.9479190623988829
2019-11-01,191.0302734375,191.03988860475167,189.839165279666,190.1273271518729,22131900,0.009041450723316,0.12977817048216972,6.047414055124437e-06,0.1441318154844518,0.8036493677215288,True,0.9477811832059806
2019-11-04,192.21180725097656,192.624849064048,191.03028487511827,192.29825581781455,19015900,0.0061660115967169,0.13421581803547214,6.021509905061243e-06,0.14399240297880084,0.8039246832618434,True,0.9479170862406443
2019-11-05,192.3174743652344,192.64406761633995,191.68348888442827,192.4519548014113,15048900,0.0005495920439317,0.13173885961587029,6.013378602876574e-06,0.1439381767219238,0.8038299876446965,True,0.9477681643666203
2019-11-06,191.88519287109372,192.11573703214864,190.95343037390643,192.0965213544105,19725500,-0.0022502794145818,0.12425496869585638,6.005418632726851e-06,0.14393436391756553,0.8035545316694839,True,0.9474888955870494
2019-11-07,192.5287628173828,193.76791742624127,191.97164012472464,192.8457555159916,17832400,0.0033483204136277,0.11863867224449448,5.99111805133319e-06,0.14367059026850781,0.8035741793261497,True,0.9472447695946575
2019-11-08,193.2972869873047,193.3165026692455,191.6739063091673,192.1830266083394,15258800,0.0039837910722811,0.1146396486470713,6.0473629166417186e-06,0.14577009500590987,0.8009302216329054,True,0.9467003166388153
2019-11-11,193.0379180908203,193.1147514948287,192.05812363111997,192.31748400577249,10147600,-0.0013427144720065,0.11248292927070024,6.010751238774972e-06,0.14577996148917402,0.8017099623892279,True,0.9474899238784019
2019-11-12,193.59503173828125,194.2386323889132,192.9034285339982,193.2012055965862,14778300,0.002881875604683,0.10806776281671922,6.00185398075347e-06,0.14635421572155688,0.8010774674532958,True,0.9474316831748526
2019-11-13,193.64306640625,193.82557871364105,192.797767074452,192.92263234482337,15774600,0.00024808854524,0.10544002995820723,6.005586215426027e-06,0.14742429705295826,0.7999157415032794,True,0.9473400385562376
2019-11-14,193.4893493652344,193.61422927937,192.32705741322405,192.9130109727781,16945400,-0.0007941316347157,0.10188368572389565,5.997502048400869e-06,0.1482226675486304,0.7994390049247998,True,0.9476616724734301
2019-11-15,194.9110107421875,194.9110107421875,194.03688068275392,194.66125092105415,18427900,0.0073206303189313,0.09882094288994342,5.986111006243377e-06,0.1493964124101701,0.7983626665373943,True,0.9477590789475644
2019-11-18,195.0647430419922,195.372120634779,193.81598767636072,194.6036546669081,18365900,0.0007884198249575,0.10650662159796975,5.978958824836164e-06,0.1486359939073188,0.7991534315534103,True,0.9477894254607291
2019-11-19,195.3529052734375,195.80437848065037,194.6036549842905,195.80437848065037,16923300,0.0014761744763142,0.10280745000662987,5.965229807479341e-06,0.14939359508094016,0.7987559244480543,True,0.9481495195289945
2019-11-20,194.18096923828125,195.42972442118923,192.71128506876605,194.84377085536985,36629000,-0.0060171381631174,0.09996751609040769,5.9418037143271285e-06,0.14977885699406043,0.7985645632169844,True,0.9483434202110449
2019-11-21,193.7487335205078,194.10415762967773,193.14357886690152,193.9696625319111,17883600,-0.0022284238281756,0.10415348482600673,5.950810758610601e-06,0.1499726591895098,0.798354014489038,True,0.9483266736785478
2019-11-22,193.8736114501953,194.34430031571728,192.8265841273138,194.2290208984305,17189600,0.0006443278393421,0.10154109175381025,5.914448088554786e-06,0.1501506752801677,0.798438974056196,True,0.9485896493363637
2019-11-25,196.16940307617188,196.20781977884957,194.6805030095179,194.70931920084348,17752800,0.0117721279630836,0.09855448688509474,5.928795423639321e-06,0.151386949942832,0.7973036272535498,True,0.9486905771963817
2019-11-26,196.54405212402344,196.79379736497492,196.00613027749955,196.29430688307195,14780600,0.0019080026749727,0.12086995123980437,6.027159313787028e-06,0.15039023974973806,0.7974743520541147,True,0.9478645918038527
2019-11-27,197.9176025390625,197.9272177054333,196.8129430440941,197.0530876871104,16963100,0.0069642052668384,0.1151671881266861,5.96654137303646e-06,0.14960929291794622,0.7985423358683975,True,0.9481516287863437
2019-11-29,197.0147247314453,197.71594317628364,196.91866098513,197.41816608288397,9854600,-0.0045723245135779,0.11793352707964831,5.9481608973557555e-06,0.14960082943846026,0.7986789892255556,True,0.9482798186640158
2019-12-02,194.9975128173828,197.09156774219787,193.82560541013515,197.02433484231736,28007000,-0.0102916670746529,0.11559124562611775,5.911675274194309e-06,0.14956270526171617,0.7988937712314739,True,0.94845647649319
2019-12-03,193.4701690673828,193.5470171260613,191.3760997758837,192.3174775017432,31104100,-0.0078634681410097,0.1272622588853744,5.956366452038198e-06,0.1504346368571532,0.7978145593005516,True,0.9482491961577048
2019-12-04,194.44993591308597,194.9110242345116,194.1713745440004,194.4595510805745,15300100,0.0050513954625328,0.129238118183154,5.877418033417383e-06,0.148268986194027,0.8003915287140118,True,0.9486605149080387
2019-12-05,194.8341217041016,195.14149917517315,193.8831437964865,195.14149917517315,14962300,0.0019738076000175,0.12563121664554924,5.796431340538884e-06,0.14691501169697796,0.8026699700868407,True,0.9495849817838187
2019-12-06,196.91864013671875,197.0627210836676,196.10214235129337,196.25583846621765,16555300,0.010642110581237,0.11935612459675089,5.767387377837869e-06,0.14677326085380668,0.8028910357714031,True,0.9496642966252098
2019-12-09,196.02528381347656,197.48535274621796,195.9388205991268,196.56320548946195,13984100,-0.0045469992433242,0.1307960326087178,5.78962841034022e-06,0.1465086884732809,0.8031182589234112,True,0.9496269473966921
2019-12-10,195.8620147705078,196.80339256366707,195.42015672310367,196.12137515493083,21799800,-0.0008332449303926,0.12624406266928956,5.766635893508913e-06,0.14663873946623507,0.8030870943812762,True,0.9497258338475113
2019-12-11,196.8994140625,197.1011420348461,195.9964677565774,196.3038599701968,18780800,0.0052826047992442,0.11943966311393335,5.692899828079625e-06,0.14544767096834801,0.8049002633016179,True,0.9503479342699659
2019-12-12,198.36911010742188,199.1471911980904,196.4287516079421,196.69771248227136,32612000,0.0074364778779119,0.11801433500523319,5.69298636233463e-06,0.1457626468038981,0.8045451669748805,True,0.9503078137787786
2019-12-13,199.0222930908203,199.71391089227797,197.84078545385813,198.26342774828933,32519400,0.0032873563261381,0.12114169158983507,5.675098370787464e-06,0.14509826165949347,0.8053531104762988,True,0.9504513721357922
2019-12-16,201.0203399658203,201.27008519010656,200.26147446654247,200.3287220215061,21296600,0.009989252767018,0.11670712682872057,5.639377362595549e-06,0.14470767751644079,0.8058807513896475,True,0.9505884289060883
2019-12-17,201.13558959960935,201.44298184384525,200.799381164635,201.27967055330183,15996100,0.0005731589588579,0.12654578932975147,5.509378345844941e-06,0.14421702171721942,0.8082461670267965,True,0.9524631887440159
2019-12-18,201.28929138183597,201.84642884722803,201.07796287229863,201.30850706195827,15443300,0.0007638781644195,0.11979500466941209,5.541684571238671e-06,0.14402168449951563,0.807915276356034,True,0.9519369608555497
2019-12-19,202.5476226806641,202.6148555670259,201.35649983126476,201.3757155090542,17865900,0.0062318987068583,0.1140802003753988,5.575209512521299e-06,0.14415331470042816,0.8073010471363765,True,0.9514543618368047
2019-12-20,203.36419677734372,204.14226346135104,202.941539650902,203.5082777716884,27672600,0.0040234117809992,0.11549070927659631,5.612535336718692e-06,0.14443228778146197,0.8067028630234189,True,0.9511351508048809
2019-12-23,203.9012908935547,204.22859221546608,203.72801890750017,204.084198893754,23774700,0.0026375641631279,0.11299022948895386,5.6374986851332036e-06,0.1446980339007864,0.8061680318392285,True,0.9508660657400149
2019-12-24,204.00718688964844,204.170837552741,203.54511356509025,204.0842015585825,7089000,0.0005192145014892,0.10937916384190391,5.662303150295438e-06,0.14506709896065278,0.8055156986615694,True,0.9505827976222221
2019-12-26,205.8073272705078,205.82658460704587,204.30557817950617,204.3344568397913,17067500,0.0087852035324157,0.10516232251867925,5.679882639721082e-06,0.14552374600515694,0.8048072951585231,True,0.9503310411636801
2019-12-27,205.63409423828125,206.5486195948785,205.0853702108949,206.52936225469475,18134100,-0.0008420787670229,0.11489831598435425,5.726385767114972e-06,0.1454978854197569,0.8045160188015997,True,0.9500139042213567
2019-12-30,204.286376953125,205.6533543436165,203.27557957106487,205.52820366430956,21815500,-0.0065755298204058,0.10984753425237648,5.710289041962384e-06,0.14560944198712222,0.8044211260716193,True,0.9500305680587415
2019-12-31,204.67140197753903,204.81579528450203,203.3140461359092,203.6317261002722,18170900,0.0018829578895926,0.11284228289913079,5.709609059794455e-06,0.1455822143926823,0.8044696615183028,True,0.950051875910985
2020-01-02,208.0888671875,208.0888671875,205.9902579449058,206.3945739224965,30969400,0.0165594586419865,0.1086127010180062,5.666356345132159e-06,0.14492420656440372,0.8053852784744475,True,0.9503094850388513
2020-01-03,206.18280029296875,207.42464165672527,205.3164109561056,205.33566829598263,27518900,-0.0092020791878299,0.1452875966227476,5.826807214633787e-06,0.14522174778937832,0.8043091827481554,True,0.9495309305375338
2020-01-06,207.51126098632807,207.5401396493011,204.3152332086109,204.5655198507249,21655300,0.0064224526482156,0.146471974270143,5.730150024894713e-06,0.14370806112392065,0.8067582337852962,True,0.9504662949092169
2020-01-07,207.4823455810547,208.06956943925744,206.82774308419528,207.5882388895517,22139300,-0.0001393534978016,0.1420371908519479,5.635635007935634e-06,0.142129259902574,0.8091257199363053,True,0.9512549798388793
2020-01-08,209.0419158935547,209.99495596195464,207.126229119916,207.45353046860188,26397300,0.0074885318570306,0.13309361185073737,5.593631734982926e-06,0.14095123606808319,0.8104010698596795,True,0.9513523059277627
2020-01-09,210.81320190429688,211.21751788479065,209.58099662401716,210.76506590182356,23547000,0.0084376559646124,0.13321138008418126,5.560444157621788e-06,0.14013034120969736,0.8114539307346392,True,0.9515842719443366
2020-01-10,210.27410888671875,211.66034356288264,209.8986715526782,211.64110091224717,21898500,-0.0025604823431654,0.13519635987285203,5.4132918771064504e-06,0.13896938148337054,0.8142578052033975,True,0.9532271866867681
2020-01-13,212.6999969482422,212.72887561017035,210.80355314005448,211.14049044794265,22756900,0.0114707478659764,0.12838312631275123,5.447639899647609e-06,0.13873805128797514,0.8139753199083575,True,0.9527133711963326
2020-01-14,211.8625030517578,212.95031503349864,211.53520173144412,212.59412035993765,24418100,-0.0039452141098827,0.13948592380494373,5.5399504940199126e-06,0.13929919822014758,0.8128125431677931,True,0.9521117413879406
2020-01-15,211.9491271972656,212.9406671168813,211.25600991708157,211.97800585985289,25742100,0.0004087860763196,0.1332860433434499,5.588640125775217e-06,0.13914235090713778,0.8123253008056336,True,0.9514676517127714
2020-01-16,213.98033142089844,214.018846094954,212.55559695077287,213.00804889213785,18805000,0.0095378217248806,0.12589575347925916,5.646271711377951e-06,0.13919565152112384,0.8115120509116219,True,0.9507077024327457
2020-01-17,215.0392608642578,215.21253282734727,213.82629836645552,214.94298886984544,24325200,0.0049365185778959,0.13234165678074278,5.708342539006064e-06,0.13949233492271135,0.8107933213805093,True,0.9502856563032207
2020-01-21,214.9430084228516,215.4820963868952,214.34616313252403,214.4424204466488,21146300,-0.0004477042421938,0.1284796043341321,5.7597547429779765e-06,0.13963151895833795,0.8100740188036665,True,0.9497055377620044
2020-01-22,215.510986328125,216.7431916501498,215.24144233199743,216.03083166997536,20736400,0.0026389729997832,0.12177975190291809,5.8110840425365146e-06,0.13986158815633076,0.8091899358353536,True,0.9490515239916844
2020-01-23,216.20407104492188,216.30034303860805,214.3846420009869,215.38581785476504,26496100,0.0032108461375539,0.11705878265762676,5.8589694230308395e-06,0.14036257968281293,0.808136323290201,True,0.948498902973014
2020-01-24,214.3846893310547,217.44596019978124,213.39314927116757,217.2149161773528,37436500,-0.0084507200782994,0.1135787057152054,5.89127370760913e-06,0.14093884486647204,0.8072035953301958,True,0.9481424401966678
2020-01-27,209.95640563964844,211.09233876186283,209.0707444428503,209.54245370103152,42264400,-0.0208720979694628,0.12021143693197538,5.91975308177462e-06,0.14123673786047292,0.8067732117068763,True,0.9480099495673493
2020-01-28,213.18133544921875,213.67230209824288,210.88057559991,211.43892089957652,26731900,0.0152432266870579,0.16955701557522293,6.020587311633996e-06,0.1404528145419803,0.8077537561064378,True,0.9482065706484182
2020-01-29,213.5278778076172,214.60605364802203,212.5844739472629,214.36538834871425,28924500,0.0016242556936655,0.1816150450600549,5.9408149807676495e-06,0.14045083199442443,0.8090854872351703,True,0.9495363192295947
2020-01-30,214.2883758544922,214.38463315516276,211.4870284089128,212.15126694642572,39568100,0.0035552592563492,0.16793628043223477,5.958013029678706e-06,0.1394068211357688,0.809583406038875,True,0.9489902271746438
2020-01-31,210.8902587890625,215.21259946021755,210.1393693160568,215.18372079076136,52015800,-0.0159847609610462,0.1573022352630996,5.967215515391219e-06,0.1387865749142585,0.8098331355713068,True,0.9486197104855653
2020-02-03,214.07659912109372,214.56755103761796,211.77583947542757,211.9202327776276,25408600,0.0149959931437691,0.17475195665815813,5.904519259046866e-06,0.13872478579879857,0.8111108294253254,True,0.949835615224124
2020-02-04,218.9765472412109,219.3519845266248,216.26183557049177,217.00308881724797,30691200,0.0226307430642801,0.18505858364272265,5.98154359820992e-06,0.13983540417654,0.8096673558306082,True,0.9495027600071482
2020-02-05,219.6985626220703,221.6527638820413,218.37972134420056,221.6142638932984,38534800,0.0032918030524329,0.21870717384824712,5.984260027479907e-06,0.1423573448566026,0.8084862353065796,True,0.9508435801631822
2020-02-06,221.594970703125,221.65272802141783,219.46748311539727,220.2472362904374,22467100,0.0085948223209892,0.2010303780114554,6.044061584576611e-06,0.14128098620377016,0.8085665944767222,True,0.9498475806804924
2020-02-07,220.64195251464844,221.83565773621697,220.00659257305333,220.60345252836,25884900,-0.0043099959036396,0.19176115734064586,6.103168467005183e-06,0.14093555978822184,0.8081831587277171,True,0.9491187185159389
2020-02-10,223.3085174560547,223.3181387799004,219.85256730875835,219.9103246299208,21478900,0.0120130383457297,0.17844580159000947,6.18050666802092e-06,0.14062209905628106,0.807476858110503,True,0.948098957166784
2020-02-11,223.34701538085935,225.28197375622156,222.75979147271644,224.5407205337032,30198000,0.0001723830651128,0.1799748168896682,6.23295837440323e-06,0.1408396537885024,0.8068973215909725,True,0.9477369753794749
2020-02-12,225.5226593017578,225.62855262876883,224.1075460630854,224.66589136104855,24471300,0.0096939538631657,0.16625200098440387,6.309545093006015e-06,0.14072405421673517,0.8060022834485029,True,0.9467263376652381
2020-02-13,225.23388671875,226.15803342779785,223.6840012924257,223.95354530665196,22773200,-0.0012812797731422,0.16489236226715287,6.357843512815389e-06,0.14085106727312707,0.8054500638198329,True,0.9463011310929599
2020-02-14,225.8788299560547,226.0906166013436,224.8295327428789,225.59002864983847,23438500,0.0028593460254117,0.1533285549176761,6.416167911185386e-06,0.14091079286954122,0.8046147588376854,True,0.9455255517072266
2020-02-18,225.9654541015625,226.3890273699469,224.5407196716692,224.7813849660654,24394500,0.0003834247754166,0.1442060893413685,6.444645568684208e-06,0.14096402313434564,0.8041534547163397,True,0.9451174778506853
2020-02-19,228.13145446777344,228.6031637591401,227.0436572650157,227.31320123464104,22230500,0.0095398878632343,0.13521091791798737,6.523965383628963e-06,0.14164838436651533,0.8025915596951761,True,0.9442399440616915
2020-02-20,226.01361083984372,228.1025840242257,223.2218990442658,227.63088940490908,42604000,-0.0093267950799669,0.14001348898367721,6.516635222698473e-06,0.14129700217400437,0.8031670706658748,True,0.9444640728398792
2020-02-21,221.6720428466797,225.27238705173556,220.75751746209772,224.887328370558,66017200,-0.0193962172765946,0.14315123671794472,6.592452695395236e-06,0.14161153584256964,0.8022359023829049,True,0.9438474382254745
2020-02-24,213.12356567382807,215.8767773346433,212.03575380103447,213.4027309628316,84522600,-0.0393268870983403,0.17783977150604655,6.6003495995708555e-06,0.14125953455841023,0.8034573997990326,True,0.9447169343574429
2020-02-25,207.32835388183597,215.6265040523048,206.721887267764,214.9141294214852,97743000,-0.0275683309033899,0.29593943383592614,6.977677805155779e-06,0.15346880501227428,0.7928438789650285,True,0.9463126839773028
2020-02-26,208.39691162109372,212.0550274551949,206.8759050225816,208.61833429356105,79537700,0.0051407031573129,0.3193868880506901,7.142214173431404e-06,0.15669379404834824,0.7890351036629492,True,0.9457288977112974
2020-02-27,197.961669921875,208.33915760150592,197.82689792690755,203.02526309170432,121822600,-0.0513710645917434,0.2877012163007934,7.151363118965763e-06,0.15489427776176842,0.7902048518971575,True,0.945099129658926
2020-02-28,198.1157073974609,199.43454873734376,190.77059664727156,191.2230486537657,148173700,0.0007778151046871,0.4236199889467475,7.372094880514491e-06,0.1659027956683082,0.7815212504891186,True,0.9474240461574268
2020-03-02,208.33917236328125,208.48358038250777,198.25048529776444,201.08071208166103,112933900,0.0503161472134546,0.3757228546733541,7.366672906387266e-06,0.16412138980104116,0.7827246989483986,True,0.9468460887494398
2020-03-03,201.6583404541016,211.41010680470285,199.8677893562537,209.00345289302828,131953500,-0.0325925065133382,0.47182578831813266,7.441920101720209e-06,0.16993262282919294,0.7786050303761061,True,0.948537653205299
2020-03-04,210.0719146728516,210.1778079855748,203.47768000308412,205.35488097309135,73086200,0.0408750414117266,0.47028904121186793,7.233155219943779e-06,0.1690799903437632,0.7816655943494764,True,0.9507455846932396
2020-03-05,203.6895294189453,208.2814285748599,202.25517328240088,204.7484628726104,78705500,-0.0308530029748875,0.49734262798992035,7.272136598559907e-06,0.17063463511826552,0.7805326258211863,True,0.9511672609394518
2020-03-06,200.2528381347656,201.34063558032835,195.33363755753172,197.0279164146453,89828400,-0.0170161611371197,0.48519214492512575,7.369376578804641e-06,0.17081685134049124,0.7795398447931957,True,0.9503566961336869
2020-03-09,186.34239196777344,193.648989163176,184.9368997269464,186.25574126985805,116424000,-0.0719949602886916,0.4435894022168741,7.461473756382263e-06,0.1701222980985086,0.7790650219045486,True,0.9491873200030572
2020-03-10,196.4888153076172,196.671723320482,186.44824945300692,193.60083116102876,100599200,0.0530197116182529,0.6222075811646656,7.425186496265991e-06,0.17528236579666978,0.7774579186357756,True,0.9527402844324454
2020-03-11,187.9307403564453,193.2542561758545,185.53370842889757,191.9065362300721,89168800,-0.0445320175414302,0.6551799195102053,7.521718642510887e-06,0.1770150428902313,0.7755642299411044,True,0.9525792728313357
2020-03-12,170.6990966796875,183.65650863431884,170.33328071109597,175.2909801794273,137820700,-0.0961711546662923,0.6507241433682192,7.593063591822708e-06,0.177563661772763,0.7746044401689727,True,0.9521681019417356
2020-03-13,185.1582794189453,187.21837410798133,171.47886994366365,180.08506471110036,134882000,0.08130868579093,0.8749942812523895,7.664969164351579e-06,0.18426180077537582,0.7704167934033983,True,0.9546785941787741
2020-03-16,162.9785614013672,177.78428224075182,162.8437894066201,167.6474599036412,92054400,-0.1275923567068478,0.9523996516877481,7.743959346496129e-06,0.1868268294048598,0.7681831400353379,True,0.9550099694401978
2020-03-17,175.33912658691406,177.50511448711484,163.4406324675826,168.91817755211542,121257100,0.0731032978823931,1.2271410095579407,7.8487927894947e-06,0.19349408879841148,0.7634022623687029,True,0.9568963511671144
2020-03-18,170.00599670410156,172.52816468747216,160.57191273504014,165.20231138074408,114156300,-0.0308882537358461,1.1873317099238407,7.895506311600327e-06,0.19325010753611166,0.763199617936161,True,0.9564497254722726
2020-03-19,171.0264129638672,176.6387302000776,165.22156640222326,169.12996899580284,120896500,0.0059842951935367,1.059020127997587,7.88696019613387e-06,0.19248013311182308,0.7636079735660235,True,0.9560881066778466
2020-03-20,164.3262939453125,176.04188112854132,163.7487059331409,174.9540837622137,118983900,-0.0399639579271586,0.9263728171664389,7.894144411939447e-06,0.19230470842144837,0.7633175840920357,True,0.9556222925134841
2020-03-23,164.44496154785156,168.06263479386743,159.11008585833804,164.88872122263345,124639800,0.0007218855402331,0.8564410441981437,7.91667194848199e-06,0.19334179403590787,0.7620956541502751,True,0.955437448186183
2020-03-24,177.1791229248047,177.3431223033954,171.67060740000372,173.56145060791638,94881800,0.0745852808138932,0.7570748942406234,7.56504448736966e-06,0.18984455333644518,0.7680544674172781,True,0.9578990207537232
2020-03-25,175.86717224121094,182.82274430846908,173.62903115037722,177.91235896739593,88754900,-0.007432207847232,0.8460472771886957,7.390872245992104e-06,0.18893104816015652,0.7711679687027225,True,0.960099016862879
2020-03-26,185.12835693359372,185.91942839495096,177.1308953136619,177.38171531049974,79887600,0.0513203988268915,0.7426512992740372,7.51977448489617e-06,0.18866965405184752,0.7699178204758256,True,0.9585874745276731
2020-03-27,178.76126098632812,183.7874057618229,178.14384546533603,180.3337326311541,58845000,-0.03499822764359,0.74197043508745,7.5863279974607e-06,0.18886184752191087,0.7693387483064955,True,0.9582005958284063
2020-03-30,185.2634735107422,185.6976061264033,179.76461248933728,180.45920700997283,49356900,0.0357278149186649,0.6933443350592036,7.694414917203635e-06,0.18912539588358857,0.7680716565106757,True,0.9571970523942642
2020-03-31,183.6812744140625,188.36013644435263,182.5236222301767,184.9547021205792,62659300,-0.0085769416963688,0.6571878948912209,7.705501402995492e-06,0.18896768336638683,0.7681545492019564,True,0.9571222325683432
2020-04-01,175.87681579589844,181.03803597348377,174.4779849605865,178.25001613304636,53715400,-0.0434182116009561,0.5778737514913119,7.827876243077667e-06,0.18921228896497416,0.7666492672884431,True,0.9558615562534172
2020-04-02,179.44619750976562,183.39188349691315,174.58405215532315,174.84452869655937,56465300,0.020091587941038,0.5894089794700453,7.885966902151508e-06,0.18900441298664283,0.7665789706758982,True,0.955583383662541
2020-04-03,176.89939880371094,180.4688482906454,174.89279421614447,179.00248056889478,47487600,-0.0142942250263847,0.5331642923135163,8.0504750943506e-06,0.1892657856279486,0.7647265953106068,True,0.9539923809385554
2020-04-06,189.5467987060547,190.675511105474,182.51404768802607,183.75852093240587,64763500,0.0690547502534604,0.47523676337382603,8.231029089649995e-06,0.18981159135172673,0.7624631009215009,True,0.9522746922732277
2020-04-07,189.4696044921875,195.50871656586372,189.0837252268036,195.22894158616256,69904500,-0.0004073397050005,0.6387464596425412,7.8137272155759e-06,0.18594896275201347,0.7709779334865107,True,0.9569268962385241
2020-04-08,193.492431640625,194.07125042343827,189.2476869649236,191.15781397279807,45940400,0.0210097855373988,0.5610085220279805,7.89898811495839e-06,0.18527506293542445,0.770529740671917,True,0.9558048036073414
2020-04-09,193.77220153808597,196.04892419321607,192.0067754575091,195.20962881995845,68252600,0.0014448515157972,0.513271719864098,8.004210796541023e-06,0.1851189780182967,0.7695802660393272,True,0.9546992440576239
2020-04-13,195.86566162109372,196.24189906848864,191.73669152955705,192.94258267125235,42853900,0.0107457740918939,0.45038332132571,8.13281261393931e-06,0.1852102690932791,0.7680892802095513,True,0.9532995493028303
2020-04-14,204.38406372070312,205.00147935205533,199.13602349403456,199.9174385424264,63959600,0.0425718648044081,0.40170324160096527,8.264320014675538e-06,0.18581597934145777,0.7662083257426404,True,0.9520243050840982
2020-04-15,202.039794921875,204.35511447733492,199.8113107060023,201.1233207046582,47036000,-0.011536206586566,0.46145208156018014,8.08802743759789e-06,0.18428167856305164,0.7697301504613993,True,0.9540118290244509
2020-04-16,205.72496032714844,206.8054337201144,202.2905858534957,204.22001103827552,64657400,0.0180754500855708,0.41373043564700657,8.16544797746466e-06,0.18428980341012646,0.7688212506972749,True,0.9531110541074014
2020-04-17,207.6929931640625,208.86994384961932,204.596273603808,208.54194506062092,62863200,0.0095208622973351,0.3849212979250385,8.230459136704323e-06,0.18460343250983027,0.7678852550080965,True,0.9524886875179267
2020-04-20,205.2330322265625,208.26223021136656,205.06903279634375,205.83114952740155,38249100,-0.0119149188406157,0.3453043345263189,8.319700397208046e-06,0.18503443746255788,0.7666239400679327,True,0.9516583775304905
2020-04-21,197.6600341796875,203.70878845023893,196.4445011715889,203.16855155775067,72932800,-0.0375975202347384,0.3150232173822939,8.417243896300604e-06,0.18578230548657557,0.7649844228927776,True,0.9507667283793532
2020-04-22,203.5254364013672,204.8567446176316,200.97859550091405,201.72142839031417,40089100,0.0292424358031449,0.382090223100403,8.161625002501522e-06,0.18377695854296294,0.7697167667239061,True,0.953493725266869
2020-04-23,203.0913543701172,206.8730269955325,202.6861767374316,204.3165290973986,43278500,-0.0021350923326487,0.39283963110368886,8.142188134852475e-06,0.18376143724941932,0.7701567157194362,True,0.9539181529688555
2020-04-24,206.29421997070312,206.7379944181576,202.1073691732211,203.52549843048948,34231900,0.0156475027522404,0.34725535884114006,8.202744727210019e-06,0.18386058071449335,0.7692455720327325,True,0.9531061527472258
2020-04-27,207.95346069335935,208.98571031554656,206.93086761888983,208.56123438568815,36451700,0.0080109059073767,0.32595799021591904,8.193860740080632e-06,0.1838354404743195,0.7693939111182551,True,0.9532293515925745
2020-04-28,204.0367584228516,209.6513940182693,203.7569981861285,209.6513940182693,46862800,-0.0190141420401991,0.2938899261053097,8.267586325989968e-06,0.184084463284148,0.7684289110978917,True,0.9525133743820396
2020-04-29,211.2721099853516,212.20788260903336,207.5483178689419,208.5612692855443,48716400,0.034846757453524,0.29180709209292766,8.302436883572111e-06,0.18415210447030017,0.768179740098452,True,0.9523318445687522
2020-04-30,211.18527221679688,212.2753876174612,209.68032267790932,212.18856700260577,43359500,-0.0004111078344757,0.35321001772398003,8.164978956934263e-06,0.18374091686891397,0.77068807612666,True,0.954428992995574
2020-05-01,205.2330322265625,209.0243469424244,204.2104241646412,206.93092166913675,48795000,-0.028589739474224,0.3128426789748243,8.208119450562597e-06,0.18296506320659875,0.7706609374033047,True,0.9536260006099034
2020-05-04,207.62551879882807,207.8473986519132,203.6701898819407,203.99820346691345,32841000,0.0115899905560124,0.34014363090196376,8.209821573278375e-06,0.18413568095398086,0.7703396150843574,True,0.9544752960383383
2020-05-05,209.97938537597656,212.37186892758075,209.1979703863233,209.7671473886203,37783100,0.0112732943622855,0.3117433470856658,8.231121459598072e-06,0.1830652720297931,0.770825864944562,True,0.953891136974355
2020-05-06,211.2721099853516,213.24011768360376,210.4135161545904,211.65798922960508,36455200,0.0061375623904019,0.28759478115459114,8.245427993167458e-06,0.1823338155848059,0.7711150728231919,True,0.9534488884079978
2020-05-07,213.99261474609372,214.8704922656383,212.6420079030981,213.99261474609372,38624800,0.0127945804809953,0.2598231559102314,8.237557363584574e-06,0.1815330486028384,0.7715198724600137,True,0.9530529210628521
2020-05-08,216.9253387451172,217.060397959478,214.6293173806337,215.6615672278092,31852300,0.013611729361379,0.2483627233775035,8.206764154834235e-06,0.18113895431511426,0.7719552691258649,True,0.9530942234409792
2020-05-11,218.8643493652344,219.88694239641296,215.37209435981012,215.6036306900256,35714100,0.0088988953566898,0.2414039868953322,8.125727840825683e-06,0.18069212111592228,0.7728386432137171,True,0.9535307643296393
2020-05-12,214.28201293945312,220.051006365166,214.25307273166104,219.4625309394779,41054100,-0.0211591636755556,0.2251421570676052,8.068533891391556e-06,0.18065551084978856,0.773031279350989,True,0.9536867902007776
2020-05-13,211.60011291503903,216.6841537545293,209.06292813022924,214.8029666417312,65521200,-0.0125947313276399,0.2489863576211792,7.875773684682392e-06,0.18045410530543493,0.7750374882710982,True,0.9554915935765331
2020-05-14,214.0022430419922,214.0408250771921,208.3683238004577,210.27845103036063,51549300,0.0112882628626069,0.23932561157934537,7.804893381472233e-06,0.18131738679088508,0.7746616618777749,True,0.9559790486686599
2020-05-15,215.3914031982422,215.44928360352137,210.62572022562588,211.05983798556704,55747200,0.0064703565826003,0.22825016468027978,7.779569080172149e-06,0.182705468351102,0.773471512615003,True,0.956176980966105
2020-05-18,219.40463256835935,220.61052360974645,217.51380365886027,218.2952186984232,42398100,0.0184608092785509,0.20971590768947065,7.806553915022505e-06,0.18435772370063963,0.7715366824219158,True,0.9558944061225554
2020-05-19,218.85472106933597,221.7392173068465,218.71002005422147,219.6650761946719,36237300,-0.0025095267587935,0.22768104771962663,7.789130420415786e-06,0.18586494606803067,0.770671419233559,True,0.9565363653015897
2020-05-20,223.2248687744141,223.58180775924143,221.38226400343152,221.4015623789309,37417000,0.0197715079667844,0.20553913361352427,7.8027957816688e-06,0.1865478159043525,0.7702747036745186,True,0.9568225195788711
2020-05-21,220.7938232421875,223.9484383544273,220.282526614009,223.27314230969628,43642900,-0.0109503039756662,0.23032982744999891,7.776386730102176e-06,0.1867391576654174,0.7709080456232367,True,0.957647203288654
2020-05-22,221.5559234619141,221.75850488665964,219.47214048530205,220.3886146113909,28762400,0.0034456941794461,0.2201384264888389,7.791573873020714e-06,0.1865122305880664,0.7708756531646808,True,0.9573878837527472
2020-05-26,220.9577789306641,225.32794077890404,220.71660076810767,225.12534464540408,33055300,-0.002703396040861,0.19952820759219245,7.832240068316376e-06,0.1864463622836693,0.770438102941443,True,0.9568844652251123
2020-05-27,222.16368103027344,222.2794565640182,216.03776422232875,220.6201495437032,55665600,0.0054427744332842,0.181465347727886,7.845697986001743e-06,0.18616608302125753,0.7702636227230336,True,0.9564297057442912
2020-05-28,221.87432861328125,225.2315254356787,220.9674961179533,221.02537653759535,42784300,-0.0013032778801106,0.16933799115593756,7.860874479905553e-06,0.1862865893275886,0.7698339102358618,True,0.9561204995634504
2020-05-29,225.12538146972656,225.3569178429785,220.68769666466795,222.2505414235073,50691800,0.0145463637175217,0.15501297579166176,7.926316780398596e-06,0.1871092397192785,0.7684714792091959,True,0.9555807189284744
2020-06-01,225.80067443847656,226.176911839706,223.8133684360673,224.25714279871312,25776000,0.0029951406210941,0.17474000692204375,7.81604607279477e-06,0.18567266707099062,0.7708091927051557,True,0.9564818597761463
2020-06-02,227.3153076171875,227.37318803651183,223.82303687432616,226.2251773187427,33383400,0.0066854354296603,0.16090729961822345,7.751243771479162e-06,0.18534261331856478,0.7712389544887984,True,0.9565815678073633
2020-06-03,228.33786010742188,229.0903348647583,227.04514857254637,227.92302597587337,37228700,0.0044883006605076,0.1548148030823775,7.684131698688533e-06,0.18555072945700318,0.7713407290491945,True,0.9568914585061976
2020-06-04,226.7364044189453,229.39900593341693,225.4340365023195,227.9905337608172,38716100,-0.0070382459490117,0.1459314039875408,7.638244178216084e-06,0.18610787619932528,0.7709220010727409,True,0.9570298772720662
2020-06-05,231.23199462890625,231.82046997798105,227.31526333390107,227.8844403068437,47365600,0.0196333835604509,0.14375011732615933,7.690285448105507e-06,0.185674114620703,0.7706846540523983,True,0.9563587686731012
2020-06-08,233.02633666992188,233.1517393008827,229.51478331643764,231.08725487966416,32937300,0.0077299677990659,0.18971303063041017,7.595123771189362e-06,0.1857876862950572,0.7721884283727952,True,0.9579761146678525
2020-06-09,234.7146453857422,235.56358270573824,231.9845061835832,232.16780398505347,35046300,0.0072190212646113,0.1802315399678706,7.553042670783033e-06,0.18671272663233277,0.771462515946982,True,0.9581752425793147
2020-06-10,237.53155517578125,239.0751013384593,235.8818900304147,236.4028431164661,58084400,0.0119299771864036,0.1714206427799894,7.547030230864517e-06,0.18810765399111187,0.7700819552932308,True,0.9581896092843426
2020-06-11,225.76205444335935,234.99434668442183,225.7041740406484,233.61481468532207,72919400,-0.0508188903628103,0.17696983854612783,7.582813033867501e-06,0.19040040402275213,0.7679325021917269,True,0.9583329062144791
2020-06-12,227.5564422607422,231.9169331786553,223.56253216845573,230.65316186428743,72034800,0.0079167172849533,0.39925328860965537,7.853766523846355e-06,0.20391106455773925,0.7618425729916454,True,0.9657536375493846
2020-06-15,230.3251800537109,231.00047606686667,223.30207207619324,224.23784466597655,45307400,0.0120938312630431,0.3546942473222534,7.810004749534579e-06,0.2018496169342383,0.7634392504856823,True,0.9652888674199206
2020-06-16,234.28050231933597,235.76615350968348,230.6628294281809,235.177678130575,48890100,0.0170269885852417,0.32422307864746486,7.801276889116446e-06,0.2006731341988321,0.7641897809207212,True,0.9648629151195534
2020-06-17,235.0233154296875,236.8369801100848,234.16472167105556,235.77579019701227,34749300,0.0031655984996073,0.31128290516230944,7.784755074330308e-06,0.2004749557140257,0.7643126781282379,True,0.9647876338422636
2020-06-18,235.66001892089844,235.90119709768177,233.9331896520828,234.70494804151127,30578600,0.0027054447570288,0.2763047426317794,7.7809212701856e-06,0.19981153168754895,0.7644401904493897,True,0.9642517221369387
2020-06-19,235.6214599609375,238.28406199401456,233.8946158026866,238.0235854158861,49422100,-0.0001636345232087,0.24596194676092653,7.805515081993927e-06,0.19985002449457642,0.7637936710507295,True,0.9636436955453059
2020-06-22,238.44715881347656,238.5727795309669,235.20008666743956,235.48999197391447,24068700,0.0119211953925886,0.2190613361447736,7.894411744618878e-06,0.2003800574721801,0.7626179525831589,True,0.962998010055339
2020-06-23,240.47659301757807,242.70895256967864,239.4908853880453,240.0417202697316,32767400,0.0084750290355246,0.2137984184258346,7.90916517878558e-06,0.20053172279016268,0.7622959239593698,True,0.9628276467495325
2020-06-24,235.51901245117188,240.95012181687972,234.02110437194025,239.7228018717864,46032400,-0.0208311160045288,0.20088545644301548,7.960652784761425e-06,0.20078874685158235,0.7615336372744373,True,0.9623223841260197
2020-06-25,237.7610321044922,238.06061077313757,233.0353835752813,235.60598561260517,36940800,0.0094744599963626,0.23430910992790085,7.841528481848598e-06,0.20044615690654263,0.7631890875796544,True,0.9636352444861971
2020-06-26,232.14630126953125,237.693387431106,231.62444219984295,237.51942949256085,52824600,-0.023898320634449,0.21985245586359184,7.845072540920169e-06,0.2007529970621521,0.7626193383680693,True,0.9633723354302214
2020-06-29,234.67828369140625,234.6879570345641,229.37280887212225,231.90474745989056,34377800,0.0108477887949705,0.2608605402413957,7.811125256389532e-06,0.20216549637092476,0.7623429851138249,True,0.9645084814847497
2020-06-30,239.27828979492188,239.8194661067416,234.42700543519743,234.61062198655384,38909200,0.0194116963683492,0.24454576178486795,7.743965714878196e-06,0.20057303619954955,0.764120259898403,True,0.9646932960979526
2020-07-01,242.07113647460935,243.06651740639933,238.77574167335084,239.3169179377088,34689200,0.0116043683358017,0.258264909113288,7.68048028546096e-06,0.19945862293318448,0.7657118286130343,True,0.9651704515462188
2020-07-02,243.71401977539065,245.72411376198428,243.25015646954552,244.51612565075845,31956500,0.006763852468899,0.24458266694808697,7.6267460604144456e-06,0.1984309801002488,0.7671183645575401,True,0.965549344657789
2020-07-06,249.7056884765625,250.2275181814121,246.84515098406868,246.86448292549116,34589000,0.0242874904655116,0.22361935108084693,7.647380129087441e-06,0.19848794926870714,0.7666272027066465,True,0.9651151519753537
2020-07-07,247.98545837402344,252.1119647890889,247.68587967073415,249.4543908463046,36578200,-0.0069128694127477,0.26464678159813326,7.576488917421759e-06,0.19863221120014876,0.7678318832579948,True,0.9664640944581435
2020-07-08,251.25181579589844,251.28080632650773,247.8791229368149,249.30939126129,30426300,0.0130855775382888,0.24080309628040336,7.558738504656992e-06,0.19734998093055295,0.7687775015323954,True,0.9661274824629484
2020-07-09,253.36822509765625,254.0350368253854,248.97116062467757,253.16529137370648,40312900,0.0083881793813926,0.23449931901924673,7.540747493555534e-06,0.19665681611262714,0.7694477423610281,True,0.9661045584736552
2020-07-10,255.09808349609372,255.349354445802,250.5463928194368,253.22328369879895,32885300,0.0068042465872151,0.21840003932801028,7.521920910001664e-06,0.19568708436466198,0.7702861023216773,True,0.9659731866863392
2020-07-13,249.85055541992188,260.72244625141667,249.02911776983063,257.9392374798514,64108100,-0.0207851515628915,0.20214498597559047,7.549000716416872e-06,0.1953728174589165,0.7701441729063934,True,0.9655169903653098
2020-07-14,251.6190490722656,252.02494599305535,244.26481796681816,247.32827358685552,72230500,0.0070532728930231,0.23413659418083596,7.517433843609235e-06,0.19581711191207193,0.7706063226214833,True,0.9664234345335553
2020-07-15,252.13131713867188,253.86116467672775,248.8359214510949,253.03005337385585,54523900,0.0020338178484666,0.21595689791651482,7.437122463599538e-06,0.1946921429367881,0.7721172111745923,True,0.9668093541113805
2020-07-16,250.41107177734372,251.0488929703051,247.0287054307238,249.34803645574152,47594100,-0.0068461969311056,0.19489673962664478,7.506346903243595e-06,0.1946640118023938,0.7713510681990988,True,0.9660150800014926
2020-07-17,250.70098876953125,251.5610608150436,248.5266105583892,250.86525860780247,35137900,0.0011570945796747,0.18295413072457126,7.5230928993445186e-06,0.19472248085547794,0.7711429871039868,True,0.9658654679594647
2020-07-20,257.8135681152344,258.441715826729,250.09212010205616,251.3387421859511,40610100,0.0279757703215446,0.1663147389193257,7.6187196739000455e-06,0.1952181119546164,0.7697819355020584,True,0.9650000474566749
2020-07-21,255.1270904541016,259.3888760723057,254.2863354428996,259.3792027299571,43243800,-0.0104749045737704,0.24818162969143004,7.413006045089526e-06,0.19124838130861982,0.7763697374906391,True,0.967618118799259
2020-07-22,256.0257873535156,256.9535433200769,253.72577361074173,255.61991992355132,29865500,0.0035163563170489,0.2343343640324257,7.446397480598252e-06,0.19071413638783977,0.776511022804043,True,0.9672251591918828
2020-07-23,249.33839416503903,256.3253778156358,247.92744296032237,255.61993170517167,51363500,-0.0264671847023784,0.21213724172729848,7.509393474211675e-06,0.18965859326195345,0.776619821097689,True,0.9662784143596425
2020-07-24,246.97073364257807,248.2946838007048,242.87324769475924,245.5018160737264,54054500,-0.0095411442229485,0.2659374692616183,7.537024974445856e-06,0.1909555953846969,0.7763683448745964,True,0.9673239402592932
2020-07-27,251.37745666503903,251.7640069121067,247.8308205460294,248.61359438120672,36445700,0.0176857786234237,0.24709559680653284,7.5700658527592074e-06,0.19008103537963011,0.7766802920869955,True,0.9667613274666256
2020-07-28,248.17872619628903,251.11656138758613,247.88882086144545,250.59470229297185,31302400,-0.012806464200942,0.25364509935186624,7.603994723221011e-06,0.1901823829434487,0.7765017706052887,True,0.9666841535487374
2020-07-29,251.03924560546875,251.8993472930036,249.2417734599512,249.71529536006983,27556900,0.011460127149927,0.24426789945068805,7.625905306739432e-06,0.18968621712605985,0.7766687061239477,True,0.9663549232500075
2020-07-30,252.3535614013672,252.91405492696524,247.92747630088292,249.0774833799237,41774500,0.0052218417272791,0.2334506419277111,7.662178520003461e-06,0.18953347050337715,0.7764905811932219,True,0.966024051696599
2020-07-31,256.8569030761719,257.0115290734216,252.0829323192016,256.9728652011358,53686300,0.0176880068265378,0.21329000496383763,7.657030127879458e-06,0.1885683791295848,0.7770240992017315,True,0.9655924783313163
2020-08-03,260.3262939453125,261.0704040599255,258.8670347613304,258.9926702529182,32081600,0.0134166884462029,0.22853445036092404,7.622822363550765e-06,0.1884642120932231,0.7776213606047264,True,0.9660855726979495
2020-08-04,261.2926025390625,261.38924746318963,259.0795605916793,259.82367047286675,24911300,0.0037050410008742,0.22603845732597733,7.56788660917335e-06,0.18809732740282697,0.7782610988325276,True,0.9663584262353546
2020-08-05,261.94012451171875,262.3943292112802,260.8867624407989,261.77585464764775,21612100,0.0024750833414722,0.20563059186259133,7.5105192433935204e-06,0.18754649263344278,0.7787877870871149,True,0.9663342797205577
2020-08-06,265.4095153808594,265.73808462954054,261.10906562731947,261.74688693072375,28048200,0.0131580289897124,0.18721727548004372,7.471310802747806e-06,0.18764081517234513,0.778653358739324,True,0.966294173911669
2020-08-07,262.3460388183594,265.6414340704601,260.2006506583251,264.8683039499667,44969400,-0.0116095830602339,0.193349861676012,7.392586283202143e-06,0.18832395866932405,0.7786871737816158,True,0.9670111324509398
2020-08-10,261.2249755859375,262.83886046192526,257.70733001490817,262.635897252369,35088400,-0.0042823797147778,0.1932644800017863,7.364755565377919e-06,0.1887007368225616,0.7784659722314087,True,0.9671667090539703
2020-08-11,256.277099609375,261.3506497453629,255.7359232875548,260.0653338621166,43104300,-0.0191227320261017,0.17802776260675085,7.350678351624918e-06,0.19026745908844095,0.7769858566539923,True,0.9672533157424332
2020-08-12,262.72283935546875,263.6699124180775,258.3837565679528,258.4320937756136,38773400,0.0248403543060131,0.21017473681579543,7.318640402227133e-06,0.1918729886493111,0.7764220305704361,True,0.9682950192197473
2020-08-13,263.322021484375,265.5930149399611,262.3846217780506,263.49596464838004,31895700,0.0022780657416749,0.25758674609104826,7.342515495408006e-06,0.192834842743598,0.7767316150593078,True,0.9695664578029057
2020-08-14,263.0128479003906,264.2111627097795,261.62124318992045,263.9405745434047,30799500,-0.0011748171649951,0.2312291431840632,7.3169000054776225e-06,0.19133357008838603,0.7777239888503527,True,0.9690575589387387
2020-08-17,266.066650390625,266.56916285403884,263.0515166263446,264.72335338472254,24803000,0.0115439604568661,0.20819843845723351,7.378058848589353e-06,0.18829013563068892,0.7793079505402867,True,0.9675980861709756
2020-08-18,268.62750244140625,269.1010242326168,265.6703505975668,267.12960933131745,23529500,0.0095788278883436,0.2048891670770247,7.327296582979899e-06,0.1900316172498488,0.7782084228185036,True,0.9682400400683524
2020-08-19,266.82037353515625,269.64221675710843,266.3081878446853,268.58885484621123,31999400,-0.0067499969605268,0.19715703923556904,7.317643156872601e-06,0.1918823736752283,0.7766443963884323,True,0.9685267700636606
2020-08-20,270.521728515625,271.00492384230256,265.6221208250583,266.0280178759044,27723400,0.0137767485886005,0.1852558870121527,7.319202886439047e-06,0.18935241091783261,0.7787764979082118,True,0.9681289088260444
2020-08-21,272.3964233398437,272.85062795084417,270.06741922742805,270.7149136910677,34748900,0.0069060217222264,0.1940812601583529,7.289072228471725e-06,0.19025060868619578,0.7784337476853758,True,0.9686843563715716
2020-08-24,274.0973205566406,276.3876611418048,271.8166238212234,275.6628683241252,36418500,0.0062247838258994,0.18275389119777946,7.281054357572038e-06,0.19118647558914678,0.7775702497018695,True,0.9687567252910163
2020-08-25,276.2523193359375,276.4456091943272,272.879626597847,273.32415788187325,34866600,0.007831420744647,0.17231541502437991,7.261353392654776e-06,0.1917617619977099,0.7774506359708466,True,0.9692123979685565
2020-08-26,282.1473693847656,282.3986403586406,276.2233907485783,277.4990333194689,42216700,0.0211148723252402,0.16690307977921867,7.312950305232337e-06,0.19190852449219128,0.7768840440054989,True,0.9687925684976902
2020-08-27,281.2679138183594,283.973824630563,279.00656382383795,283.1233963607817,49482700,-0.0031218758414884,0.21249909735293263,7.3034208189082295e-06,0.19143388987823784,0.7782229961681804,True,0.9696568860464182
2020-08-28,282.6981811523437,283.3263290108986,281.1519506215127,282.50489127652946,28021000,0.0050721857683288,0.1933694101254756,7.30408484385002e-06,0.19067829525847332,0.7785427402549872,True,0.9692210355134605
2020-08-31,284.96923828125,286.77638381607983,282.7851862914439,283.220073817663,36321000,0.0080014077528957,0.1793051540769788,7.308321563787272e-06,0.1905438020294509,0.7783916960864469,True,0.9689354981158977
2020-09-01,289.8398132324219,289.9557753583132,285.8486162789322,287.61709768256185,36216200,0.0169471636170679,0.17295862285553534,7.309659436953129e-06,0.19081630525817647,0.7780297889190464,True,0.9688460941772229
2020-09-02,292.5843200683594,293.29943941238844,286.9116140478501,293.08683237877307,50836800,0.0094244966620397,0.19743598147885125,7.256798636462791e-06,0.1899605614927644,0.7796261451181644,True,0.9695867066109288
2020-09-03,277.7503662109375,288.58359815205625,274.85119399001366,288.0810855841819,110083300,-0.0520301518569072,0.19096065575948007,7.239559197088682e-06,0.18921776243035326,0.780392473826741,True,0.9696102362570943
2020-09-04,274.04901123046875,279.21920642113605,262.66493206189256,275.9624750809595,123959000,-0.0134157835140096,0.40938838338351785,7.347674405915682e-06,0.20024758028335055,0.7762569913523684,True,0.9765045716357189
2020-09-08,260.8770446777344,268.8690809653618,260.5967832637342,263.07073980112443,99568600,-0.0492577603614066,0.37443179516754543,7.326020448596597e-06,0.19834940952946684,0.7777789922948913,True,0.9761284018243581
2020-09-09,268.54058837890625,270.6376391822243,263.82459816912103,266.3758831646691,64837900,0.0289528665364039,0.4878655710837121,7.4249209413710406e-06,0.2049479977813725,0.7732389974125434,True,0.9781869951939159
2020-09-10,263.1868591308594,272.71548747217696,261.4666847375298,271.4978256628641,69667500,-0.0201377987806937,0.47887277530994027,7.441865693972661e-06,0.20518209001709292,0.7729394836848498,True,0.9781215737019426
2020-09-11,261.3603210449219,265.9699930867914,257.9296170941688,264.935948179579,71809000,-0.0069642752354496,0.446351498510706,7.3977201676865764e-06,0.20313579809097831,0.7746754644821169,True,0.9778112625730953
2020-09-14,265.9119873046875,267.9027491790809,263.7859166175224,265.1388572857662,38525200,0.0172653835812103,0.3985652336573314,7.263035071160985e-06,0.2015356579223773,0.7768589409468732,True,0.9783945988692505
2020-09-15,269.680908203125,271.02420504282185,265.8830009311815,269.6519176702054,41849900,0.0140740593906195,0.3739748680533982,7.364200421194177e-06,0.2011182524127932,0.7763407146591764,True,0.9774589670719697
2020-09-16,265.3804626464844,270.93720763616034,265.03257624671886,270.47335910313967,42321000,-0.0160749341840853,0.346356903031432,7.469164467683549e-06,0.20087968845642012,0.7756111930083142,True,0.9764908814647343
2020-09-17,261.2346496582031,265.1775093575876,257.71697458543355,258.557729481427,81570800,-0.0157454601791139,0.32829578217750205,7.533076867425258e-06,0.20089335255096444,0.7751317350385839,True,0.9760250875895483
2020-09-18,257.90057373046875,262.94513225830894,253.80308831036103,262.65522696609054,86251100,-0.0128449067549802,0.31246835567039327,7.634418846495986e-06,0.20090801901992889,0.7743447006070081,True,0.9752527196269369
2020-09-21,258.5191955566406,258.65447492406383,251.3678805075364,253.6485779832147,57168600,0.002395811155443,0.2923884442130527,7.742926455370348e-06,0.2009884555423619,0.7733790533558805,True,0.9743675088982424
2020-09-22,263.322021484375,263.9018320310586,257.58166113709177,260.91568974808024,41128900,0.0184077508178243,0.2605152434458432,7.863746697841947e-06,0.20139618670533152,0.7719333038777032,True,0.9733294905830348
2020-09-23,255.28173828125,263.18680612063565,254.40231931742105,263.0031895517098,48837300,-0.0310099082227275,0.26756549679153735,7.883120254274289e-06,0.20145931467052072,0.7718939998170865,True,0.9733533144876072
2020-09-24,256.4704284667969,259.6691791552926,252.44056648446087,252.60486587121025,70631700,0.0046455780769786,0.32644496642351223,7.763563731669625e-06,0.20076589777367584,0.7741287596720177,True,0.9748946574456935
2020-09-25,262.4330139160156,263.2447784344016,255.41700912524527,256.9729132377426,55242400,0.0229824950484728,0.2921074212348461,7.80760646916413e-06,0.20058173278381422,0.7736873432969281,True,0.9742690760807423
2020-09-28,267.8834228515625,267.8834228515625,262.53928527534697,267.28423604787406,58438300,0.0205560321311192,0.30813420468085323,7.72404228354234e-06,0.1999876175567722,0.7751110794757956,True,0.9750986970325678
2020-09-29,266.6754455566406,268.3762726245199,266.1149226031265,267.3229106161718,27050000,-0.004519537220358,0.3111952739549597,7.768287925403252e-06,0.20041558874716395,0.7745729939015835,True,0.9749885826487474
2020-09-30,268.5018920898437,271.64266073652465,266.598101915103,266.8686900342182,49380800,0.0068256015182974,0.27920155302663857,7.756487010936812e-06,0.19930980966628636,0.7753850444827307,True,0.974694854149017
2020-10-01,272.7635498046875,273.3723801615705,270.4345466021392,272.31901870755047,50020200,0.0157473411429213,0.2538785961419976,7.868837628151129e-06,0.19935415223756445,0.7743549325198383,True,0.9737090847574028
2020-10-02,265.090576171875,272.7540457725868,264.24982115406823,266.7430956721124,75497400,-0.0285337374945828,0.253734328081873,7.890305762151545e-06,0.19932329384904404,0.7743929635554189,True,0.9737162574044629
2020-10-05,270.74383544921875,271.0627311839921,266.9459296938646,267.05221844149463,28184600,0.0211015527359802,0.3050615619526687,7.881172545594594e-06,0.19952634740635722,0.7750776246308884,True,0.9746039720372456
2020-10-06,265.9119873046875,271.73932026553695,265.0325684973553,270.0578103987121,49704200,-0.0180077379618084,0.3106748170373781,7.948036921526985e-06,0.19991072072505991,0.7744607877715409,True,0.9743715084966008
2020-10-07,270.511962890625,271.3043804558178,267.9606785581341,268.550191927096,27539700,0.0171509431764603,0.30498660683513507,8.016058942442831e-06,0.20010668951977334,0.7738600603708464,True,0.9739667498906197
2020-10-08,271.95196533203125,272.9763369448217,270.88892983991883,272.90868252898304,25443300,0.0053091302441145,0.2984661657414509,7.971230248804908e-06,0.20089186433764314,0.7738168665618707,True,0.9747087308995138
2020-10-09,276.1074523925781,276.1847801566935,273.20828056817254,273.5948309130464,30201100,0.0151646575579208,0.2684348021287978,8.101686828177048e-06,0.19977630338635527,0.7735488382826416,True,0.973325141668997
2020-10-12,284.630859375,287.4623751347749,279.74092809632856,280.78461637070285,79370700,0.0304030002551243,0.26306862691253824,8.206626602033097e-06,0.19933095465728667,0.7731836730538914,True,0.972514627711178
2020-10-13,284.6213684082031,287.066335614151,283.2587540297559,286.4285437272974,64240000,-3.334538306403077e-05,0.3199519559058553,8.199579848729003e-06,0.19961644463419007,0.7738446461554939,True,0.9734610907896839
2020-10-14,282.24395751953125,286.38978029441654,280.50446672167755,285.4233899640773,36949100,-0.0083879705428472,0.2845985511886115,8.26095640947539e-06,0.198136887399999,0.7743155551496096,True,0.9724524425496086
2020-10-15,280.3498229980469,280.9393069061614,276.90947599898783,277.5472971156975,42514200,-0.0067336033350071,0.26107196510463043,8.308109042117364e-06,0.19719902544966345,0.7745136884618244,True,0.9717127139114878
2020-10-16,278.8133239746094,283.4133225579384,278.4654080695763,281.99272738717144,40570700,-0.0054957230246329,0.23876903028011678,8.35949729688936e-06,0.1967666275510075,0.7742941274508282,True,0.9710607550018356
2020-10-19,274.2615966796875,281.6834977161468,273.28556238406674,280.7267511204607,36756800,-0.0164600848556373,0.2182924069642543,8.386928645138452e-06,0.19653044410449838,0.7740532158548192,True,0.9705836599593176
2020-10-20,274.85107421875,277.95317888560766,273.44015261046803,274.9960268682495,32195400,0.002147019352296,0.22931243763141326,8.25861539704916e-06,0.19572941231007268,0.7756434006788643,True,0.971372812988937
2020-10-21,274.63848876953125,277.6632954251915,274.15529357193424,275.1023667763063,29306100,-0.0007737561334881,0.20759300193105892,8.151042444653005e-06,0.1954244738792896,0.7762371701472321,True,0.9716616440265218
2020-10-22,274.6288452148437,276.3683658100007,271.3817872909204,275.469600231149,32196200,-3.5114247987548265e-05,0.18827560912612543,8.07109894959085e-06,0.19596703201615573,0.775975056047916,True,0.9719420880640717
2020-10-23,275.1699523925781,275.33425171273075,272.30944548904887,275.198942920618,24658500,0.0019683831787211,0.17140664749086074,7.937043730547085e-06,0.19745381652997326,0.7753018136104729,True,0.9727556301404462
2020-10-26,271.04345703125,275.71110865981484,267.4581576938372,272.88926582815265,38421100,-0.0151097494055054,0.1573520794595804,7.924175293255859e-06,0.19888432623627583,0.7738596372795999,True,0.9727439635158758
2020-10-27,273.15997314453125,273.9814110607586,270.7826605035529,272.03895649879405,30559100,0.0077784397062069,0.1807346273639545,7.669807505080571e-06,0.19956649392069056,0.7752464344480973,True,0.9748129283687879
2020-10-28,262.51031494140625,269.27504806427874,262.25904398800714,268.66621736451685,53413500,-0.0397672295042927,0.17369037346816407,7.589430226459479e-06,0.20230408499032018,0.7733959849732633,True,0.9757000699635835
2020-10-29,267.10064697265625,270.09643350878184,263.3606914892373,263.82456948123104,43246300,0.0173351660498186,0.32650300008332317,7.379970256277171e-06,0.20277733437254417,0.7776653931353404,True,0.9804427275078846
2020-10-30,260.3262939453125,265.9893284745817,258.093934109574,265.1195828683809,65838300,-0.0256897214211264,0.31560390179976716,6.828479603036688e-06,0.19909503541191148,0.7848716437340721,True,0.9839666791459836
2020-11-02,260.9060974121094,264.3270982805242,257.9972527970859,262.7132427871416,39987400,0.0022247416528757,0.3367077638266607,6.919111184791909e-06,0.20029681438338282,0.7836132592201943,True,0.9839100736035771
2020-11-03,265.4190979003906,267.5161778902707,261.73715310709935,262.81950555662746,43604100,0.017149515684478,0.3007447530497092,6.973165715562471e-06,0.19871310714358653,0.7842071992099977,True,0.9829203063535843
2020-11-04,277.2670593261719,279.06453122410136,272.39644369620936,274.0586362806946,75728200,0.0436710765791122,0.29552433508472387,7.038558632691511e-06,0.19877366410944722,0.783709832035736,True,0.9824834961451832
2020-11-05,284.4957580566406,285.4621487081591,282.1860702433984,283.6646467605456,52054200,0.0257371884655588,0.4107349565142696,7.026907191436639e-06,0.20347957299231031,0.7816777943905453,True,0.9851573673828556
2020-11-06,284.7082214355469,285.4330141333295,280.08887715468785,283.8384760965858,40959800,0.0007465281214759,0.40982817679811606,7.036103264032421e-06,0.20406912732329233,0.7814135040095714,True,0.9854826313328637
2020-11-09,278.8905944824219,289.0860306228483,278.4363898269844,287.6460889111584,86537100,-0.0206453009617914,0.3638221733315409,7.107931740185633e-06,0.20231661612861593,0.7820027550341945,True,0.9843193711628104
2020-11-10,273.8944396972656,277.0255358366532,271.1885282937829,275.58562326497946,69024900,-0.0180767948665662,0.356106007868725,7.1693609502784845e-06,0.20197447685907408,0.7818341058364904,True,0.9838085826955645
2020-11-11,280.0213317871094,280.49485371342126,273.8557554346704,276.4166844625286,36102900,0.0221230096429195,0.34259699054140835,7.225464441389901e-06,0.20164000389490358,0.7816611485871802,True,0.9833011524820837
2020-11-12,278.7069702148437,282.2536357652556,277.5956272140191,280.98766676986247,34414600,-0.0047048413050242,0.3440953756598125,7.265375043938087e-06,0.20172081446210793,0.7814336244474848,True,0.9831544389095928
2020-11-13,281.1518859863281,281.77038985322787,278.19473441594687,280.4174495092442,24806900,0.0087340989137241,0.30855098876352566,7.307901404340868e-06,0.20101969136744413,0.781393740880843,True,0.9824134322482871
2020-11-16,283.3456115722656,283.6451901676568,280.24347787126,280.85230840121227,30168400,0.0077723520082722,0.2826139751427378,7.350689798754697e-06,0.2010751837021094,0.7808237508496636,True,0.981898934551773
2020-11-17,282.4468994140625,283.8674944204936,281.8090782385329,283.53892523768616,21843500,-0.0031768285955966,0.2588601548146661,7.406666004226168e-06,0.20155404223444415,0.7798430574155236,True,0.9813970996499678
2020-11-18,280.3595275878906,283.5099699855039,280.2725559838451,281.89611440171944,28069600,-0.0074177596316077,0.2329744237467885,7.482305781614586e-06,0.20246897108580322,0.7783604571446083,True,0.9808294282304115
2020-11-19,282.5532531738281,282.8625052053879,279.14189596015774,279.8087077505035,22718400,0.0077942330202772,0.21601515288155398,7.6189734993592994e-06,0.20312685420640206,0.7769449936809049,True,0.980071847887307
2020-11-20,280.6205139160156,283.22010705207674,280.5335422989457,282.4759673973097,25907300,-0.0068637673079685,0.2025677712830508,7.680580961127983e-06,0.20423099212081877,0.7755223097066505,True,0.9797533018274692
2020-11-23,280.63006591796875,282.9107326467343,278.3880335632616,281.6157733104522,26875600,3.4038279147523505e-05,0.1895158150543471,7.727623737110507e-06,0.20584534015036915,0.7737842269634202,True,0.9796295671137893
2020-11-24,284.5730895996094,285.06595832691005,279.8957618384972,281.69323450433745,24516800,0.0139528154161043,0.17164437372010963,7.900765183420458e-06,0.20701563535476442,0.7716059211109889,True,0.9786215564657533
2020-11-25,286.3221740722656,286.9599953366419,284.6889717798242,285.63604508000066,23326800,0.0061275335657688,0.18707252379099593,7.795278731375617e-06,0.2065197933220969,0.772853685750743,True,0.9793734790728399
2020-11-27,288.96044921875,290.08146580130943,287.8877403671693,288.2839640336523,17163100,0.0091721652483382,0.17562409114144792,7.798025569957685e-06,0.20780947099583852,0.7716470540528559,True,0.9794565250486944
2020-11-30,289.5498962402344,289.88813878949003,284.87257009285486,289.27930809920895,27836200,0.0020378104906605,0.1734100206679135,7.796046592550667e-06,0.2096077767581792,0.7702070096312408,True,0.97981478638942
2020-12-01,293.2607727050781,294.8843307150965,290.71916166616165,291.8208606911067,27521300,0.0127345871026577,0.15866809466637408,7.838036471699301e-06,0.21170775523059235,0.7680747443622845,True,0.9797824995928769
2020-12-02,293.6376342773437,293.97587670668224,290.2552689677292,292.09140423742866,23620000,0.0012842482432337,0.17342119453675106,7.678029298450332e-06,0.21006130230868975,0.7708516303069658,True,0.9809129326156556
2020-12-03,294.0533447265625,295.5995756592862,293.3285517417141,293.94705591156435,22828700,0.0014147248584912,0.15868979256471707,7.692317403859962e-06,0.21006281910204874,0.7706052947139674,True,0.9806681138160162
2020-12-04,295.2515869140625,295.3965690688171,293.4251243782392,294.10157996888324,19332100,0.0040666343500389,0.14622308750302757,7.74223171811293e-06,0.21100605412088308,0.769358140645187,True,0.9803641947660702
2020-12-07,296.9234313964844,297.2906644436841,295.2515654944041,295.435182018004,20851000,0.0056464689411808,0.13868129915561414,7.724510037878227e-06,0.2121357851331465,0.76870814585467,True,0.9808439309878164
2020-12-08,297.9285583496094,298.228137068231,294.7008173711153,296.4499819508995,18341500,0.0033794218630449,0.13571666092599247,7.789760660153601e-06,0.21270746470300658,0.7677610612714342,True,0.9804685259744408
2020-12-09,291.1831359863281,297.9961776074339,290.1201004766501,297.7159455804409,48839300,-0.0229013181713325,0.1291518304041048,7.823816518944745e-06,0.21353847261069742,0.7668026031301671,True,0.9803410757408646
2020-12-10,292.3523864746094,293.47340277519385,288.071284471888,289.15363690227525,27519500,0.0040074751514105,0.2066251145493011,8.095903905095656e-06,0.20688587123116325,0.7715661746340221,True,0.9784520458651853
2020-12-11,291.7049865722656,291.83062205952194,288.438581871194,290.6999321661132,26760400,-0.0022169060690492,0.1890874687355092,8.10003934562436e-06,0.20573956153989315,0.7722064228993634,True,0.9779459844392565
2020-12-14,293.8213806152344,295.76380549706323,292.825999563861,292.8936244861092,28804800,0.0072290621852138,0.17287452363470454,8.100636239258353e-06,0.20501853899418987,0.7726055383625121,True,0.977624077356702
2020-12-15,296.962158203125,296.962158203125,293.88901386267713,296.0730659271686,25709000,0.0106326834491523,0.1668052385724133,8.12964013979264e-06,0.2049783193847584,0.7723366609473498,True,0.9773149803321082
2020-12-16,298.5953063964844,299.3780802348846,296.31460979317626,297.35832790563893,25461900,0.0054844490551453,0.1714529727976078,8.173827683246384e-06,0.2053119184588246,0.7718450355385544,True,0.977156953997379
2020-12-17,300.5474548339844,300.7793791237799,298.991580236775,300.1898950565834,23730500,0.0065164948053553,0.1621394817633714,8.196767665963162e-06,0.20538821107881652,0.7714750576514188,True,0.9768632687302353
2020-12-18,299.63897705078125,301.494459421742,297.2713089953816,301.1852074445999,41173400,-0.0030273209415121,0.15666407290264114,8.195211150470891e-06,0.2057492250607645,0.7712618815779639,True,0.9770111066387285
2020-12-21,299.07843017578125,299.610896440792,293.9279078078829,296.69677965849587,37095500,-0.0018724928723233,0.1464764078025927,8.19715457539926e-06,0.205925436105082,0.7710364328447685,True,0.9769618689498505
2020-12-22,299.8917236328125,300.8114409536031,297.0744264140137,299.9788528813914,26176300,0.0027156410104125,0.13698505071607125,8.182625054289464e-06,0.20600694297205233,0.7709194129569606,True,0.976926355929013
2020-12-23,298.3814392089844,300.2983418646353,298.22653291084043,299.94013397627043,21201300,-0.0050488229317386,0.1298664900013629,8.137256280933373e-06,0.2061321361335587,0.7709129470746116,True,0.9770450832081703
2020-12-24,299.6980895996094,300.1434267278117,298.5653797992365,298.64281817335035,16785000,0.0044029345738601,0.1277696015841108,8.091756958425056e-06,0.20654092197528126,0.7707518632799049,True,0.9772927852551861
2020-12-28,302.7186584472656,303.19306815724786,300.47256173105023,302.30236444379983,22497700,0.0100282542650248,0.12474541946007242,8.04307062322074e-06,0.20735345600418875,0.7702950999447163,True,0.9776485559489051
2020-12-29,302.98974609375,304.664642578281,302.08938102346127,304.0450174468872,25871900,0.0008951094703394,0.13895542314189457,8.095845281796011e-06,0.20735276310848702,0.7700892713629169,True,0.977442034471404
2020-12-30,302.9994506835937,304.4710161192308,302.37982552415474,304.1515422088258,18138100,3.202892030475849e-05,0.1299539195548562,8.053289890217798e-06,0.20812897803860383,0.7695421781526972,True,0.9776711561913011
2020-12-31,303.744873046875,304.22894406507703,301.82797072381925,302.9025942024596,21611400,0.0024571230719914,0.12227512667575419,8.026213353723043e-06,0.2094092789392431,0.7685357253707338,True,0.9779450043099769
2021-01-04,299.4560546875,305.245555547764,295.4576227654511,305.0712675012697,45305900,-0.0142204377877268,0.11728976978157167,7.99356121794391e-06,0.210704587482002,0.7676243492908122,True,0.9783289367728143
2021-01-05,301.9247436523437,302.1958517702346,298.468499238766,298.468499238766,29323400,0.0082101152503671,0.15322212400943716,8.19769861961897e-06,0.2092895795238653,0.7681921690985885,True,0.9774817486224537
2021-01-06,297.7424011230469,301.9441338882329,296.2321019556657,297.2195961665382,52809600,-0.0139491062045046,0.15381526652470537,8.192104431435115e-06,0.20929919446241427,0.7683014208128287,True,0.977600615275243
2021-01-07,304.9454040527344,305.7779920626543,300.36608136211987,300.39512444280655,30394800,0.0239040705662349,0.17497681692748318,8.304496928515656e-06,0.20998591105392786,0.7673626937565602,True,0.977348604810488
2021-01-08,308.8663635253906,309.2149100343032,305.042190529325,307.2302010628528,33955800,0.0127759453720729,0.23819060650306037,8.548786472008881e-06,0.2145387830048608,0.7635698695191213,True,0.9781086525239822
2021-01-11,304.4033508300781,307.0850946807062,303.75468241269584,305.9136506323896,32746400,-0.0145550689406103,0.23275854983236638,8.54259242497165e-06,0.21353556192935913,0.7642993532632076,True,0.9778349151925667
2021-01-12,303.9191589355469,305.52624870479366,301.28581143319,304.44193435888496,29266800,-0.0015918924222215,0.23430799219381562,8.542531631642557e-06,0.2129637966587624,0.7647120970712776,True,0.97767589373004
2021-01-13,305.9716186523437,306.7654726708281,303.5803066312761,304.1805499689339,22898400,0.0067306066608393,0.21011540973910445,8.507739116786741e-06,0.21108614827791355,0.7660162117263623,True,0.9771023600042759
2021-01-14,304.33544921875,307.4141337446142,303.861039539168,306.41694864804754,23500100,-0.0053618037200319,0.1957812854694408,8.482634783276029e-06,0.21007497532489688,0.7667284139701248,True,0.9768033892950216
2021-01-15,301.9247436523437,305.08089596114627,300.6855230999575,304.1224448556124,35118700,-0.0079527513117788,0.18172418245139038,8.452365617455373e-06,0.20918848131148474,0.7673565594973537,True,0.9765450408088384
2021-01-19,306.32989501953125,306.83331835673874,303.1446987219593,304.2387041994004,24537000,0.0144848164147285,0.17546791628559277,8.406511773698763e-06,0.20821328635985972,0.7681685256035845,True,0.9763818119634442
2021-01-20,313.4553527832031,314.3944517891422,306.42666132440587,309.9410218264804,30728100,0.0229943250347082,0.19184424090756955,8.369463856900202e-06,0.2077193660864018,0.7689996027886801,True,0.9767189688750819
2021-01-21,315.9628601074219,316.7083484771748,313.4166710531678,314.791416370408,25130600,0.0079677408075789,0.24121310327009682,8.32632801281732e-06,0.20771807710786877,0.7698932855621367,True,0.9776113626700054
2021-01-22,315.05279541015625,316.0596418583159,314.36539328964204,314.9269322177987,21609400,-0.0028844461156815,0.22357554982980046,8.218661831438078e-06,0.20502373571426658,0.7722197849272767,True,0.9772435206415433
2021-01-25,317.65704345703125,319.7966584555106,311.1705100697358,318.4315747501509,39080600,0.0082320918493501,0.20251305301015252,8.145029627678355e-06,0.2029923396834946,0.7738456933595572,True,0.9768380330430518
2021-01-26,318.1217956542969,319.25453486339853,316.7954457605857,318.3735220441752,25498100,0.0014619935469898,0.1928861667272324,8.06163750828353e-06,0.20115332283410695,0.7754253439528678,True,0.9765786667869747
2021-01-27,309.253662109375,315.87575134585563,307.24960062396013,315.8660900145018,55264000,-0.0282724615462954,0.1759519780986827,7.977246755346751e-06,0.19915110451639773,0.7769651002371286,True,0.9761162047535263
2021-01-28,311.0833740234375,316.0209038070122,309.83446265307134,310.4540876739916,42836300,0.0058991068195712,0.25680704259593795,7.848844882635277e-06,0.19638804036715155,0.78100900456673,True,0.9773970449338815
2021-01-29,304.5387878417969,310.50254694314407,302.79614381568024,309.39885072667784,55259000,-0.0212624988154635,0.23449352594137152,7.812104702881914e-06,0.1945373463857662,0.7822656682987413,True,0.9768030146845075
2021-02-01,312.1484375,313.2327520936289,305.952303458652,307.97571721736244,35646000,0.0246803747765352,0.2592037378318231,7.799686683891777e-06,0.1948158694717988,0.7821328094727837,True,0.9769486789445825
2021-02-02,317.24072265625,318.3928138516619,314.9462311386911,315.11082825746934,33930800,0.0161820272716617,0.29106871899877473,7.828416729133767e-06,0.19620254870599366,0.7810030540594042,True,0.9772056027653978
2021-02-03,315.9822082519531,319.68051798841714,315.9241220923521,319.31261928071063,24824500,-0.0039749541589174,0.28449822773680966,7.870063773982539e-06,0.19602804901887486,0.7805118416851099,True,0.9765398907039847
2021-02-04,319.71923828125,319.8063675249799,316.0596623178328,317.3763509400177,22350900,0.0117573212975472,0.2562976248348301,7.929870387321947e-06,0.19523989043066609,0.7802030619915842,True,0.9754429524222503
2021-02-05,320.8035583496094,321.81043442600395,319.0318712719076,320.6680338165414,22732000,0.0033857377438532,0.24477529129834893,7.95100232773681e-06,0.19440870101979865,0.7804021959630194,True,0.9748108969828181
2021-02-08,322.9528503417969,323.1077566336111,320.85199838952866,322.4881610117084,20462800,0.0066773703502951,0.22240823843567895,7.827105801086152e-06,0.19266860727948842,0.7826541117674627,True,0.9753227190469511
2021-02-09,322.8851013183594,324.1436743085384,322.01374973785425,322.02344061397,17597500,-0.0002098019279042,0.20708236641497493,7.78372106595388e-06,0.1905552317014803,0.784301824684144,True,0.9748570563856243
2021-02-10,322.1492614746094,324.7729181112913,319.00279986741936,324.317890173976,28068700,-0.0022815533726424,0.18804979584734527,7.888697941554563e-06,0.19151406969311435,0.7824099146798758,True,0.9739239843729901
2021-02-11,323.9209289550781,324.3275615844806,321.5393079695732,323.6788934613584,22046100,0.0054844564803685,0.17340752614197405,7.766016396018342e-06,0.19155174185268536,0.7836781816652463,True,0.9752299235179316
2021-02-12,325.7313842773437,325.89595187020984,322.0330747855263,323.0786551345279,20346800,0.0055736275304557,0.16400653566429674,7.79477124688398e-06,0.19212329092770525,0.7829260206363606,True,0.9750493115640659
2021-02-16,324.8503112792969,327.4158811673537,323.6885292888763,326.5251777019855,27080800,-0.0027085715528737,0.15642363704893356,7.819842456831486e-06,0.1927224313648094,0.7822287151387521,True,0.9749511465035615
2021-02-17,323.2916564941406,324.96655281909017,319.6514626027675,321.87817742268214,31360300,-0.0048096184702627,0.1459032761367697,7.870444921710068e-06,0.19447512878060785,0.7802424394871996,True,0.9747175682678075
2021-02-18,321.8782653808594,323.2336586653351,317.899185241931,319.7096361256982,32236200,-0.004381460841413,0.14027684587954947,7.88207737581426e-06,0.19514751436626285,0.779609990290611,True,0.9747575046568738
2021-02-19,320.4743957519531,323.34977904654954,319.4578583383026,323.223915842976,39157700,-0.0043710315190861,0.13501534299241844,7.916975552744196e-06,0.19603884250977785,0.7787320719605698,True,0.9747709144703477
2021-02-22,312.1677551269531,317.35698283456264,311.96445354950856,316.0984098661009,47256900,-0.026261664717912,0.13040434399308629,7.88903884306853e-06,0.19765899194346426,0.7774392352300326,True,0.9750982271734968
2021-02-23,311.2383728027344,312.90357860980123,301.0922316590529,306.9010850029575,97241900,-0.002981629378047,0.22058290834915997,8.04394919073562e-06,0.18741799001014833,0.786064850277295,True,0.9734828402874434
2021-02-24,313.8038635253906,314.11367604871,305.89413057856177,308.5855640910335,58206300,0.0082090616621377,0.20147846527685656,8.011799894361558e-06,0.18663643410269865,0.7865209494986529,True,0.9731573836013516
2021-02-25,302.8638916015625,313.70709534994387,301.32454914976546,311.15121547282814,110182600,-0.0354846503336728,0.19256702922010097,8.019802675914917e-06,0.1867253623498772,0.78615919672444,True,0.9728845590743171
2021-02-26,304.1322326660156,308.9438714759192,300.97607935125205,305.7877477065135,104739800,0.004179080754157,0.30434891691822813,8.214612962939478e-06,0.19258711962659758,0.7826650634504106,True,0.9752521830770082
2021-03-01,313.2811584472656,313.62001415607585,307.81116044626947,309.09877668531914,49164500,0.0296384744301549,0.2739305059104171,8.166332399212938e-06,0.19070767818728915,0.7841538442166509,True,0.9748615224039401
2021-03-02,308.2564697265625,313.99754586595145,308.0047728460935,313.9201074901199,48370000,-0.0161689267431035,0.3227518774134492,8.207724690991603e-06,0.1937386017200608,0.782205153685799,True,0.9759437554058599
2021-03-03,299.3107604980469,308.1014761600481,299.2526743462873,307.1623773128053,86301100,-0.0294497639660293,0.3100853850562453,8.188320011525827e-06,0.19318953906026298,0.7825698440656924,True,0.9757593831259554
2021-03-04,294.4119873046875,302.0990371273131,290.5490806444042,298.9428847614246,139131600,-0.0165022626550364,0.3469652631101835,8.209857877597059e-06,0.1953752026920736,0.7813045377001601,True,0.9766797403922336
2021-03-05,298.8461303710937,299.746495535747,287.9739122589407,297.0260182885546,121523700,0.0149487230152067,0.3306468157543242,8.178145372814701e-06,0.1945795971523812,0.781935141843751,True,0.9765147389961322
2021-03-08,290.3845520019531,300.18214560216165,289.9682579781333,298.30394751172685,88409800,-0.0287227408377385,0.3136283020199638,8.158945460929564e-06,0.19390720617991172,0.7823998311883568,True,0.9763070373682685
2021-03-09,301.83758544921875,303.73516482023393,297.1421209339256,297.6745871535942,80391100,0.0386829902345384,0.3460482304120048,8.098489568302679e-06,0.19486196824835544,0.782280171055535,True,0.9771421393038905
2021-03-10,300.9759826660156,306.3878927743234,300.2886101347486,306.0877711249526,76798100,-0.0028586064266002,0.41329250978947346,8.055589509511051e-06,0.19756850799768189,0.7810365663439276,True,0.9786050743416095
2021-03-11,307.90789794921875,309.66989398051334,304.8195225253842,305.7101966431199,53484800,0.0227702358639118,0.36772985526998053,8.024753061004295e-06,0.19576333948100444,0.7821413244528452,True,0.9779046639338497
2021-03-12,305.4100646972656,308.09183692565364,301.46974924205045,303.8610316001151,69315600,-0.0081453575937685,0.36532914930361693,8.047734219076148e-06,0.19614792670854148,0.7818264435703473,True,0.9779743702788888
2021-03-15,308.67266845703125,308.83726557970624,304.0933761867674,305.72953835863865,42955700,0.0106260420060479,0.33065965092590865,8.025744094795696e-06,0.19484509930914706,0.7825005724680498,True,0.9773456717771969
2021-03-16,310.36700439453125,313.8717038740802,308.93417288948405,310.8607663565972,54925900,0.0054740923491641,0.30479993903461355,8.047491025353098e-06,0.1942812100238885,0.7824977166140245,True,0.976778926637913
2021-03-17,311.6449584960937,313.53284754502164,305.62311301915645,307.3367435684353,78258700,0.0041091039271423,0.2754703465415699,8.079716677850664e-06,0.19379372854034208,0.7821543324911595,True,0.9759480610315016
2021-03-18,302.0990600585937,307.7530062068756,301.6440321034834,306.7751732608116,82718100,-0.0311096092813062,0.2486316298611066,8.158211976852569e-06,0.1938341646334067,0.7811106071340412,True,0.974944771767448
2021-03-19,303.1640319824219,304.70337437905994,299.7948868313532,301.93447260393606,78446200,0.0035190416757678,0.31309514267582916,7.883225608448819e-06,0.19141054745570107,0.7853189170706928,True,0.9767294645263939
2021-03-22,308.8492736816406,310.9140252313107,305.55343960948335,305.55343960948335,56194800,0.0185793517476526,0.2817309652947677,7.914194787649114e-06,0.1906227256130502,0.7854484931220171,True,0.9760712187350673
2021-03-23,307.5018920898437,311.2533289990368,306.6876292367578,309.93500711765904,53455400,-0.0043721300873498,0.28423600889465495,7.94139255798494e-06,0.19067812322851743,0.7850247758826965,True,0.9757028991112139
2021-03-24,302.3158569335937,308.90755666394017,302.17045810055293,308.86877378090526,64803700,-0.0170088856598993,0.2569097573493739,8.034547144848156e-06,0.19049175157785558,0.7840786663123657,True,0.9745704178902213
2021-03-25,301.7923583984375,303.3045948439506,297.97308794522104,300.4740363467963,78729000,-0.0017331287769563,0.2601962795722036,8.008130402528518e-06,0.19003342948324708,0.7846158931494228,True,0.9746493226326699
2021-03-26,306.3192138671875,306.63909116909616,300.1831489602057,301.5790067693761,63519600,0.0148885148595711,0.23500302845758725,8.004734051116869e-06,0.18865569162805193,0.7853683202919738,True,0.9740240119200257
2021-03-29,306.2320861816406,307.2789873156319,302.8974683731191,305.78618658592865,54608000,-0.000284474740736,0.23704917833132982,7.878546534868072e-06,0.1874591838045205,0.7873807471845187,True,0.9748399309890392
2021-03-30,304.69073486328125,305.2626565150045,301.9959020456259,304.2739151212453,44635700,-0.0050459879243388,0.2150551367727381,7.885998125805058e-06,0.1881708028798249,0.7869818843262122,True,0.9751526872060371
2021-03-31,309.3534851074219,310.9141486986145,306.13518591707657,306.4744696142369,55032500,0.015187309694615,0.19847427487881772,7.952982972923511e-06,0.18858422675403522,0.785865328614149,True,0.9744495553681842
2021-04-01,314.6268005371094,314.76249625213046,312.92070869566726,313.17275305842713,55685600,0.0169025884251887,0.20980448127837448,7.892925049583798e-06,0.18725921589383945,0.7873192612411367,True,0.9745784771349761
2021-04-05,320.90826416015625,321.67407077598705,316.86602876786066,317.10837001238053,42172500,0.0197681246113958,0.22435431965657032,7.849156149898203e-06,0.1877004249770197,0.787927848429706,True,0.9756282734067256
2021-04-06,320.6852111816406,322.63361395462925,319.9097017348511,320.5979719156257,33537200,-0.0006953094009665,0.24535127058609218,7.825959241757517e-06,0.18792124863570137,0.788090338360334,True,0.9760115869960354
2021-04-07,321.4607849121094,322.2944541130064,319.2797138768823,320.2102959020985,32046400,0.0024155693948347,0.2221284453723233,7.81864807570148e-06,0.18636395867782699,0.7890115297584516,True,0.9753754884362785
2021-04-08,324.8148193359375,324.9990010571739,323.5158737532568,324.31076017304844,29940800,0.0103796724329236,0.2025372004200791,7.872876875211465e-06,0.18714506933606057,0.7876618217511936,True,0.9748068910872542
2021-04-09,326.78253173828125,326.98611963222544,322.72092071316445,323.4576177958282,36664900,0.0060396758229973,0.19862257127248859,7.868753569388974e-06,0.18684373373401025,0.7881851654220234,True,0.9750288991560336
2021-04-12,326.3560791015625,326.7728988898223,324.4755089142188,325.7453745090264,25833000,-0.0013058566443392,0.18624608560466033,7.89721342175487e-06,0.18745110300323525,0.7872226579160586,True,0.9746737609192939
2021-04-13,330.1656188964844,330.6308950141686,327.66464143328113,327.8779028481073,30374000,0.0116053515474232,0.1711958101164002,7.998307104580627e-06,0.18874077203919262,0.7857135560910148,True,0.9744543281302074
2021-04-14,326.20098876953125,330.53405101338524,325.3867258114292,330.40802884439285,42564300,-0.0120806826489843,0.17732584699510484,7.969994536514596e-06,0.18867371549864984,0.7858972000404766,True,0.9745709155391264
2021-04-15,331.1447448730469,331.5325145174306,325.9198831991519,329.070319272412,36342800,0.0150418541220572,0.18349952445877316,7.976594076337483e-06,0.18850637377277832,0.786037714844233,True,0.9745440886170114
2021-04-16,331.5325012207031,331.7457626834928,329.6616044678657,331.6681969246588,40860100,0.0011702722379433,0.19811155227977265,7.959890095249584e-06,0.18901889035574546,0.7858228739230376,True,0.9748417642787831
2021-04-19,328.4983215332031,331.1155885314801,326.57896873500243,329.96207172902274,34533100,-0.0091941192944294,0.18123984756898592,7.946595516475896e-06,0.1888085525974818,0.7856929312478963,True,0.974501483845378
2021-04-20,326.10406494140625,329.1187757229305,324.1362552848905,327.8392364774025,38081800,-0.007315180384364,0.17854780923138525,7.999981787733586e-06,0.189314845757069,0.7852553486152802,True,0.9745701943723493
2021-04-21,328.8957214355469,329.07990307505,323.7386946947796,324.82437830701275,36598100,0.0085241963619241,0.17189465787531055,7.971502081570146e-06,0.18956345521287443,0.7849730481905659,True,0.9745365034034403
2021-04-22,324.9310607910156,329.48705715270165,323.7775144260137,328.5080189173388,45936100,-0.0121277052152626,0.16925041273898336,7.959973316153417e-06,0.1895270920045688,0.7849040277903385,True,0.9744311197949074
2021-04-23,329.0218200683594,330.33043890861984,325.5611805627224,325.5611805627224,36381900,0.0125110317764249,0.17757836242501457,7.947825415340004e-06,0.18795490595429554,0.7863010980307988,True,0.9742560039850944
2021-04-26,331.16412353515625,331.4452476291295,328.5177468041697,329.264176683064,30812000,0.006490023021861,0.1850195456955247,7.96035755162473e-06,0.18966504293616385,0.7848772140369535,True,0.9745422569731174
2021-04-27,329.7294921875,331.6682221484233,328.7795334395574,331.4549606694149,33187200,-0.0043414963223243,0.1757858323320026,7.896889358779394e-06,0.18637476812873197,0.7878570671402564,True,0.9742318352689884
2021-04-28,328.6146850585937,330.4080159525857,327.9651975909243,329.3998682226513,33615700,-0.0033867032867725,0.16472763941810384,7.875378006696287e-06,0.18801636262497146,0.7864541662224179,True,0.9744705288473894
2021-04-29,329.7973937988281,332.2983427275103,326.5790945836386,331.88152283650913,37708900,0.0035926133505192,0.1546427399075983,7.904332086318813e-06,0.1878910177361434,0.7865980546682876,True,0.974489072404431
2021-04-30,327.6355895996094,329.8360665634626,326.7243843479342,327.35449511543897,38263400,-0.006576524285903,0.14608115654397388,7.870318884576077e-06,0.18859142244749744,0.7860333433090394,True,0.9746247657565368
2021-05-03,325.89080810546875,329.58408623460167,325.4449085072404,328.83768586553776,29729700,-0.0053396026412181,0.14414898806620352,7.857834528412315e-06,0.18893383724594112,0.7857292869148508,True,0.9746631241607919
2021-05-04,320.0261535644531,323.66127206756664,316.21652689036085,323.34136507299735,65147000,-0.0181596584555475,0.14028482661014258,7.869185882735326e-06,0.18834587755249682,0.7860097520379548,True,0.9743556295904516
2021-05-05,318.9501342773437,322.9342394294813,318.17465418454293,322.0714904622713,46219300,-0.0033679506570078,0.1821158251404339,7.950282768362145e-06,0.18695878117620088,0.7872207745763549,True,0.9741795557525558
2021-05-06,321.3541259765625,321.50922789045813,316.449142582441,318.6883728457284,46814300,0.007508939558969,0.1691163539973318,7.899049240494449e-06,0.18783475053420817,0.7866179759603399,True,0.9744527264945481
2021-05-07,323.9617614746094,326.33668773045906,321.52864610869307,324.126536941346,53324500,0.008081777442366,0.1647096596920303,7.730611577772907e-06,0.18632206862085451,0.7890857828405269,True,0.9754078514613814
2021-05-10,315.78033447265625,322.7597443386134,315.57674653434634,322.5852657480653,60700500,-0.0255786608989411,0.16255679235056517,7.735686196938572e-06,0.1860316053768331,0.7892659268074559,True,0.9752975321842889
2021-05-11,315.3441162109375,316.13900258664955,309.2468022628767,309.90599292569743,71963600,-0.0013823528171357,0.2324782294205894,7.96178876896004e-06,0.18834016368616835,0.7873296645534468,True,0.9756698282396151
2021-05-12,307.1820373535156,312.7364789358394,306.31928844902643,310.4197123587213,91164900,-0.026223947563804,0.21082701874648332,7.877708894261781e-06,0.18600785935784406,0.7894949142833004,True,0.9755027736411445
2021-05-13,309.5570068359375,312.52326128582257,307.19175393590643,310.1192550864064,69877800,0.0077017378562672,0.26475136799126137,7.987099774549276e-06,0.18915389093685384,0.787349262985671,True,0.9765031539225248
2021-05-14,316.3910217285156,317.30219751217567,312.2130318222759,312.7171204997074,44370000,0.0218365938950612,0.2446986588530562,8.007824117631642e-06,0.18817641632078422,0.7877765240652221,True,0.9759529403860063
2021-05-17,314.4716796875,316.37162666229653,311.6023677851809,314.68494115486175,39395000,-0.0060848357612835,0.2686369121681273,8.077165807903548e-06,0.19006740748591675,0.786218986925907,True,0.9762863944118237
2021-05-18,312.3487854003906,316.64306516691926,312.07736438898337,315.4216854069224,36528500,-0.0067735580507269,0.24586198463740436,8.029437657562955e-06,0.1888086383120634,0.7874321779849237,True,0.9762408162969871
2021-05-19,312.7073974609375,313.00789819210576,306.610084387319,306.9590711096651,66319100,0.0011474555719218,0.22744971587393006,8.084777923013542e-06,0.18816186542898852,0.7874614787111109,True,0.9756233441400994
2021-05-20,318.7563171386719,319.60936317146644,313.96768069580344,314.1906157389141,46466100,0.019158993831848,0.2067783130558659,8.169937626727949e-06,0.18772054932976565,0.78704765554214,True,0.9747682048719056
2021-05-21,316.99200439453125,320.7240353459111,316.6333441385424,320.30721556639253,50330400,-0.0055503639215203,0.23058434262766508,8.199282516899368e-06,0.18786074576213443,0.7871595918582197,True,0.9750203376203541
2021-05-24,322.32354736328125,323.4480142495234,316.8853946382542,319.2797272359701,32475800,0.0166792957123252,0.21287673392694045,8.260618603907321e-06,0.18736408837343035,0.7869980421569391,True,0.9743621305303695
2021-05-25,322.7694396972656,324.5530676062325,321.5965164232101,323.83574702943866,31280300,0.001382412811607,0.22567213387148333,8.297758905182386e-06,0.1877034932788416,0.7866944157601198,True,0.9743979090389614
2021-05-26,323.89385986328125,324.3591360264829,322.7500165185231,323.4382572317026,25444900,0.0034776097545231,0.20541702176168408,8.365819787875715e-06,0.18737389390224785,0.7863829858981746,True,0.9737568798004224
2021-05-27,322.68212890625,324.2912778723172,322.4785706006059,323.4479353091286,27931700,-0.0037481514831212,0.1892112843384515,8.408288945207863e-06,0.1873055846521324,0.7859368556873214,True,0.9732424403394538
2021-05-28,323.699951171875,325.2897234992017,323.38007383329324,323.8841328337644,29927400,0.0031492924640967,0.17559753845118878,8.446124336592442e-06,0.18787980936188606,0.7850299180287397,True,0.9729097273906258
2021-06-01,322.6240234375,325.5030382874219,321.27659206724854,325.0280293844596,31145400,-0.0033293789817782,0.16339863689046083,8.488340722294858e-06,0.1888283770812559,0.7838163253414422,True,0.9726447024226981
2021-06-02,323.2541198730469,324.0974626171343,321.53835462068525,323.0408584081203,22047900,0.0019511316243365,0.15329765554612146,8.526763362656125e-06,0.18972574667843747,0.7826877064131564,True,0.9724134530915939
2021-06-03,319.8904113769531,321.6934158595787,318.2231025949544,320.4235502295139,37057800,-0.0104602900385755,0.14330937431158647,8.577870056241335e-06,0.19205841332547852,0.7803659558312668,True,0.9724243691567453
2021-06-04,325.3188171386719,325.7647166420639,321.61583668105953,321.6836993136331,38736500,0.0168272046062915,0.1533996381650383,8.484516487958514e-06,0.19162807460935544,0.7816277902186904,True,0.9732558648280458
2021-06-07,326.2882080078125,326.346367531055,324.09743402345566,324.78567477026974,32611900,0.0029753871486727,0.18518540357047292,8.54290556299023e-06,0.19079047543419447,0.7825469821028275,True,0.9733374575370219
2021-06-08,326.4433288574219,328.8958208385621,324.7663169529208,328.0330718893326,27282800,0.0004752975573223,0.17146525048004457,8.572355744389649e-06,0.19014204594420553,0.782669723070857,True,0.9728117690150626
2021-06-09,326.52081298828125,328.5855646020038,326.3366313224689,327.81008464896746,21485300,0.0002373304328902,0.15864674084853903,8.594524217858966e-06,0.1899713149535226,0.7824936373218592,True,0.9724649522753818
2021-06-10,329.9232482910156,330.02986419758594,326.4141531641101,326.86005259799856,33702100,0.0103663540354818,0.1477786725047985,8.628858397682755e-06,0.19053659876256454,0.7817625036558092,True,0.9722991024183738
2021-06-11,330.7860717773437,330.795774892879,329.28356800283944,329.9330259249789,21222800,0.0026118111266302,0.15633559455625096,8.665674598191187e-06,0.1900650515953473,0.7819753146879911,True,0.9720403662833383
2021-06-14,333.95587158203125,333.9655451136697,330.02992645276777,331.21255267389915,27827700,0.0095370056363687,0.14694806046520315,8.638548098054772e-06,0.18988030293680172,0.7820858997283302,True,0.9719662026651319
2021-06-15,331.77490234375,333.9171908912527,331.0575520670416,333.6069869652531,35963800,-0.0065521292576105,0.1530669163949015,8.649188303602535e-06,0.18979157457673598,0.7821381674067375,True,0.9719297419834735
2021-06-16,330.5630798339844,333.3063690349668,327.11214372222906,332.24006190320773,55399500,-0.0036592310710311,0.150060882552348,8.587997329650185e-06,0.18964065355010634,0.782490968470291,True,0.9721316220203973
2021-06-17,334.76043701171875,335.76858468846024,329.5064963536992,329.5549527607095,59722700,0.0126176597042342,0.14286164610269447,8.613828883819936e-06,0.19022189512661733,0.781814117565877,True,0.9720360126924944
2021-06-18,332.13348388671875,334.2466921636833,331.3870540179676,333.10284873846405,55414900,-0.0078782145998402,0.16054729122712547,8.60795294698786e-06,0.18964043883625822,0.7824718001076443,True,0.9721122389439025
2021-06-21,334.1976623535156,334.51794039002993,330.1119109228464,332.32462521783617,32992600,0.0061956733719144,0.15884558195968163,8.49538986764823e-06,0.18944306440058004,0.7831407707438736,True,0.9725838351444536
2021-06-22,337.3129577636719,337.75937452860774,333.69302217724,333.9938714771948,28941600,0.0092785360849507,0.1538082920904484,8.392381165482317e-06,0.18957239796473488,0.7834407657699008,True,0.9730131637346358
2021-06-23,337.4779052734375,338.6231050395058,336.6432987767399,337.25471171207795,27188500,0.0004888848444348,0.1572733930070138,8.361426420851644e-06,0.1898180883957039,0.7833512341169423,True,0.9731693225126462
2021-06-24,339.5645446777344,341.0881905012289,338.86579113679346,339.4092628223047,32581600,0.0061640034867964,0.14638756670975975,8.280001568244936e-06,0.18942761005205794,0.7838304575859162,True,0.9732580676379741
2021-06-25,339.14715576171875,340.3699816607992,338.5454571818476,340.1273593549169,28682800,-0.0012299448156351,0.14358562944685072,8.256783562339692e-06,0.19132661698552517,0.7823255136875683,True,0.9736521306730934
2021-06-28,343.271728515625,343.40761122051816,340.36997526919714,340.428202252157,39130300,0.0120882439636429,0.13508192783667938,8.162929264034505e-06,0.19163131015380214,0.7828881531655787,True,0.9745194633193808
2021-06-29,344.5140075683594,344.5431210644073,342.2624947676922,343.0971013990546,29426000,0.0036124052549592,0.15314753053763908,8.231097438464249e-06,0.1915816277603593,0.7826859757088663,True,0.9742676034692257
2021-06-30,343.9704895019531,344.7468986534807,343.3881900425526,344.3586792692265,32724000,-0.0015788828408747,0.1450539666904858,8.195816054980704e-06,0.1916508598220186,0.7828413921154809,True,0.9744922519374994
2021-07-01,344.1063537597656,344.6109974684653,342.2721150035482,343.6211091724462,29290000,0.0003949101351359,0.13643324846012153,8.14698932996288e-06,0.19170540767980493,0.7829487878055118,True,0.9746541954853167
2021-07-02,348.05633544921875,348.37658392233686,345.7659650458484,345.998873026298,32727200,0.0114135726503801,0.12864518574036848,8.065858900348644e-06,0.1921186534202179,0.7828861881139885,True,0.9750048415342063
2021-07-06,349.560546875,349.84199706760444,345.9697245818565,348.65799892493936,38842400,0.0043124350773527,0.14614709785234758,8.141773696820416e-06,0.1917343927664699,0.782873645908089,True,0.9746080386745589
2021-07-07,350.2982177734375,352.0548015038904,348.3475242846067,351.7539521102984,35265200,0.0021080572506263,0.14009932693541963,8.065454994249935e-06,0.19112174519936884,0.7836965289225042,True,0.974818274121873
2021-07-08,348.1824645996094,349.03649999370606,343.96085948535847,345.241882959518,50890000,-0.0060581765485036,0.1325929051717344,7.96713559201724e-06,0.19030274646116535,0.7847876629425862,True,0.9750904094037516
2021-07-09,350.3563537597656,350.83188404216685,347.01786817849813,347.60016768536724,35184500,0.0062241241889632,0.13255921886679073,7.941999336877087e-06,0.18988856324174927,0.7853818582884481,True,0.9752704215301974
2021-07-12,351.7247619628906,352.1808931403898,350.18165783912826,351.753875458604,25717700,0.0038981533765691,0.13285337209128434,7.933330653604733e-06,0.18979336865930377,0.7854772001687442,True,0.975270568828048
2021-07-13,351.7247619628906,354.68474262269365,350.8707265993189,351.3462569016323,39723000,0.0,0.12843518093443565,7.849027311869606e-06,0.19073059369481302,0.78512393714734,True,0.975854530842153
2021-07-14,352.35552978515625,354.7040971225229,351.5306080210806,354.06357068042814,35336400,0.0017917501694285,0.12175649677579276,7.756402050734747e-06,0.19153319629161256,0.7848894999360042,True,0.9764226962276168
2021-07-15,349.8807678222656,352.47198710735233,347.8815623704829,352.2681926610586,53391600,-0.007048260582403,0.11669038807322539,7.670338508645945e-06,0.1940674967684231,0.7837824748062726,True,0.9778499715746958
2021-07-16,347.0469970703125,351.7150484688974,346.6976055038964,350.7348447491291,47262000,-0.0081322240606544,0.12275413801629732,7.705030010366848e-06,0.19371616599820804,0.7838380476678559,True,0.977554213666064
2021-07-19,344.20343017578125,344.69835954632407,341.65103874777697,343.6017019715255,64404600,-0.0082273596438779,0.13043118734271578,7.738357811953897e-06,0.1933945078064804,0.7839089872276948,True,0.9773034950341751
2021-07-20,348.2018737792969,349.6478933984783,343.3591119000733,345.13512395324045,42183700,0.0115495592751316,0.13640735993357844,7.763391651200427e-06,0.19337645804201636,0.783825498958371,True,0.9772019570003874
2021-07-21,350.8900451660156,350.8900451660156,347.551560211411,347.77478337195515,30259900,0.0076905041037495,0.15198400464977346,7.831233008648875e-06,0.19342209418165196,0.7835129319595405,True,0.9769350261411924
2021-07-22,353.2095642089844,353.219248961658,351.09387519602745,351.09387519602745,30252200,0.0065886343436592,0.1513930546659326,7.790820568466047e-06,0.19305952766696388,0.7839639021561642,True,0.9770234298231281
2021-07-23,357.3341064453125,357.61552696637267,353.1804141892483,354.5293786675399,31960800,0.0116096694223737,0.14828399445372634,7.723598874529905e-06,0.19282266494095093,0.784400719664735,True,0.9772233846056859
2021-07-26,357.61553955078125,358.00375890669227,355.78133044710984,356.645050394961,28438100,0.0007872809549066,0.1605757066201019,7.76314472986367e-06,0.19351934621868716,0.7836916287397988,True,0.977210974958486
2021-07-27,353.67535400390625,357.353516177006,349.531375993439,357.353516177006,57933100,-0.0110790842003825,0.14877450900925843,7.703299697735633e-06,0.1932685874604818,0.7839680752639078,True,0.9772366627243896
2021-07-28,355.0341491699219,356.60636698689643,352.52058500097,354.810955547077,42066200,0.0038345664193741,0.15894638849859258,7.671617746602857e-06,0.1925596820428774,0.7848707911260454,True,0.9774304731689228
2021-07-29,355.6649475097656,356.8295169591154,354.47123494762224,354.47123494762224,25672500,0.0017751493098444,0.14969111340975916,7.526008772703752e-06,0.19085785543829265,0.7870319131282106,True,0.9778897685665033
2021-07-30,353.811279296875,354.3935787806666,351.7150189254144,351.7441324187549,36484600,-0.005225467354074,0.1401234200207583,7.392241021217294e-06,0.18943796830705548,0.7888653008610759,True,0.9783032691681314
2021-08-02,353.8403625488281,356.0530767045384,353.1318947821172,355.4707772705137,27334100,8.219652227093036e-05,0.1364648136319775,7.277875137343459e-06,0.1886162155002821,0.7903064379002829,True,0.978922653400565
2021-08-03,355.9851989746094,356.10165295883087,351.3171475328276,354.5003514418158,35558500,0.0060432959018295,0.12848756521531088,7.231530213424348e-06,0.18870822489924927,0.7903971310771631,True,0.9791053559764125
2021-08-04,356.4996032714844,357.4506936273146,354.84007454765805,355.9464171578794,29602200,0.0014439729370607,0.1287799424617346,7.2452195410516785e-06,0.18957435957312632,0.7895931361142986,True,0.9791674956874249
2021-08-05,358.76080322265625,358.9937111841423,356.6063157279587,357.31475398314,21443900,0.0063227531222884,0.12217075427175067,7.104693250852719e-06,0.19015622274542543,0.7901906829420862,True,0.9803469056875116
2021-08-06,357.18865966796875,358.46971295564015,356.08231700460897,357.49922342564486,33332100,-0.00439177948472,0.12459939082033876,7.158183170555877e-06,0.19045354789696023,0.7896124632933312,True,0.9800660111902915
2021-08-09,357.8485717773437,358.3726147359281,356.5481195184718,357.6447476764634,25960200,0.0018458124072852,0.12237300011175888,7.156965103242302e-06,0.19078331643515176,0.789341073239991,True,0.9801243896751428
2021-08-10,356.01434326171875,358.6540757279893,354.83034495809034,358.36294074225583,35130800,-0.0051388929542086,0.11724634413622863,7.130927331603937e-06,0.19120134911253833,0.7890762324572463,True,0.9802775815697846
2021-08-11,355.4028015136719,357.7707972636796,354.0732361984988,357.2758679671043,34249800,-0.0017192217060468,0.11790247777700277,7.135091158698122e-06,0.19165103657384677,0.788646819104464,True,0.9802978556783107
2021-08-12,356.6839294433594,357.04300574382904,353.5492383580731,354.89823269441365,25969200,0.0035982395297006,0.11329541398338044,7.089965723054907e-06,0.192404683529232,0.7882258895378043,True,0.9806305730670363
2021-08-13,357.9358825683594,358.26584538723085,356.53837556079554,357.0333345975948,19336200,0.0035038334644318,0.11166666998665213,7.03326268741135e-06,0.1930117056730844,0.7881137800285226,True,0.981125485701607
2021-08-16,358.0911865234375,358.1299847748878,352.9670037183403,356.8198477892723,34856900,0.0004337935371926,0.11015655858530844,6.996793002753903e-06,0.19391247247656188,0.7875735777423521,True,0.981486050218914
2021-08-17,354.93701171875,356.3150897426544,352.5107888148548,355.34460058109624,44793900,-0.0088473229723272,0.10594360868406023,6.9034192978147075e-06,0.19476088168872951,0.7874571010921277,True,0.9822179827808573
2021-08-18,351.5208740234375,355.80073481778976,351.1909112596276,354.4032280434307,38541900,-0.0096712469094669,0.12052620718793082,7.015576804244391e-06,0.1950906879281344,0.7868736300432002,True,0.9819643179713347
2021-08-19,353.2193298339844,354.88857286276215,349.3373720570117,349.5897087899509,48499400,0.0048200999166854,0.1337845722950047,7.135517100787038e-06,0.19488601826127586,0.7864024558893986,True,0.9812884741506744
2021-08-20,356.8780212402344,357.2759253852955,353.9762382539555,354.28680192087853,39486000,0.0103048512348774,0.13030600377968346,7.0935222114789575e-06,0.19416724043565264,0.7870819410117482,True,0.9812491814474009
2021-08-23,362.2157287597656,362.9047678636542,357.9067539381562,357.9164386915184,34034700,0.014845923930542,0.14290629414056866,7.1825398810322825e-06,0.1943655113334348,0.7864761540643938,True,0.9808416653978286
2021-08-24,363.3220520019531,363.923750591973,362.341848392222,362.8076938894864,21732900,0.0030496664101192,0.16999824848755338,7.3772327416391875e-06,0.19589736196017102,0.7844461253999768,True,0.9803434873601479
2021-08-25,363.7392883300781,364.3119029391863,362.827026243094,363.5743217751628,20441900,0.0011477336251609,0.1578785039550904,7.330751724075314e-06,0.19492925552174575,0.785265921218145,True,0.9801951767398908
2021-08-26,361.4296569824219,363.5647157835541,360.9929249278574,362.88539100832384,29133300,-0.0063699339918657,0.1464377935295005,7.292955126392954e-06,0.19452901254991092,0.7855785085163485,True,0.9801075210662594
2021-08-27,364.9427795410156,365.4474232801606,361.57518071717175,362.0604253337661,27104700,0.0096731367418461,0.14372525081924284,7.271133350375641e-06,0.19455726933728631,0.7856616294616489,True,0.9802188987989352
2021-08-30,369.0383605957031,369.52360536391205,365.7095589768772,365.7289877224793,27295700,0.0111600239789149,0.15058245368108783,7.2920536163138786e-06,0.1948384568884746,0.7854619153998059,True,0.9803003722882805
2021-08-31,368.7374267578125,369.3488101474605,367.19432268536974,369.2808984043775,29628200,-0.0008157867464303,0.16066719829711468,7.352451770077481e-06,0.1955186562894685,0.7846455427239376,True,0.9801641990134061
2021-09-01,369.3488464355469,371.41599361649696,369.14505195230834,369.7952928881464,28138300,0.0016567705966014,0.14868193849796393,7.2944888489607924e-06,0.19502231230875605,0.7853105468938907,True,0.9803328592026468
2021-09-02,369.1741027832031,371.0277407947319,367.96099122725343,370.6977780055514,25453400,-0.0004732247137063,0.13889810364946692,7.257887167479616e-06,0.1949480290248674,0.7853721077366301,True,0.9803201367614975
2021-09-03,370.3095703125,370.7074744376355,368.0095156524316,368.0289147742748,24605400,0.0030709763122052,0.13014503522614596,7.224678867609785e-06,0.1953911012675653,0.7850263659904982,True,0.9804174672580636
2021-09-07,370.8336486816406,371.4838895379319,369.26146076930337,370.4163453946835,23970200,0.0014142434095314,0.12458727377680233,7.194145275402676e-06,0.19615194184304255,0.7844838752241207,True,0.9806358170671632
2021-09-08,369.5428771972656,370.6589338563036,367.28165038780526,370.6589338563036,32949200,-0.0034868009641054,0.11836019862844284,7.1259336241106825e-06,0.19712043880989308,0.7841746910026551,True,0.9812951298125482
2021-09-09,368.2715148925781,370.87241867795257,368.0288926077415,369.766076459926,29399000,-0.0034462964578738,0.11537771771154595,7.061857120252137e-06,0.19786239889843535,0.7839658422713283,True,0.9818282411697636
2021-09-10,365.47662353515625,370.697861587929,365.14666067157793,369.9797088623168,40249400,-0.0076181586790897,0.11279722312292877,6.984488040187729e-06,0.19848267897673055,0.7838536434382265,True,0.982336322414957
2021-09-13,365.2242736816406,368.232796834094,363.1765552031788,367.80577911609487,48741800,-0.0006907063191226,0.12101678649049108,6.993092037346782e-06,0.19837983775069554,0.7838849388497372,True,0.9822647766004328
2021-09-14,364.1859130859375,367.4370293408836,363.2348226776815,366.7091621882257,41826600,-0.0028471258448638,0.11476032402684587,6.875669790108997e-06,0.19851630388735916,0.7843975906118822,True,0.9829138944992414
2021-09-15,366.8935241699219,367.2429157722262,362.3516406588792,364.6420111582431,34097900,0.0074071935982827,0.1111811175669158,6.7461315053969755e-06,0.19862804144838198,0.7849925223239798,True,0.9836205637723617
2021-09-16,367.145751953125,367.718337003804,363.6423002997389,365.5638498827343,35193100,0.0006872324174867,0.11894047454752509,6.730231694478307e-06,0.19847798159557034,0.7852953056163252,True,0.9837732872118956
2021-09-17,362.7980346679688,366.718820085904,361.7596335323379,366.6703074633272,60912300,-0.0119126123962545,0.11261090365049456,6.51317161003139e-06,0.19740040471729303,0.7873066841309334,True,0.9847070888482264
2021-09-20,355.3013916015625,358.7504360667191,350.66700680296344,357.0113261247993,76203200,-0.0208798813900113,0.13739936997422764,6.732257125772616e-06,0.19740857339162174,0.7863120081421966,True,0.9837205815338184
2021-09-21,355.7386169433594,358.3229841141822,354.61159767451653,357.12794816062376,41927500,0.0012298193959538,0.1971809832910034,7.128897154559591e-06,0.20039262014468975,0.7825116129740046,True,0.9829042331186943
2021-09-22,359.0614013671875,360.5187493428805,355.55403515444647,356.6519087067731,46972900,0.0092971692027615,0.17842813096567445,6.81392207615445e-06,0.19547822951016045,0.7878183814725211,True,0.9832966109826816
2021-09-23,362.3744201660156,363.40427696626887,359.5763074823771,360.2175441098625,44652000,0.0091845788342117,0.17573053063509356,6.649879401278549e-06,0.19340932065865893,0.7902991206702445,True,0.9837084413289034
2021-09-24,362.7144775390625,363.1322731716639,359.7414899525931,360.1106895280067,36056800,0.0009379743616401,0.1730216295938425,6.382898180416326e-06,0.18999708561001255,0.7943031926662434,True,0.984300278276256
2021-09-27,359.81915283203125,360.6935555215144,357.2736569282808,359.6734239920865,43338100,-0.0080144095242638,0.1588247341397791,6.088238159799214e-06,0.18592687434080488,0.7987488392411112,True,0.9846757135819161
2021-09-28,349.6371765136719,359.77059480277074,349.1319732652067,355.2722726687899,97701600,-0.028705573714383,0.15665762058017763,5.872507503061447e-06,0.18322266752961128,0.8017698813868381,True,0.9849925489164494
2021-09-29,349.06396484375,353.0376631925343,348.44217849629433,350.9002374139958,58076600,-0.0016407925065308,0.24441449521923206,6.036665950374223e-06,0.18481899931826098,0.8007754471931902,True,0.9855944465114511
2021-09-30,347.7815246582031,352.3673142998109,346.9459926884588,350.7059458519513,61384600,-0.0036807058456957,0.22149409244693968,5.915374575476739e-06,0.1820012119746399,0.803104691744294,True,0.9851059037189339
2021-10-01,349.9384155273437,350.9779976120067,344.3033481176545,348.4033552549904,56375500,0.006182703447766,0.20326427619956144,5.842936416562768e-06,0.18057593457990062,0.8040312085359597,True,0.9846071431158603
2021-10-04,342.5933532714844,348.6559112896858,340.3587649288273,348.3255826438038,76766000,-0.0212129985056043,0.1905967599196192,5.8379769029537296e-06,0.1805163715632923,0.8035467295733385,True,0.9840631011366308
2021-10-05,347.2179870605469,349.4623003725709,343.4288885889361,343.6523296162224,47232900,0.013408602634585,0.22675371640500758,5.908286891745473e-06,0.18296515932023114,0.8013867882699149,True,0.9843519475901461
2021-10-06,349.4428405761719,349.7148776244176,343.1082170030285,344.0117654507929,56806500,0.0063872145273964,0.22591232218707244,5.984594287836015e-06,0.1844075142168808,0.7994300272251833,True,0.9838375414420641
2021-10-07,352.6490478515625,355.291706576554,351.94951966995245,352.48386870945467,39411200,0.0091333616474857,0.20995288853246843,6.005280092858396e-06,0.1834307540371523,0.7996449555700397,True,0.983075709607192
2021-10-08,350.89044189453125,353.9605910531941,350.3560633197142,353.7273952760795,41822300,-0.0049993202810286,0.20137446047072555,6.091082428745453e-06,0.18463972925109984,0.7977794602257022,True,0.9824191894768021
2021-10-11,348.1993408203125,352.8725680610117,348.1118738417442,349.35547637804586,34847200,-0.007698909162339,0.18687812983691696,6.205353683016358e-06,0.18637303548814632,0.7952395219666915,True,0.9816125574548378
2021-10-12,346.9848327636719,350.0840986793097,346.3435961311823,349.64691210021607,43905100,-0.003494064848997,0.1788872350015336,6.318425413055574e-06,0.18810185037213278,0.792784612892543,True,0.9808864632646758
2021-10-13,349.7635192871094,350.4339017377287,347.266589269575,349.2874617626891,40120800,0.0079761975664522,0.166096981310422,6.2730825408459885e-06,0.18891805791714467,0.792873229295159,True,0.9817912872123037
2021-10-14,356.2049255371094,356.4186710500105,352.6878645383114,353.34852170552784,43433900,0.0182489318265675,0.1625334938879679,6.3135574928799634e-06,0.18912991147718827,0.7920965333312326,True,0.9812264448084209
2021-10-15,358.44927978515625,358.56586286925926,356.3895662331551,357.4194230091557,40419900,0.0062809722793393,0.19603697492142677,6.287127367859617e-06,0.18768162567376412,0.7939643805146139,True,0.981646006188378
2021-10-18,362.05377197265625,362.2675175062636,356.5547092896847,357.1570749799005,34513500,0.0100055711063774,0.18407968196426577,6.33118689595883e-06,0.1876212725086137,0.7932465829938604,True,0.9808678555024741
2021-10-19,364.7935791015625,364.8421455006068,362.1023542285122,363.1224858069732,29091000,0.0075389147427172,0.18216735344687657,6.288194130876736e-06,0.18551717896268868,0.7951114814282656,True,0.9806286603909543
2021-10-20,364.3175659179688,365.8623511829623,362.8407676899348,365.2502603015872,31390300,-0.001305735770127,0.17476936290701753,6.410363207624267e-06,0.18801392515731175,0.7918980660741531,True,0.9799119912314649
2021-10-21,366.54241943359375,366.7367443478896,363.2196828077956,363.5208656700808,25469300,0.0060883354753409,0.1608064991891738,6.4002581229403165e-06,0.18629627950701957,0.7928419003386098,True,0.9791381798456293
2021-10-22,363.4626159667969,366.25100387400335,361.8012474626446,365.28916363209765,36275800,-0.0084378095768113,0.15386769247438833,6.593074026494623e-06,0.19101479370816235,0.787514232350344,True,0.9785290260585063
2021-10-25,367.1837158203125,368.09698969643966,362.9379796354576,364.8811104953325,32597800,0.0101858638417647,0.15377956585190142,6.760437264925392e-06,0.19448039522975674,0.7834684831583048,True,0.9779488783880614
2021-10-26,368.3398742675781,371.8277905388129,367.1642884209636,369.4183272928476,47191300,0.0031437724501794,0.1590813523839509,6.908854686879762e-06,0.19704901387699414,0.7803428064557171,True,0.9773918203327112
2021-10-27,369.19476318359375,372.2551875273893,368.5243808468804,368.7866927678403,45760500,0.0023182349830589,0.14824185391829597,6.789460300399772e-06,0.19709185735931134,0.7813674693380803,True,0.9784593266973917
2021-10-28,373.2947998046875,373.5474162564544,370.3218125255012,371.0893573713803,38007000,0.0110441371834953,0.13825732951832834,6.738750088282737e-06,0.19780103149456169,0.7812346271150408,True,0.9790356586096025
2021-10-29,375.1310424804688,375.29622161802354,369.8749005973432,370.2246498535982,37310100,0.0049069560576032,0.15081625652499023,6.743148108594807e-06,0.1977184730213075,0.7815443846402254,True,0.9792628576615329
2021-11-01,376.41351318359375,376.539821408552,373.48912197799297,375.5682561701875,30765300,0.0034128966494302,0.1436998921113096,6.714743393808434e-06,0.19758536132636914,0.7816827212292794,True,0.9792680825556486
2021-11-02,377.9874572753906,378.46354442062784,375.7528690093416,375.8014354130221,25135300,0.0041727050657466,0.13555156796989068,6.6916595752858146e-06,0.19755515709706206,0.7815803431485521,True,0.9791355002456141
2021-11-03,382.0000915527344,382.4178575748496,377.43375178694737,378.4733042710766,33748900,0.010559835015467,0.1299260073189419,6.657535784123217e-06,0.19786723434424475,0.7814982083890846,True,0.9793654427333294
2021-11-04,386.8967590332031,387.8489037604016,382.7190398431017,383.26311407298033,40265300,0.0127370366422488,0.14302653581213928,6.707525576916273e-06,0.1975705363179681,0.7813735739257148,True,0.9789441102436829
2021-11-05,387.265869140625,389.5878943977676,385.866812972796,388.664925308454,43383800,0.0009535726007904,0.160640904259069,6.782497071450734e-06,0.19791770797272012,0.7807071330143671,True,0.9786248409870872
2021-11-08,386.7413024902344,388.25694207068057,386.10006579853456,387.23681030878,29256300,-0.0013554570291623,0.14783453072315814,6.786220204287335e-06,0.19790793871015191,0.7802140554141755,True,0.9781219941243274
2021-11-09,384.0791931152344,388.20834554996304,382.7190076549346,387.8100002276933,50490700,-0.0069072370915277,0.13714190022337205,6.79308800083286e-06,0.1981695967710473,0.77953389740022,True,0.9777034941712673
2021-11-10,378.4343566894531,384.1179891815818,376.51064698992576,381.3101812742508,54937400,-0.0148061357057382,0.136925878003669,6.756268293587929e-06,0.19863833854543098,0.7796267424242308,True,0.9782650809696618
2021-11-11,379.4836730957031,381.5822576249606,379.143619323171,381.4073829933105,32243000,0.0027689460744944,0.165506156763612,6.904033053312093e-06,0.19888309823350783,0.7786315818431311,True,0.9775146800766389
2021-11-12,383.4767761230469,384.011125095005,379.03671627670747,380.6300677029674,34730600,0.010467487511723,0.1529622913359477,6.865626063495921e-06,0.1977606927890438,0.7793954508299752,True,0.977156143619019
2021-11-15,383.389404296875,384.9730606264677,380.950795329976,384.65245709370566,33716900,-0.0002278672049459,0.1595866060050797,6.863421626269724e-06,0.19823717903664148,0.7794112456948364,True,0.977648424731478
2021-11-16,386.1195983886719,386.6150766630146,382.4665023905142,382.66079771286286,27872900,0.0070959677880988,0.14671704609561645,6.84822878048587e-06,0.19783895700573534,0.7793035047348061,True,0.9771424617405415
2021-11-17,386.3234558105469,388.3540234185503,385.36161579881247,386.4400388847189,28703300,0.0005278251270423,0.1448640534532788,6.875866587842412e-06,0.19817137931618825,0.7785320481349173,True,0.9767034274511055
2021-11-18,390.326416015625,390.83161937112976,386.1486964782499,388.3638644982697,45721500,0.0103083662207291,0.13432333246321201,6.850300483728951e-06,0.19795303533933772,0.778517791524641,True,0.9764708268639787
2021-11-19,392.5026550292969,393.77540319697215,391.1327444019126,391.9585808347099,45191700,0.0055599483982931,0.1452635250376937,6.944279868591724e-06,0.19870707015191857,0.7771737668763024,True,0.9758808370282209
2021-11-22,387.9459838867188,397.0884162450373,387.8391259434944,394.0377168454007,61715400,-0.0116771884605267,0.14032137567780242,6.913241387525594e-06,0.19975255292640837,0.7768124428352505,True,0.9765649957616589
2021-11-23,386.1777648925781,388.8495693207287,381.7474297400668,386.7898260920888,70098700,-0.0045683188820578,0.1546982596030608,6.959186182494226e-06,0.19968600945102732,0.776637085471997,True,0.9763230949230243
2021-11-24,387.4212951660156,387.7030276872613,381.3781592701284,383.7001843597255,46954400,0.0032149246520808,0.146087379287356,6.9395166922080374e-06,0.19891676663169724,0.7769045491568065,True,0.9758213157885037
2021-11-26,380.0762939453125,386.2360133638719,378.6869332637484,384.8466526823077,51533300,-0.0191407128065152,0.1371325035463525,6.937404639083881e-06,0.1986767931086469,0.7766325835262003,True,0.9753093766348473
2021-11-29,388.3248901367188,389.3353262283927,383.9042804165969,384.6329543034181,54447100,0.021470328849705,0.18666352789748314,7.141850428749856e-06,0.19825067384379041,0.7763618437617792,True,0.9746125176055696
2021-11-30,382.6218566894531,389.7822882650103,380.6107093860575,387.440812314893,81332700,-0.0147951528469617,0.22945474339190783,7.3680483395779845e-06,0.20291195147458305,0.77161001826675,True,0.9745219697413331
2021-12-01,376.1123352050781,389.09246237572006,375.6460028605043,386.9550069636954,77766500,-0.0171593194990034,0.23179743471937145,7.34921556435914e-06,0.20311142564735787,0.7718426578669066,True,0.9749540835142645
2021-12-02,378.8229675292969,380.6009186906761,373.4113425801996,374.8298193835273,84416600,0.0071811291988086,0.24191773721716994,7.432636064775354e-06,0.20437241138461731,0.7701133530978981,True,0.9744857644825153
2021-12-03,372.2357482910156,381.18385472314816,368.1260171691823,380.1831438379026,105349100,-0.017541606296027,0.22238127729263515,7.486457763561709e-06,0.2036492448164651,0.7697899228779936,True,0.9734391676944587
2021-12-06,375.2184448242188,376.5786300028786,368.5146220690145,372.7215154588637,67588800,0.0079809903880792,0.23623129480649604,7.536800376629907e-06,0.20441487405998904,0.7688555837588216,True,0.9732704578188106
2021-12-07,386.517822265625,387.1299131676193,381.8154496254589,381.8543205406165,56005300,0.0296696030034439,0.21938258312676848,7.483531916359174e-06,0.20408943110130037,0.7696749381924538,True,0.9737643692937542
2021-12-08,388.2471618652344,388.451211908532,384.9535711997848,386.8481352315529,39204000,0.0044641730253884,0.2918839664260748,7.526064452074574e-06,0.20786655991149205,0.7674203000165263,True,0.9752868599280183
2021-12-09,382.534423828125,388.8204526297621,382.3400989043438,387.0230508591578,49973700,-0.014823505778467,0.2615079832063453,7.540357989003081e-06,0.20818742473148075,0.7672386090349674,True,0.9754260337664482
2021-12-10,386.6927490234375,386.95506100389343,382.1749462557162,385.34225890409687,52545800,0.010811801374932,0.2564502058881822,7.529981582998144e-06,0.20734636182218738,0.7676910140303881,True,0.9750373758525754
2021-12-13,381.1061706542969,387.0035488196658,380.736971138381,386.6829453531064,50166400,-0.0145524480863373,0.24146367703947444,7.532953324676354e-06,0.20589221353887474,0.7683108457906991,True,0.9742030593295739
2021-12-14,377.1616821289063,378.9979252293101,372.72162134697993,376.2872495908056,75199200,-0.0104040388668928,0.23992270341823452,7.540915522179034e-06,0.20498708420896097,0.7686591848503004,True,0.9736462690592613
2021-12-15,385.7600402832031,386.11954439644194,372.9645402349824,376.9090934899984,73858000,0.0225415582833273,0.22708901703860232,7.573095186416191e-06,0.2036848085414819,0.7689452849434173,True,0.9726300934848993
2021-12-16,375.8403015136719,387.1493353687728,374.2566453963507,386.72184428250864,82591400,-0.0260511957086902,0.2605047753765937,7.537423279665305e-06,0.20448079785022988,0.7690497489321335,True,0.9735305467823634
2021-12-17,373.9652099609375,378.1235083343343,370.91448063171447,372.4301201552073,80492500,-0.005001551556778,0.29920876850397005,7.542684947133531e-06,0.20628787523102507,0.7680699849234737,True,0.9743578601544988
2021-12-20,370.3375854492188,371.1255560766206,367.20514837555993,369.2480472823268,65336800,-0.0097477888262638,0.26743038435673117,7.579269471158576e-06,0.2039179765217515,0.7689376045757672,True,0.9728555810975187
2021-12-21,378.62591552734375,378.9372206550842,369.8609513266037,373.6062316713703,48899500,0.0221337046097381,0.24825989409379182,7.603562174823784e-06,0.20289811382059358,0.7692384371254022,True,0.9721365509459958
2021-12-22,383.2370910644531,383.441372094784,377.6726372993004,378.3341385226449,37042200,0.0121051470018413,0.27274114492989315,7.63671420944409e-06,0.20330645781257817,0.7686907174605125,True,0.9719971752730907
2021-12-23,386.1262512207031,387.5951683998454,383.4218511634269,383.58721159285807,29595500,0.0075105573102769,0.2577953282342749,7.581965252665136e-06,0.20095646303215195,0.7706664123779657,True,0.9716228754101177
2021-12-27,392.5078430175781,392.5078430175781,387.39087307820034,387.4200560757079,32820700,0.016392127544674,0.23613007828550092,7.575753339699753e-06,0.19745290461626064,0.7727576145986492,True,0.9702105192149099
2021-12-28,390.6886901855469,393.5779258347806,389.8131705286223,393.4028278409336,33113700,-0.0046454651582427,0.24284525937248463,7.326386875034589e-06,0.19361935253871645,0.7792577196226106,True,0.972877072161327
2021-12-29,390.6302795410156,392.0894886983413,388.2566302700842,390.8248526370669,32248500,-0.0001495180506381,0.2205240958147257,7.365264040799749e-06,0.19509299883532377,0.7772493401393332,True,0.972342338974657
2021-12-30,389.4629821777344,392.59541944240806,388.8792924991095,390.4163132880544,23850100,-0.002992714568346,0.19817123866511177,7.493954965654185e-06,0.1975575207453164,0.7738110527814124,True,0.9713685735267288
2021-12-31,387.0309143066406,390.1536135870628,386.5347736936786,388.7916909793776,34752900,-0.0062642496872902,0.17983520401663514,7.654480997519783e-06,0.19982294131877762,0.7703503775754292,True,0.9701733188942069
2022-01-03,390.7567138671875,391.0096529317205,386.0872568596611,388.1982292919003,40575900,0.0095805793870421,0.16859347504548042,7.85230746730317e-06,0.20312696940169278,0.76593739560091,True,0.9690643650026027
2022-01-04,385.6885070800781,391.34050919275626,382.5949902342351,391.30158862899646,58027200,-0.0130550839481807,0.16960179085363472,7.626908596500805e-06,0.1979639510580912,0.7715443059848752,True,0.9695082570429664
2022-01-05,373.8396911621094,385.124248665014,373.5867520579978,384.0054978200209,75739800,-0.031202994938909,0.1811903221132009,7.577836223548276e-06,0.19953219767413596,0.7719545973233461,True,0.9714867949974821
2022-01-06,373.5770568847656,376.8165184216376,369.7928558939074,372.0205905872242,70814300,-0.0007027787077012,0.2765725150058633,7.4287064163616595e-06,0.19912043926572137,0.7753001307110927,True,0.974420569976814
2022-01-07,369.53021240234375,375.2697937191011,367.7597273766498,373.58682801623934,72652300,-0.0108917908797447,0.24686660249335537,7.391045255085667e-06,0.1970411064214871,0.7768633257095917,True,0.9739044321310788
2022-01-10,369.7732849121094,370.28890060692953,359.2669916887858,364.6271624010825,91770500,0.0006575716722762,0.23456129112040938,7.373019588491398e-06,0.19629051296805397,0.7773870304743572,True,0.9736775434424112
2022-01-11,375.328125,375.4934854420192,366.96198507841575,369.0437750740555,68295700,0.0149105690275947,0.21110236091140316,7.341282167586774e-06,0.19543777967132375,0.7778483316160126,True,0.9732861112873363
2022-01-12,376.8165283203125,379.5890322281386,374.54016512828366,377.8963290691743,54576400,0.0039577633280789,0.21789330956985153,7.319803140169176e-06,0.19592064279488217,0.7775891268958101,True,0.9735097696906923
2022-01-13,367.3899536132813,378.8787912268791,366.4560680740918,378.1978150849097,77994000,-0.0253345788494051,0.19862310231697972,7.338994872547941e-06,0.19551763634660402,0.7773992332372136,True,0.9729168695838176
2022-01-14,369.6761169433594,370.006867509756,364.6661409463367,364.8704516363952,80121200,0.0062034348150271,0.25408926660201514,7.294276625765675e-06,0.1966231411687263,0.7781183102847876,True,0.974741451453514
2022-01-18,360.4732971191406,365.9891209009165,359.71450953046275,363.8684106771356,75450900,-0.025209380484785,0.23204670770273048,7.251124302061713e-06,0.1954272406664367,0.7789465956878165,True,0.9743738363542532
2022-01-19,356.5140380859375,364.5007689267913,356.25136140354783,362.029832788458,81791500,-0.0110442655907498,0.27476179230865094,7.218919126729946e-06,0.19721675108154715,0.7783151317046266,True,0.9755318827861738
2022-01-20,351.88348388671875,363.70307408651166,351.3484523152494,359.734037581992,88610700,-0.0130735074830591,0.25782156516369953,7.20648374171031e-06,0.19613585755233004,0.77896341912242,True,0.9750992766747499
2022-01-21,342.12615966796875,352.33088555988303,341.8440376029221,349.6945894956713,143388900,-0.0281205521579561,0.24930762520597555,7.293772141514672e-06,0.19750069235495826,0.7776110060410724,True,0.9751116983960306
2022-01-24,343.6924743652344,344.3540052512428,325.06323854930025,336.5034508180747,198685800,0.0045677307173004,0.3001804603527051,7.211800518106798e-06,0.1992975585406234,0.7773728855184744,True,0.9766704440590978
2022-01-25,335.72515869140625,341.4841848912907,332.3884402994016,337.2427637902628,124398400,-0.0234544425256752,0.26955310211410594,7.194295258040648e-06,0.19774922403144307,0.7782701699917156,True,0.9760193940231587
2022-01-26,335.1998291015625,347.17507067851926,331.512885404934,343.3130289963466,146559500,-0.0015659863822568,0.29320933143797084,7.1607183318044446e-06,0.19825162416814698,0.7783937488336158,True,0.9766453730017628
2022-01-27,331.8241577148437,341.717578860409,330.8026935247298,339.89843625241,95255700,-0.0101216756000101,0.26194683817064435,7.134320984361529e-06,0.1958004590103626,0.7800930529257107,True,0.9758935119360733
2022-01-28,342.2332458496094,342.447264423983,328.7599022902496,333.7017452516599,108167900,0.0308873268432374,0.24546070771790945,7.133147207346678e-06,0.19499400199386632,0.7803649962068598,True,0.9753589982007261
2022-01-31,353.1772766113281,353.7609662648605,341.960822389806,343.5951593572345,94326400,0.0314776208943368,0.3098642240439049,6.642042756256006e-06,0.1918042636990552,0.7877302600405265,True,0.9795345237395817
2022-02-01,355.580078125,356.2318712803387,349.37360008983933,354.51972302915703,74433000,0.0067803478947039,0.3548952361152764,6.585957952658267e-06,0.19303692129668865,0.7879081979048531,True,0.9809451192015417
2022-02-02,358.4693603515625,360.0355938288942,354.3835919735696,359.704843271225,78777100,0.0080927113434704,0.320655357971161,6.583460750939158e-06,0.19195516291420792,0.7884616286040527,True,0.9804167915182606
2022-02-03,343.9356689453125,352.0877908082691,342.8753135993525,348.78025519641074,95384800,-0.0413885591381774,0.29277412387842405,6.5594418326870856e-06,0.1897838350581237,0.790203843818391,True,0.9799876788765147
2022-02-04,348.2742919921875,351.57208895549786,342.3985353311194,344.4511417789402,86318300,0.0125357336863193,0.3911260805190203,6.389650643364045e-06,0.19168267765898786,0.7912314617724345,True,0.9829141394314224
2022-02-07,345.47265625,351.2316520904139,344.2177279914136,348.86774024734893,58198100,-0.0080768671627165,0.36060534192375787,6.395907009349498e-06,0.19137286809741194,0.7911977664940228,True,0.9825706345914348
2022-02-08,349.3542175292969,350.4437559095644,343.2060741689936,344.3345331164691,64720900,0.0111728599009029,0.32750211862793976,6.3569496080233125e-06,0.18789222174433814,0.7940785963463987,True,0.9819708180907368
2022-02-09,356.7572326660156,356.8350441003599,352.27258059296145,353.86799703006915,55766400,0.0209691724877643,0.30413059170544327,6.406283197856498e-06,0.18848702219796967,0.7930823463199468,True,0.9815693685179164
2022-02-10,348.68292236328125,356.52373803272644,346.84433406588846,349.74327756855774,112468500,-0.022892552590627,0.3097592902360196,6.437833363309607e-06,0.19004533069175894,0.791748893282139,True,0.9817942239738979
2022-02-11,337.6221008300781,350.2783183711059,336.3963555781641,348.6829020313012,101569100,-0.0322357522036325,0.3220934863185615,6.157543330157646e-06,0.19087242953326738,0.7937206670679973,True,0.9845930966012646
2022-02-14,338.0404968261719,341.4356114541592,334.53841742868593,337.0676903962711,80254400,0.0012384762780235,0.36634496181164455,6.245493020378113e-06,0.1919073755023194,0.7928015911496404,True,0.9847089666519598
2022-02-15,346.44549560546875,346.67895960611054,342.252703030362,343.31305828353123,55128800,0.0245598050159372,0.3276741202062109,6.390197152465473e-06,0.1904560345950975,0.7926219908285289,True,0.9830780254236264
2022-02-16,346.3578796386719,347.37931413168127,341.17280668796377,344.19824898721663,58947100,-0.0002529316986456,0.34003582051080933,6.4676645903380886e-06,0.19071834884015218,0.7920841751983121,True,0.9828025240384642
2022-02-17,336.0559387207031,343.8480967760415,335.6376094608696,343.1476750723119,61801400,-0.0301949443244378,0.3044748410985397,6.600301833097585e-06,0.1896589881392156,0.7917077289276055,True,0.9813667170668212
2022-02-18,332.2229919433594,337.37885195183105,329.91744643602993,336.9897354830625,80001500,-0.0114712244618453,0.34490441115749204,6.5821728848955905e-06,0.18985479388127463,0.7921628268550643,True,0.9820176207363389
2022-02-22,328.8862609863281,334.6842065016989,325.2577133684791,329.2851150350076,85967100,-0.0100944262265028,0.31910907743717454,6.6618831795493176e-06,0.18902793213067792,0.7920766937698392,True,0.9811046259005172
2022-02-23,320.4618225097656,332.8748090871975,320.1505174094211,332.038210028671,86215400,-0.0259488289744159,0.2947983641686277,6.7632713191210765e-06,0.1890388148533349,0.7912768214032193,True,0.9803156362565542
2022-02-24,331.2307434082031,331.7658045821459,309.60528254944063,310.1694970315348,130614100,0.0330520917720499,0.32053982811397835,6.7273614627590876e-06,0.1886715402966328,0.7921375588420164,True,0.9808090991386492
2022-02-25,336.3671569824219,336.571467640058,328.2150667421436,332.0284500570756,78842100,0.015388049980341,0.36823228475501973,6.641882855641456e-06,0.18913791607292244,0.7928619210790742,True,0.9819998371519966
2022-02-28,337.36920166015625,339.0619047530669,332.0382423149123,333.1958841481367,77515500,0.0029745920751869,0.34668152764806504,6.611077492989425e-06,0.18777723042219566,0.7939287653241702,True,0.9817059957463659
2022-03-01,332.20361328125,338.6144032240385,329.68404853136684,336.3477776117557,67407000,-0.0154298106138568,0.31190907364776443,6.597102804246037e-06,0.1864913374315923,0.7946877263614113,True,0.9811790637930036
2022-03-02,337.7778015136719,339.11054138217366,330.9876029156235,333.75036921925533,70609000,0.0166402133897874,0.3000937145216306,6.618438713941382e-06,0.1863712300418196,0.7945340160890898,True,0.9809052461309093
2022-03-03,332.9526672363281,340.5210984604028,331.09460378869966,340.41407433832154,71089400,-0.0143879478886963,0.2937251997296953,6.563407352111024e-06,0.18631525952843928,0.794808937009455,True,0.9811241965378943
2022-03-04,328.1274719238281,332.0284337216448,325.81221844037054,330.5984076269794,76936300,-0.0145981726464337,0.2826511448464421,6.542548201332436e-06,0.18668352774724575,0.794463385127716,True,0.9811469128749617
2022-03-07,316.0258483886719,329.2754954686106,315.82156737304103,328.1178535672142,89933800,-0.0375781578597448,0.27395047040124676,6.5503573003818955e-06,0.18709532010947977,0.793922926085017,True,0.9810182461944967
2022-03-08,314.5568542480469,324.14870801818853,311.2395819280208,315.2378006965065,116153900,-0.0046591725141787,0.3583253386050372,6.270117021116209e-06,0.18566042955775122,0.7980050345053806,True,0.9836654640631318
2022-03-09,325.8803405761719,327.2325554489857,320.1407899136627,322.7284579772235,64723400,0.0353654241130458,0.32394265983739895,6.284208399987464e-06,0.18620639709286435,0.7971558967519231,True,0.9833622938447875
2022-03-10,322.261474609375,323.46777439300604,317.8254810506982,321.82372966537287,69362700,-0.011167011566378,0.38139455105385095,6.312841284450047e-06,0.1892852167581637,0.7956676927782875,True,0.9849529095364512
2022-03-11,315.57830810546875,325.5398632369939,315.0919050320362,325.2285581449521,66228400,-0.0209563946015403,0.35060659017350665,6.314241053869438e-06,0.1881038761521739,0.7963429330276718,True,0.9844468091798457
2022-03-14,309.51776123046875,317.70877279649835,308.81733958006123,314.3428716623377,79802600,-0.0193913770414978,0.34678543310863624,6.33157957366301e-06,0.18810908651238956,0.7962282320062849,True,0.9843373185186745
2022-03-15,319.22637939453125,320.0046422422392,310.54896387835566,312.15408832569585,76471000,0.0308850270450572,0.33938225596593474,6.298646247845464e-06,0.18803204800668993,0.7963883345418917,True,0.9844203825485817
2022-03-16,331.0653686523437,331.1821006306383,319.4695072428963,323.13700512453204,105243000,0.0364153398800437,0.3728268969170647,6.2735626909578565e-06,0.18886786850903267,0.7962740379657066,True,0.9851419064747393
2022-03-17,335.0733337402344,335.1316997309201,327.8745745746981,329.16839361847946,67810000,0.0120335703012989,0.42033290811287216,6.201766201886661e-06,0.1909673949632703,0.7954773245310246,True,0.9864447194942949
2022-03-18,341.9316711425781,342.2235308402903,332.2619743080111,333.4196161605784,85446300,0.0202615105650024,0.3857245837954875,6.20394257862675e-06,0.19061611410672424,0.7954225982720485,True,0.9860387123787728
2022-03-21,340.98101806640625,343.31866317461163,336.5979780751096,341.0979241013304,73799100,-0.0027841148810371,0.37357021711865784,6.2415770869227736e-06,0.19145995644956798,0.7943572825276852,True,0.9858172389772533
2022-03-22,347.6822509765625,348.54913327087644,341.09797022303843,341.4778182836281,63345900,0.0194621805242491,0.3359403820408752,6.111546322994644e-06,0.18711771111918415,0.7982979897348449,True,0.9854157008540291
2022-03-23,342.6855163574219,348.3640045280012,342.6270782050995,344.80887821456724,70615500,-0.014475826104743,0.332884228321301,5.777902080306982e-06,0.18448859704966022,0.8031542159043104,True,0.9876428129539706
2022-03-24,350.3022766113281,350.3509948884147,342.4517676660401,344.60431889958267,53555300,0.0219832645562854,0.3159492891422471,5.8708856025336215e-06,0.18475321065216907,0.8021843964248508,True,0.9869376070770199
2022-03-25,350.0100402832031,351.29573893041794,345.7146582511813,350.2437928647377,57584200,-0.0008345886200708,0.3225517826133739,5.904004276591898e-06,0.18509828494196803,0.8017951145520948,True,0.9868933994940629
2022-03-28,355.42559814453125,355.5230049812949,348.7633807065235,350.0003613326816,56833900,0.0153540988243329,0.29076310773293496,6.001762521202564e-06,0.18503301187230722,0.8009655271937152,True,0.9859985390660224
2022-03-29,361.5423889160156,362.1657391948954,356.5457181859745,359.3119000706168,68073000,0.0170633537170243,0.2826718200311165,6.100145275239879e-06,0.18595201412926166,0.7995232422612404,True,0.985475256390502
2022-03-30,357.5488586425781,361.3377668436382,356.0683760840521,359.6819401243969,68757700,-0.0111072728092107,0.2811335736599342,6.124743896723557e-06,0.18598554442564827,0.7993828883968215,True,0.9853684328224698
2022-03-31,353.1172180175781,358.04570099587806,352.2795548521229,357.69504231226585,67011400,-0.0124719561420615,0.26606062152367754,6.027834695944646e-06,0.18609153169973514,0.8001237896723646,True,0.9862153213720998
2022-04-01,352.4450378417969,354.1592728624292,349.2697601139263,353.38007782799497,54527800,-0.0019053751063326,0.25520273602782273,6.178224716779091e-06,0.18640237501594942,0.7988199328182963,True,0.9852223078342457
2022-04-04,359.7014465332031,359.7111961332405,353.0197602734761,353.2827319549708,45950200,0.0203796831133288,0.23097510476843017,6.348288092316974e-06,0.1869988439108433,0.7970590756017083,True,0.9840579195125516
2022-04-05,351.7145690917969,358.9611966423126,350.5749657641546,358.2501595469128,62738700,-0.0224544088000388,0.2525626969756234,6.377408636901849e-06,0.18601666619666324,0.7979440142235842,True,0.9839606804202474
2022-04-06,344.0783386230469,347.5068387031979,341.44850312291874,346.4062040659175,90077100,-0.0219506033899331,0.27613120981061745,6.40690530119732e-06,0.1860334137402174,0.7981120410020679,True,0.9841454547422853
2022-04-07,344.89654541015625,347.08806535874953,339.627153877945,343.08487346263547,63777400,0.0023751436829334,0.29167154881822627,6.476692881103592e-06,0.18619457224223812,0.7977470100032144,True,0.9839415822454525
2022-04-08,340.0751037597656,343.91270010087345,339.4420041015836,343.16272416418195,61956100,-0.0140780170575642,0.26368172195409234,6.56799136708328e-06,0.1851156542935682,0.7977697100747796,True,0.9828853643683477
2022-04-11,332.0299377441406,336.7636071517967,331.6890286539163,335.8480363263463,66107400,-0.0239413478487263,0.2574595347394727,6.6333196935477015e-06,0.18487635485407097,0.7975350535518523,True,0.9824114084059232
2022-04-12,330.62725830078125,338.6530803118143,329.2539024951172,336.77325069335205,72790200,-0.0042335057906235,0.2852772402575766,6.609021311058344e-06,0.18471324447031517,0.798178658181128,True,0.9828919026514431
2022-04-13,337.3480224609375,338.3999391002266,330.24748854145,330.9682456882889,61367800,0.0201234720873532,0.25940963127183436,6.6498322988901955e-06,0.18355761506491625,0.7985910571442436,True,0.9821486722091599
2022-04-14,329.6338195800781,337.9518637748371,329.41953643655626,337.43564025513336,73519400,-0.023132704355181,0.2724139399167917,6.6177846746446e-06,0.18319397298772716,0.7992223736856431,True,0.9824163466733702
2022-04-18,329.8871154785156,332.17604260732804,327.0624952815199,328.58194696609405,58560600,0.0007681209114882,0.2929609852996982,6.5740783313948035e-06,0.1832743553093964,0.7996699717431537,True,0.9829443270525501
2022-04-19,337.2603759765625,337.8350377368867,328.2215733741881,329.2442709651318,56515700,0.0221047394065561,0.2648930649590434,6.55556034761428e-06,0.18177535734666891,0.8006722567236201,True,0.982447614070289
2022-04-20,332.341552734375,338.526514901853,331.1240416669341,338.06872955151954,65500000,-0.0146920476505777,0.28344061957657757,6.464900947375195e-06,0.1813493979338615,0.8017445575062759,True,0.9830939554401374
2022-04-21,325.46502685546875,338.82842846347995,324.5397363520494,336.2180920752476,75801000,-0.0209082018885904,0.2754094458990465,6.4012132351900145e-06,0.18029796328293413,0.8028325916178158,True,0.98313055490075
2022-04-22,316.9424743652344,326.83840786440084,316.5139080925797,325.6208967999029,82562100,-0.0265347229691989,0.2873330176730232,6.4608985884504324e-06,0.18166087072012627,0.8016783383837989,True,0.9833392091039251
2022-04-25,321.0138854980469,321.3255755238997,314.0497268248548,315.3159564082332,101755900,0.0127640906672955,0.3165364301366193,6.292061837022175e-06,0.18094627628306553,0.8035227475851108,True,0.9844690238681764
2022-04-26,308.8971862792969,319.14374885707394,308.6244352611816,318.95868479443385,105819600,-0.0384758881547574,0.2988665077650412,6.157947757721219e-06,0.17879052036188214,0.805772645970331,True,0.9845631663322132
2022-04-27,308.52703857421875,314.48796770473507,306.8127735656662,308.99454377699504,111204200,-0.0011990062408391,0.3760081458200363,5.929623967452704e-06,0.1801197111239233,0.8068607504961918,True,0.9869804616201151
2022-04-28,319.4846496582031,321.3157910363892,309.26727669681173,313.48475162677266,99450000,0.0348997429730204,0.3392407351661784,5.79788290690125e-06,0.17753424966374565,0.8092451284859619,True,0.9867793781497075
2022-04-29,305.1083068847656,318.72496285370096,304.47520700530265,315.28671241202,91977900,-0.046042409662212,0.3872620093489741,5.710079830610938e-06,0.17896074658014072,0.8089902822587736,True,0.9879510288389143
2022-05-02,310.20233154296875,310.43608414182137,301.6018172427122,304.69915807506743,115511800,0.0165579488584123,0.4706778856663509,5.643532886911129e-06,0.18271673335429908,0.8069596792215492,True,0.9896764125758483
2022-05-03,310.5334777832031,312.8224042977626,307.76729649145034,310.221787848372,78185500,0.0010669475376583,0.43843736052316934,5.609293340504433e-06,0.18186021024030796,0.8074354356730284,True,0.9892956459133364
2022-05-04,321.0333557128906,321.705424266024,305.7316834384654,311.0107952993053,116083400,0.0332533151007119,0.39478785767871877,5.628510527306511e-06,0.1797027430300601,0.8086931691440793,True,0.9883959121741394
2022-05-05,304.8647155761719,316.7963218567089,301.57256149551785,316.71841424136176,154607400,-0.0516769068900976,0.4222422243312974,5.613279874473391e-06,0.18167501944124104,0.8072512202856188,True,0.9889262397268599
2022-05-06,301.21221923828125,306.90042702253174,297.17980856751376,302.8680460761537,139572800,-0.0120530590965683,0.517258116609316,5.518500140312825e-06,0.1805444866473546,0.809407753144888,True,0.9899522397922426
2022-05-09,289.4267272949219,301.3096472968291,288.03390175661394,295.5922200348363,113387300,-0.0399128995265309,0.4746094544699919,5.57987589688005e-06,0.18327259721257363,0.8064869996978105,True,0.9897595969103841
2022-05-10,292.94287109375,297.8129146763731,288.86177219356085,296.59540378071733,124124600,0.0120754467074155,0.508873143475038,5.660380952478126e-06,0.18758524895785358,0.8026836457126549,True,0.9902688946705085
2022-05-11,284.2547912597656,296.18640185676054,283.3879386812416,290.6832567915973,140326100,-0.0301066225202152,0.46455755211267075,5.813736188744333e-06,0.19008232530766,0.7994218332367313,True,0.9895041585443913
2022-05-12,283.5827331542969,288.06318079540245,277.5341451872231,279.9789174506668,120910900,-0.0023670799845822,0.46795126524482417,5.763117596594642e-06,0.19173945949527713,0.7992293984214245,True,0.9909688579167016
2022-05-13,294.0921936035156,295.12464046282736,286.43646965166005,288.03385821097976,83684900,0.0363893935678858,0.4196667326758434,5.811903395088494e-06,0.1909904929692739,0.7992140464168885,True,0.9902045393861625
2022-05-16,290.6832275390625,294.40394878669343,289.4072782183106,292.3487744870589,59190400,-0.0116591927707663,0.45464622333898663,5.750654064912334e-06,0.1913365558069615,0.7996744379061881,True,0.9910109937131496
2022-05-17,298.2123718261719,298.5922199090593,292.7384158515025,296.53707502676514,62715300,0.0255717807244422,0.4156659923503315,5.791947390862441e-06,0.19076220370725339,0.7996013112722871,True,0.9903635149795404
2022-05-18,283.57293701171875,294.3941605391823,282.3164573337348,293.70262261227504,79477100,-0.0503365263320763,0.4135211141222723,5.79417862182279e-06,0.19075620034972157,0.7995541874927697,True,0.9903103878424913
2022-05-19,282.0534973144531,286.73850768800816,280.1054794237619,281.77105612186665,79920700,-0.0053726037537238,0.5123377051180237,5.644333483823875e-06,0.19221123963446246,0.8003486109034442,True,0.9925598505379067
2022-05-20,281.1768493652344,286.1637695964297,272.9269937542438,285.51120035510417,91764200,-0.0031129311916684,0.4606439363568287,5.660589745268785e-06,0.1909244592472517,0.8009726541323646,True,0.9918971133796164
2022-05-23,285.85211181640625,286.23195978971927,279.8229949982693,282.2190483107968,63648400,0.0164907569876557,0.4138903830624151,5.680222761369495e-06,0.19008050151816117,0.8011216843124447,True,0.9912021858306058
2022-05-24,279.7742614746094,281.35215088037694,274.91396736497427,280.6411435224921,73491100,-0.0214915165421552,0.3887030552054982,5.796404699174511e-06,0.19107684382710635,0.7996184399664754,True,0.9906952837935817
2022-05-25,283.6898193359375,285.76446288510164,278.07951900291783,278.28405253294534,67144500,0.0138983868664889,0.3801481287136437,5.754018419405101e-06,0.19049149952409736,0.8001155553523194,True,0.9906070548764168
2022-05-26,291.5500793457031,293.09877969872235,282.6086845203276,282.8911554322837,59462200,0.0273303339641812,0.3548015558632583,5.7903015139011475e-06,0.19051280052239253,0.7995339986534781,True,0.9900467991758706
2022-05-27,301.06610107421875,301.2121964372333,294.5597299632836,294.6766062536952,66985600,0.0321180557175874,0.37175743149502477,5.737946939924081e-06,0.19034199422114637,0.8000286508784061,True,0.9903706450995525
2022-05-31,300.2674255371094,303.23814042662764,296.42007896599904,301.03690079620924,60968300,-0.0026563495012296,0.4023008211005131,5.702990574693935e-06,0.1910802413952164,0.7997823929486187,True,0.9908626343438351
2022-06-01,298.0467224121094,304.523875630762,295.8357329172192,302.40054336965414,65341700,-0.0074232352022728,0.36185518741983574,5.705937195190521e-06,0.18946065791719544,0.8007272289196035,True,0.9901878868367989
2022-06-02,306.2088928222656,306.3842072732837,295.5142654443154,296.92659010109287,59291300,0.0270172644970005,0.3307791288103307,5.607645170481314e-06,0.1858171091984787,0.8040122212499452,True,0.9898293304484239
2022-06-03,298.2414855957031,302.40049218011103,296.9947556078543,300.99791722823267,60914700,-0.0263640126368957,0.35325896140154117,5.39924196927331e-06,0.18315574654415887,0.8081725379623284,True,0.9913282845064872
2022-06-06,299.23504638671875,304.231717316258,297.6766260407056,302.6732969702448,51785000,0.0033258601925741,0.36671894448558656,5.36854855044238e-06,0.18341168359587284,0.8082395356014549,True,0.9916512191973277
2022-06-07,301.8161315917969,302.59535654257195,294.8227548582987,295.9136400649913,44900300,0.0085886232841835,0.3319284644665416,5.416085575566738e-06,0.1832416754274248,0.8077707248373136,True,0.9910124002647385
2022-06-08,299.64404296875,303.6179852830129,298.7966304532307,301.01736904269234,38342100,-0.007222749427886,0.30613841228596006,5.468705640381634e-06,0.18293414926034393,0.8078113504717416,True,0.9907454997320855
2022-06-09,291.61822509765625,301.0174039542495,291.4526602494023,297.95903181749986,55900500,-0.0271497482261238,0.280948216186505,5.6080963475641275e-06,0.18395429268165847,0.806083567324109,True,0.9900378600057675
2022-06-10,281.3327331542969,287.2060057585249,280.88469737349953,286.01771368601544,85963500,-0.0359074259285719,0.31591079662068433,5.4449093087486234e-06,0.182636745498479,0.8084709595471752,True,0.9911077050456542
2022-06-13,268.2517395019531,275.0016126557796,267.39460709047296,272.47893369094703,94442000,-0.0476122064681472,0.3770667435924439,5.314091999783514e-06,0.18300139180149627,0.8095988508118352,True,0.9926002426133316
2022-06-14,268.73876953125,271.41729371088064,266.2355598004326,270.44328491828765,64697500,0.0018139246584236,0.4732742839442962,5.2645574405795655e-06,0.18652434782894223,0.8079572729215198,True,0.994481620750462
2022-06-15,275.44970703125,279.37496173778936,269.4205895185,272.1575818938242,86051400,0.024665269539647,0.42641753984659125,5.256118716655165e-06,0.18535735567585981,0.8086188735906317,True,0.9939762292664915
2022-06-16,264.33624267578125,268.884846785,262.2810688052266,268.42706149435605,81910300,-0.0411831210718673,0.42048581645890615,5.271365261796784e-06,0.18579364302843074,0.8081231462345174,True,0.9939167892629481
2022-06-17,267.55047607421875,269.9854980416754,263.47912647848466,265.1057045070877,82703400,0.0120863048940204,0.4737206176695298,5.245713478986782e-06,0.18622624341781463,0.8085193450159691,True,0.9947455884337837
2022-06-21,274.3006591796875,276.6135225102179,271.9195365844866,272.026869215321,51633700,0.0249165569349432,0.4350600009821154,5.257486934198914e-06,0.18597305550119497,0.8083962896802807,True,0.9943693451814757
2022-06-22,273.9005432128906,278.3017464295533,271.2071020260493,271.8023751623008,67472900,-0.0014597415551055,0.4281331927934414,5.2682140407139555e-06,0.1856565243565348,0.8085667194902053,True,0.9942232438467401
2022-06-23,277.9797668457031,278.8287787279244,273.5492578418302,276.37930737641136,57457800,0.0147832703917192,0.38615841522591965,5.343458158549919e-06,0.18667960478979612,0.8070220043193925,True,0.9937016091091886
2022-06-24,287.5043334960937,287.92398502775217,280.5658327618819,280.80003470957627,58422300,0.0336896032423016,0.3623872192479679,5.455715833532974e-06,0.1885220270892951,0.8047112148417742,True,0.9932332419310693
2022-06-27,285.3964233398437,289.42678703662733,284.2643977545866,288.8607891347618,54151500,-0.007358760285343,0.402520828282263,5.26966449216644e-06,0.18723252249468608,0.8075199238474495,True,0.9947524463421356
2022-06-28,276.70135498046875,288.5192616412146,276.5159351758475,285.9331824998259,61609800,-0.030940389157691,0.3663466984365327,5.354155726975356e-06,0.18733612722569337,0.8066995638974134,True,0.9940356911231067
2022-06-29,276.955078125,278.45794354155225,274.06647805469794,276.56473159358586,57302700,0.0009165364913022,0.3938607540919612,5.356115881604149e-06,0.18817075913440817,0.8062757330375122,True,0.9944464921719204
2022-06-30,273.52001953125,277.09174879307614,269.1285535213624,273.9786849502108,79313600,-0.0124805034638973,0.3547225118391173,5.475172517349065e-06,0.18863144400063664,0.8049312867680132,True,0.9935627307686499
2022-07-01,275.3253479003906,275.71569439598346,270.3483481823784,272.22205305536403,56675100,0.0065786649111243,0.331677072623812,5.500884717716505e-06,0.18898851158749025,0.8045606335785559,True,0.9935491451660461
2022-07-05,280.0389099121094,280.1560109115957,270.07516945200547,271.59754200839905,61829300,0.0169750758372759,0.30216198778617415,5.639333454458332e-06,0.18960124628803743,0.8030317967493869,True,0.9926330430374243
2022-07-06,281.8344421386719,283.93261027210065,278.70187223129227,280.4194324508901,63194700,0.0063912564353523,0.2971961871309675,5.7006835769774235e-06,0.18997923097676528,0.8023995316291405,True,0.9923787626059057
2022-07-07,287.86541748046875,288.56805306343966,282.64444764131935,282.64444764131935,56620100,0.0211732565802182,0.2714310066059469,5.845191390725706e-06,0.19069771025997,0.8007396526243764,True,0.9914373628843465
2022-07-08,288.2265319824219,289.5927597706103,284.09854359020363,285.0353812475997,59895500,0.0012536698337353,0.2867597058841117,5.815263768459105e-06,0.1900615717893338,0.8016357552896279,True,0.9916973270789617
2022-07-11,282.06866455078125,286.0404777553998,281.1903775698088,285.81604417604984,55273900,-0.0215962077220349,0.25903500133227975,5.925318134388864e-06,0.1902742273867423,0.8005756280866244,True,0.9908498554733667
2022-07-12,279.336181640625,285.2305115091865,277.74549076739095,283.3177929939941,55797100,-0.0097345240476085,0.27902192106332446,5.8679493753657245e-06,0.1897227148196222,0.8016955062965815,True,0.9914182211162037
2022-07-13,278.760498046875,281.1026073001169,273.2662813527627,273.8323092060632,73939400,-0.0020630253462595,0.26140910959695024,5.896750433823233e-06,0.18859681068697576,0.802190537449729,True,0.9907873481367048
2022-07-14,279.755859375,280.62437810279306,273.0515309298952,276.16459414754115,63741800,0.0035643087930312,0.23740759120645039,5.9483804517134304e-06,0.1881434842528015,0.801987896549997,True,0.9901313808027985
2022-07-15,284.8304443359375,284.9378067555612,281.1318462068161,282.7420740304533,63818100,0.0179767790587838,0.21721447605557911,5.9885432635894175e-06,0.1877265933581688,0.8017856314466085,True,0.9895122248047773
2022-07-18,282.4200439453125,289.0170111026838,281.2490042472601,287.61173963979365,59519600,-0.008498590827902,0.2344135471547058,5.842916832745401e-06,0.18521177545819678,0.8047553383753328,True,0.9899671138335295
2022-07-19,291.10528564453125,291.3980678086759,284.4400316269964,286.0404609545284,55172600,0.0302895278301708,0.2215507346601276,5.808371581150198e-06,0.18401218650751208,0.8056576419298378,True,0.9896698284373499
2022-07-20,295.72125244140625,296.90206024914977,290.7442528094692,291.5249755686812,67769400,0.0157322878332363,0.2889030528053451,5.422160650433372e-06,0.1790249096455961,0.8126067312209212,True,0.9916316408665173
2022-07-21,299.96636962890625,300.0249201186976,293.5255477180764,296.17994578756554,55049400,0.0142530712282146,0.283211270120842,5.344889276165158e-06,0.1774545311412392,0.8141431716972948,True,0.991597702838534
2022-07-22,294.706298828125,301.1080759178699,292.8814060911661,299.03921292663256,57127700,-0.0176911039244662,0.2749859867770385,5.271756192805966e-06,0.17589633283336703,0.815605751134354,True,0.991502083967721
2022-07-25,293.0278625488281,295.20408853441734,291.02731782839834,294.7356547965479,40582400,-0.0057115646917209,0.2771346984081157,5.182138558169538e-06,0.17450829750721253,0.8170876682735247,True,0.9915959657807373
2022-07-26,287.2701110839844,291.58351859643307,286.4601428848884,291.32977998348684,50074100,-0.0198447717642333,0.2557007830509506,5.124126099038248e-06,0.1728046348040599,0.8183954159023225,True,0.9912000507063823
2022-07-27,299.4100952148437,301.09838033677926,291.2614816025357,291.82750935090854,69304400,0.0413912628145465,0.26827709054869436,5.062260896796443e-06,0.1721893339950707,0.8192351569169324,True,0.9914244909120031
2022-07-28,302.3377380371094,302.9135043443742,295.4480194701381,299.1953995289404,55139900,0.0097305408025978,0.368742404734251,4.930196827699988e-06,0.17416777027626637,0.8195076193030614,True,0.9936753895793278
2022-07-29,307.8514404296875,308.7590324776936,302.45481919119555,303.8796270258373,57501000,0.018072599972638,0.34094759162045035,4.881312918750613e-06,0.17244567896773694,0.8207271606187286,True,0.9931728395864656
2022-08-01,307.66607666015625,311.12070468792047,304.99217151576033,306.0851537709431,46358800,-0.0006023021928322,0.33266506825544767,4.890964941321007e-06,0.172382630326634,0.8204514503836972,True,0.9928340807103312
2022-08-02,306.7487487792969,310.8669689606227,304.318813928994,305.37278238610025,48676500,-0.0029860235283336,0.3028972241900672,4.90823828112274e-06,0.17131593339150186,0.8208448408936222,True,0.9921607742851241
2022-08-03,315.1022644042969,315.9220009590145,308.36866095210183,308.4272114359011,53735700,0.0268682304175064,0.2767184735796602,4.998680295948019e-06,0.17202095588465785,0.8193549387232237,True,0.9913758946078816
2022-08-04,316.5758056640625,316.8880947466427,313.0333526987041,315.1803029145353,38973700,0.0046654902313186,0.3089871232854606,4.945857939794695e-06,0.1719500991609,0.8199329510080181,True,0.9918830501689181
2022-08-05,313.9897155761719,316.0195349770357,310.7107696713476,311.491462568251,53894000,-0.0082024928426929,0.28412289275978253,4.916264380795997e-06,0.1721899116758181,0.8203140314765952,True,0.9925039431524133
2022-08-08,312.97479248046875,318.59587666591256,311.51097095563654,314.9070476145964,43878500,-0.0032375803388869,0.2649984815165073,4.948199497331699e-06,0.17194944232493653,0.8200912608027583,True,0.9920407031276948
2022-08-09,309.432373046875,311.3353531473063,307.81243659216807,311.0816145255079,39764200,-0.011383087728969,0.2428170125526497,5.024146812889521e-06,0.17256414123411104,0.8187790999480989,True,0.99134324118221
2022-08-10,318.0690002441406,318.36178251712863,314.2923441967237,316.7613228130929,51459600,0.0275287767809422,0.23483696451236916,5.048103409604946e-06,0.17287467379805235,0.8184478828924507,True,0.9913225566905031
2022-08-11,316.2635498046875,322.39208223187165,315.56091418583384,320.3915377881437,45897700,-0.0056924567867096,0.2822232611607625,4.887302504212135e-06,0.17124989401759066,0.8211298628190016,True,0.9923797568365922
2022-08-12,322.42138671875,322.6165450793937,317.25896710802823,318.3129056437859,40928400,0.0192834600524987,0.26049217040817235,4.91594156036877e-06,0.17080683078371048,0.8209930000779971,True,0.9917998308617076
2022-08-15,325.0270080566406,325.5247170262433,321.45527909341536,321.474815778675,38266600,0.0080489361811104,0.2701870801892065,4.8124164148118806e-06,0.1686176334571889,0.8234565049244298,True,0.9920741383816187
2022-08-16,324.2658386230469,326.35423890952364,321.2210937184744,324.05114354482527,41186900,-0.002344611637655,0.25350837036636914,4.8073862865959245e-06,0.16723949389399073,0.825009454749854,True,0.9922489486438447
2022-08-17,320.5671691894531,323.436261971791,318.4885377061749,321.1331968983646,47842200,-0.0114718382952334,0.2328929342365973,4.836982002695457e-06,0.167883010488628,0.8239340951293723,True,0.9918171056180003
2022-08-18,321.3381652832031,322.5189732145217,318.90823058794865,320.5184286363888,41937200,0.0024022123609365,0.22690172095570565,4.848596235688636e-06,0.16706694643096587,0.824459508061242,True,0.9915264544922079
2022-08-19,315.0729064941406,318.9569233628633,314.3117205509915,318.30309980967667,51770600,-0.0196899817846201,0.2095137873990311,4.89430641081999e-06,0.1657453888232527,0.825017229504052,True,0.9907626183273047
2022-08-22,306.7779541015625,311.0523178867668,305.9679859299243,310.8181159636958,51098900,-0.0266798518787634,0.2318296983381596,4.808533228525478e-06,0.16565426834785216,0.8257224119029186,True,0.9913766802507707
2022-08-23,306.5242919921875,309.354341526184,305.7728444052722,306.5437988949074,39497100,-0.0008272010267527,0.27497649024884563,4.75263083102891e-06,0.16668376804823312,0.8256182014188429,True,0.992301969467076
2022-08-24,307.41229248046875,309.22741689930655,305.44099374167973,306.0460352146257,38057100,0.0028928105279874,0.25218239452885743,4.843225475794169e-06,0.16905166164041,0.8228941523853204,True,0.9919458140257303
2022-08-25,312.84796142578125,312.8674981086766,308.1442369849633,309.1884071663571,38098300,0.0175275074280972,0.23293513573034272,4.6245108690033524e-06,0.16564381998754807,0.8273524126173484,True,0.9929962326048964
2022-08-26,300.02496337890625,313.7556210638775,299.9371376315557,312.5552762870163,69047700,-0.0418516438263617,0.24281741493442305,4.650241845448537e-06,0.16545393498896074,0.8276350026591998,True,0.9930889376481605
2022-08-29,297.0679626464844,299.81018609423813,295.9652122628593,297.2728893341187,48321900,-0.0099047393728099,0.35314732383371455,4.520666855821263e-06,0.16814845937634187,0.8276635562796778,True,0.9958120156560197
2022-08-30,293.7597045898437,299.3320068591553,291.2419445706575,298.71719702917835,51184500,-0.0111988412702887,0.32896959577308565,4.497883538756586e-06,0.16733521163643048,0.8282067630212412,True,0.9955419746576717
2022-08-31,292.0518798828125,297.55586271139987,291.94454727392224,296.6580391375333,50044000,-0.0058306444960195,0.30962202775876646,4.498716237018538e-06,0.16618180856198184,0.8291410774330956,True,0.9953228859950775
2022-09-01,292.1788024902344,292.5496420822986,285.8843871110546,289.5634482261889,57990700,0.0004344948433831,0.2861562128385384,4.502441662653215e-06,0.16579638914613756,0.8291643545943304,True,0.994960743740468
2022-09-02,288.0508728027344,296.4239205662124,286.440644964557,295.04792447226936,64666800,-0.0142288459488184,0.2625292897025123,4.513656988225449e-06,0.1650131119527825,0.8295015358808747,True,0.9945146478336573
2022-09-06,285.98193359375,289.44632923624584,283.85452002401945,288.52899865452224,57005400,-0.007208466640834,0.2584382769596108,4.478923449782353e-06,0.16364323425419966,0.830820253069565,True,0.9944634873237647
2022-09-07,291.7591552734375,292.7545432113645,286.19662144134224,286.46012838191547,49260400,0.0200000116453966,0.24234644124931773,4.551586614145265e-06,0.16529940280799305,0.8293631230627656,True,0.9946625258707587
2022-09-08,293.27178955078125,294.58923504644343,288.32409480360485,289.69032244366866,55649800,0.0051711372243166,0.2580504038123825,4.54674729886007e-06,0.1649459105329423,0.8298363941750337,True,0.994782304707976
2022-09-09,299.6833801269531,300.1810891122113,293.27183293928664,295.5261163242872,56125200,0.0216267293113934,0.23956044515610936,4.593063400779654e-06,0.16471784524282193,0.8295434558366563,True,0.9942613010794783
2022-09-12,303.2452697753906,303.5770657606081,300.747016654849,301.05930574029827,45905700,0.0118154315170795,0.26133038590923735,4.561877539095488e-06,0.1644721077972546,0.8301561997646281,True,0.9946283075618827
2022-09-13,286.6163024902344,295.7114920734445,285.7282470797957,294.5209158923819,79562200,-0.056397553113384,0.2521555541716329,4.635844313972913e-06,0.1649677335339992,0.8293573722864857,True,0.9943251058204848
2022-09-14,288.89013671875,289.7684239223224,285.9917680998876,287.75811085001067,54907200,0.007902069918312,0.4350024791483497,4.347104510873662e-06,0.16730654537919518,0.8317457263937603,True,0.9990522717729555
2022-09-15,284.0790100097656,289.37803753073274,282.4785506213726,286.9773782296725,65299400,-0.016794062345768,0.39986089738947417,4.293707509366484e-06,0.16495601495696716,0.8336607059367468,True,0.998616720893714
2022-09-16,282.3419189453125,282.7322654178717,278.7311470657045,280.78050327354885,79920400,-0.0061335887201999,0.3816333138718068,4.266351735694618e-06,0.1638147593599861,0.8345686348303448,True,0.998383394190331
2022-09-19,284.5406494140625,284.6970745912991,279.6427184448839,279.7013741569661,52613800,0.0077573085408946,0.3518415060728217,4.245038437271266e-06,0.16245267350652673,0.835526606898449,True,0.9979792804049757
2022-09-20,282.2726135253906,284.5602762442048,279.97516490765275,282.0379607966261,51271100,-0.008002804950513,0.32672938235789073,4.22938300001949e-06,0.1616705564160024,0.8359665154915297,True,0.997637071907532
2022-09-21,277.2181396484375,287.3757802061988,277.08128628170294,283.11327668494283,82931000,-0.0180686145775994,0.30449947426943,4.242469889216912e-06,0.16149574112029175,0.8357820655296262,True,0.9972778066499179
2022-09-22,273.8061828613281,276.6999734866087,272.58413937353527,275.6930108460692,62757100,-0.0123842097522109,0.30303703131230253,4.2570307689560875e-06,0.1615115397826289,0.8357073243451004,True,0.9972188641277293
2022-09-23,269.34820556640625,271.63586769229045,265.93623941777963,271.3425593161207,74815200,-0.0164155072540443,0.2896166254357144,4.280832949451377e-06,0.16190131991625054,0.8350681137573311,True,0.9969694336735817
2022-09-26,268.233642578125,273.2391277430711,267.4417608144934,268.878885095722,71176700,-0.0041465856376168,0.2865793470937629,4.296214356803076e-06,0.1619149539340272,0.835037557743875,True,0.9969525116779022
2022-09-27,268.3412170410156,273.94304548411566,266.0241974483463,271.5967278751962,69780100,0.0004009672179134,0.26488110996228925,4.3529871590004584e-06,0.16203696028508177,0.8344681334441636,True,0.9965050937292453
2022-09-28,273.6791076660156,274.9598069578421,266.8454494776389,268.32165784227294,79652100,0.0196969115668367,0.2434535455174173,4.419251788116598e-06,0.16298314932516794,0.8330548051619083,True,0.9960379544870763
2022-09-29,265.78961181640625,270.0716577150531,262.8273790808432,269.69036575980726,81216000,-0.0292512173546546,0.2582152041163974,4.356018568086176e-06,0.16200635000979938,0.8344029994006851,True,0.9964093494104844
2022-09-30,261.28271484375,269.0353524973825,261.12628967839305,264.9683877032516,78482400,-0.0171020430867093,0.303255471599898,4.226454074885502e-06,0.16103000771184342,0.8363830399847638,True,0.9974130476966072
2022-10-03,267.4124755859375,269.0060252619339,261.5466661292928,263.0522322436455,61267400,0.0231892990037289,0.29967497495196205,4.219025191084245e-06,0.1609026494568463,0.8364434050134755,True,0.9973460544703218
2022-10-04,275.82012939453125,276.52402769113763,272.7503415958443,272.7503415958443,66696900,0.0309566294476585,0.3132472731545667,4.136440502997136e-06,0.15984907684224373,0.8380768304981778,True,0.9979259073404215
2022-10-05,275.6734924316406,277.4625511231233,269.2602100468539,272.05623146486425,55766300,-0.0005317811867368,0.3496316547353944,4.090933687829241e-06,0.16020775777024474,0.8383931182979838,True,0.9986008760682286
2022-10-06,273.5031433105469,277.82427276832533,273.1805070928327,274.6762872643789,53489400,-0.0079040522813057,0.321183746206344,4.054792218049994e-06,0.1574967275954362,0.8406787802566519,True,0.9981755078520881
2022-10-07,263.0815734863281,268.9962530554361,261.75197442759656,268.8691557371326,71354700,-0.0388489652710642,0.3001513361700037,4.0654189467325446e-06,0.15777662520598829,0.8401776646428403,True,0.9979542898488285
2022-10-10,260.45172119140625,263.66814841441,257.74368321845105,263.2770705805112,60393000,-0.0100466367352198,0.3707304519117805,3.914794671151929e-06,0.15753142381146762,0.8421192631844836,True,0.9996506869959512
2022-10-11,256.87359619140625,261.6444597639264,255.19206279838767,258.7799963749924,66522500,-0.0138333924112033,0.34690017851796834,3.904695153937334e-06,0.15594028803847845,0.8433264274398437,True,0.9992667154783221
2022-10-12,256.7855834960937,259.4251797950677,256.0914710787955,257.50902376665675,50580200,-0.0003426890812205,0.3313582011005039,3.897588003467106e-06,0.154996486533005,0.8439990093665066,True,0.9989954958995116
2022-10-13,262.8078308105469,264.12764394193346,248.5734536032913,249.45333399672413,112894100,0.0231816525652876,0.30582180857646674,3.913184455199983e-06,0.15297438276634995,0.8454660633622377,True,0.9984404461285876
2022-10-14,254.90850830078125,265.7309335503903,254.3219512425765,265.13459059619925,77244300,-0.0305183939711212,0.31773167515993384,3.896637909060254e-06,0.15398191052620708,0.8448407635119537,True,0.9988226740381607
2022-10-17,263.32598876953125,264.1960683906086,260.77434594840025,260.8721154137595,64576500,0.0324880758551727,0.350429290890605,3.880599310117049e-06,0.1540698984612457,0.8453646364105913,True,0.999434534871837
2022-10-18,265.4083557128906,271.01018506656084,262.72961557378073,270.3454004390657,69781000,0.0078768392169467,0.3826743690162788,3.885984768127825e-06,0.1555120176203746,0.8444314477982108,True,0.9999434654185854
2022-10-19,264.4404602050781,267.55911798953014,262.0746004041456,263.8929870361821,53115400,-0.0036534821079189,0.35606677548823745,3.90087427025012e-06,0.15497930150773714,0.844575400182573,True,0.9995547016903101
2022-10-20,263.0912475585937,268.6931048696412,261.92788976794674,263.5507370396225,60605500,-0.0051152018675089,0.32924580972574075,3.896757919980132e-06,0.15348986194998354,0.8456751231028589,True,0.9991649850528423
2022-10-21,269.2601928710937,269.7978800833209,260.85252752642265,261.9865874878013,77897700,0.023177250954504,0.3058182468449743,3.928588150237678e-06,0.15265832543663702,0.84605456439823,True,0.9987128898348671
2022-10-24,272.22247314453125,273.1512084780125,265.8873877095541,269.52419104231006,63963600,0.0109414761061387,0.3176385844225652,3.923668888893322e-06,0.152213103476076,0.8466064317048239,True,0.9988195351808998
2022-10-25,277.8536071777344,278.23489911038496,271.68473333216065,273.16097158157777,59014500,0.0204747341485123,0.3012848137208568,3.976088778237487e-06,0.15273735302410155,0.8457541574546947,True,0.9984915104787963
2022-10-26,271.7140808105469,277.6287902965968,271.2252633241817,272.2322261526919,63492400,-0.0223440421710303,0.3067571140726065,3.919850186873627e-06,0.1516173096362851,0.84709937679256,True,0.998716686428845
2022-10-27,266.7672424316406,272.05625105959984,266.2490971046528,270.59958454005965,57760300,-0.0183738129231834,0.316044915981463,3.883047305051831e-06,0.15078025200945877,0.8481041988202135,True,0.9988844508296723
2022-10-28,274.930419921875,275.39969529868125,265.9752828676894,266.1414938870922,62651300,0.0301415201742418,0.31405682312783256,3.823800647858507e-06,0.14947099192041624,0.8495854033289384,True,0.9990563952493546
2022-10-31,271.733642578125,273.503159426672,269.81745662103884,272.68194966008537,47742000,-0.0116957159012204,0.34535832977741227,3.801287055020145e-06,0.1493817171332367,0.8501638612326191,True,0.9995455783658558
2022-11-01,268.95709228515625,275.7614518928756,268.595372187097,275.2041929031402,45895900,-0.0102704726394414,0.3274393580170803,3.880577612236999e-06,0.14889728293209414,0.8500255922034698,True,0.998922875135564
2022-11-02,259.7380676269531,271.9878333602512,259.66962601443583,268.9278309425427,79803100,-0.0348781676348281,0.30945069559723787,3.990958951589714e-06,0.14925079171645497,0.8490135854568289,True,0.9982643771732839
2022-11-03,254.66416931152344,258.58449578923245,254.2829071192963,257.1278289707571,70038900,-0.0197279969286352,0.3588685170503672,3.864333095444654e-06,0.14932879033384072,0.8502746374671922,True,0.999603427801033
2022-11-04,258.76031494140625,260.64714253109685,253.2855552953513,259.5913103061268,78313200,0.015956514210896,0.3536019003868559,3.960172059484721e-06,0.14964640213651484,0.8495785518694114,True,0.9992249540059263
2022-11-07,261.60528564453125,262.1430026713616,257.6752045929153,259.8064412402324,47333800,0.0109346161492562,0.3410921371221838,4.152066068347039e-06,0.14966832178357856,0.848460105322207,True,0.9981284271057855
2022-11-08,263.5116577148437,266.7476260907658,259.58154724091315,263.1206098132449,63213800,0.0072607843627239,0.32216546536581575,4.3281656339430844e-06,0.1495605112965184,0.8475007750588828,True,0.9970612863554011
2022-11-09,257.4308776855469,262.55367598259363,257.1473551571443,261.7715798487891,64862100,-0.0233463609091219,0.3008950691118039,4.5167864490769495e-06,0.1498722984371645,0.8461207635874902,True,0.9959930620246547
2022-11-10,276.4262084960937,276.71948696896897,267.72526572529426,269.8369602351248,99256700,0.0711926604001682,0.3134249895739659,4.6331929571187825e-06,0.1501498699990135,0.845464639518806,True,0.9956145095178195
2022-11-11,281.519775390625,282.18458988685967,274.9011969662566,276.24055218615365,66961800,0.0182587868719444,0.5310408322764688,4.3772615691869125e-06,0.1532367437787125,0.8467632562212875,True,1.0
2022-11-14,279.0560607910156,282.74173299667166,278.0784260572565,279.4666506715696,55290700,-0.008789998796323,0.5016220662896265,4.443116213316906e-06,0.15222981153479764,0.8471778084493744,True,0.999407619984172
2022-11-15,282.91778564453125,286.70122803572764,279.57426106914244,285.6746934620761,73985400,0.0137436489755028,0.46489295866490293,4.520085735922557e-06,0.1510659166956462,0.8475308122388286,True,0.9985967289344748
2022-11-16,279.0560607910156,283.005713469215,278.23485119486327,280.9624604558637,48859800,-0.0137436489755028,0.4368566624624385,4.598404095598189e-06,0.15051043999913838,0.8474246022218485,True,0.9979350422209868
2022-11-17,278.440185546875,279.9164237510192,274.4416625000356,274.5980876597836,55462100,-0.0022094336911651,0.4117398122947605,4.698414326820756e-06,0.15015734085183458,0.8471437269826227,True,0.9973010678344574
2022-11-18,278.45001220703125,281.54909849777874,276.00592466887895,281.45135886429506,53588600,3.529119455480227e-05,0.37995063356008646,4.804775137186048e-06,0.1502348535587322,0.8463394404002187,True,0.9965742939589509
2022-11-21,275.58551025390625,278.21532062913855,274.75451464007284,277.0617186327833,40083500,-0.0103405913936251,0.3502342563044958,4.934233071513847e-06,0.15080676978461008,0.8450292298983094,True,0.9958359996829195
2022-11-22,279.5547790527344,279.7111744196331,274.18754186864925,276.31880913961606,41873400,0.0143003003656778,0.32909642900094094,5.064344548594606e-06,0.1515256551251801,0.8436840057752586,True,0.9952096609004387
2022-11-23,282.36053466796875,282.9862055245089,279.39830194977225,279.5742690811381,46390000,0.0099864832469109,0.31567275114073245,5.212109623045412e-06,0.15318523589107036,0.8415096279012839,True,0.9946948637923543
2022-11-25,280.5030212402344,281.47087025300624,280.0142037856951,280.7669719250677,15498800,-0.0066002502791903,0.29656072699576297,5.411906863642022e-06,0.15526948667213802,0.8386943278068554,True,0.9939638144789934
2022-11-28,276.3871154785156,280.5420632210341,275.4583803547445,278.52813799617,38714200,-0.0147820204978675,0.2756590216017399,5.576098714130266e-06,0.15720062735568566,0.8362980715759599,True,0.9934986989316456
2022-11-29,274.2950744628906,277.012898721607,272.926391353295,276.6120647689657,35618900,-0.0075980342866013,0.2700045514298633,5.756432471804358e-06,0.15886237144709817,0.8340454399423486,True,0.9929078113894467
2022-11-30,286.7989501953125,286.9065055448826,273.70843484346506,274.5589724039487,74718100,0.044577007281703,0.2525574870854263,5.956623092192919e-06,0.16069448905633413,0.8314985499473673,True,0.9921930390037014
2022-12-01,287.15087890625,289.13547624804187,284.37439980667705,287.1215510572597,51547300,0.0012263397851136,0.3667320957419435,5.171465584532072e-06,0.15096127470444157,0.8444940766378309,True,0.9954553513422725
2022-12-02,286.00714111328125,286.8870365853,281.91084759242034,282.0868445878577,53583200,-0.0039910086613285,0.33867595898274944,5.220250523644702e-06,0.15030627583255243,0.8446945699903999,True,0.9950008458229523
2022-12-05,281.20684814453125,285.1564706928093,279.7501522121562,283.885557567826,41482100,-0.0169262665079109,0.3138930835190204,5.322093339437973e-06,0.15018753349577865,0.8441852799213595,True,0.9943728134171381
2022-12-06,275.3802490234375,281.18740392988155,273.9920238829393,281.0505505295061,53937600,-0.0209376466217545,0.3084275960195415,5.454824904549323e-06,0.15094158557803922,0.8429412020230492,True,0.9938827876010885
2022-12-07,274.2558898925781,276.25027324305955,272.54502898857334,274.19723419124455,45614300,-0.0040912910182072,0.3132521535772668,5.564514092906505e-06,0.15155786627591303,0.8419942296135289,True,0.9935520958894419
2022-12-08,277.501708984375,278.46955811599247,273.53251315292846,275.6050946410666,42594900,0.0117655163819596,0.29062923153218984,5.659527872016621e-06,0.15180242979903388,0.841290907909518,True,0.9930933377085519
2022-12-09,275.7322082519531,279.251700531662,275.2922605288438,276.4849765282159,47860500,-0.006396956916202,0.27839324573120894,5.798143316976178e-06,0.1522308721793883,0.8402158584248347,True,0.9924467306042231
2022-12-12,279.1929626464844,279.2516481889468,274.871833080141,275.90812369116725,35732500,0.0124730303960782,0.26031214133045155,5.968960943774046e-06,0.15288982183098748,0.8387258454970182,True,0.9916156673280057
2022-12-13,282.1943054199219,290.2402513163145,279.5155953648504,290.0153845506873,80667700,0.0106926948305937,0.25320915186203474,6.0903459575131644e-06,0.15347829688723622,0.8376483836427421,True,0.9911266805299783
2022-12-14,280.1022033691406,284.8926087306265,276.8564481249309,281.6077397340024,64984400,-0.0074413113790389,0.24383125464108316,6.207707364031483e-06,0.15417222420355178,0.8365039356604169,True,0.9906761598639687
2022-12-15,270.69732666015625,276.68044714031987,269.5046109553816,276.01563277082005,60554100,-0.0341532276848482,0.23058875642419274,6.350268533645197e-06,0.15497179279322432,0.8350692588240245,True,0.9900410516172489
2022-12-16,268.1163330078125,271.55759662339494,266.51299768012547,270.02273272438384,68300400,-0.0095803562029123,0.3028063181227893,5.985982741789988e-06,0.15087099760084124,0.8410433735559593,True,0.9919143711568005
2022-12-19,264.3483581542969,268.47404612090867,263.11357960823074,268.3858519256861,44167900,-0.0141531929296694,0.28627073475940634,6.055048320870734e-06,0.1504754372622853,0.8408818058727237,True,0.991357243135009
2022-12-20,264.142578125,265.8869331436149,261.6044454235954,263.1821914650864,51064200,-0.000778745766749,0.27918315050377956,6.121645741285849e-06,0.15050967402307033,0.8404703485992444,True,0.9909800226223148
2022-12-21,267.97430419921875,269.27765841529884,264.33857367332774,265.1813681287866,46394700,0.0144020700433985,0.2587046812979784,6.199203993977851e-06,0.1504714710213647,0.8399670110631866,True,0.9904384820845513
2022-12-22,261.4182434082031,265.0931511038584,257.2043313066332,264.9657495187062,60278400,-0.0247695061495015,0.25607398307453927,6.270745145733728e-06,0.150865790419874,0.8392929540042491,True,0.9901587444241231
2022-12-23,262.0062255859375,262.6726316300907,258.2529327193007,260.1540875111518,39373600,0.0022466753462509,0.28303075463456384,6.284012429376754e-06,0.15130410235225095,0.8391683032356568,True,0.9904724055879077
2022-12-27,258.30194091796875,261.50648008934456,257.76296633096587,261.39866722805584,38009000,-0.0142390509831932,0.26238643480805107,6.3755425564061955e-06,0.15132939075358348,0.838528487329715,True,0.9898578780832985
2022-12-28,254.89161682128903,260.15408012625954,254.52903069509583,257.9001485866128,47139000,-0.0132907915406686,0.25891650764058166,6.431462062986362e-06,0.15171215697390608,0.8379667540477618,True,0.9896789110216678
2022-12-29,261.1046142578125,262.04538214653854,256.9985154694248,257.69428953978155,45893600,0.0240827251932938,0.25392514093826635,6.5093401860570735e-06,0.1521108179309556,0.837230476715104,True,0.9893412946460596
2022-12-30,260.9478759765625,261.0752775771033,257.03778328615977,258.34113754746767,37858300,-0.0006004694504537,0.2793225056780914,6.512950583511802e-06,0.15254571009324258,0.8371558514403329,True,0.9897015615335755
2023-01-03,259.1839294433594,264.7403737472238,256.8809810509512,263.27041050608824,42335300,-0.0067827165244764,0.2585521621214719,6.5579784328688096e-06,0.15211484781987603,0.8370876585403837,True,0.9892025063602597
2023-01-04,260.41864013671875,262.094419519153,257.2729276346424,261.30064187756807,47754900,0.0047525285271083,0.24363849168824217,6.564865848496604e-06,0.1522960576266097,0.8368973169014802,True,0.9891933745280899
2023-01-05,256.3419494628906,258.9192895246878,256.0283800668829,258.75271045594553,45396700,-0.0157781972169871,0.22834537140658906,6.57806259487856e-06,0.15208896088823282,0.8368489554046794,True,0.9889379162929122
2023-01-06,263.4173278808594,264.5345139897655,255.12674587120543,258.0764808613979,54659700,0.0272272793082888,0.23427394221300263,6.528123799071207e-06,0.1514429987151173,0.8376201765893786,True,0.9890631753044958
2023-01-09,265.1225280761719,269.77741078699546,264.5149481705316,265.40669938269843,45568700,0.0064525166547785,0.2756902816667038,6.403163223846878e-06,0.15045963123951467,0.8393991746109852,True,0.9898588058504999
2023-01-10,267.36669921875,267.4745120737934,263.58400819036984,264.093584677772,35247800,0.0084290322306107,0.25859477316719665,6.344021882764458e-06,0.1492534481298973,0.8404264652119912,True,0.9896799133418884
2023-01-11,271.9921569824219,272.0999698264713,267.6508731910464,268.4348714453479,44077000,0.0171521098013439,0.24578781961563492,6.299456807035192e-06,0.148461000789171,0.8410890152637694,True,0.9895500160529405
2023-01-12,273.4621276855469,274.4911198155303,268.25846062265697,272.55075772684324,60600000,0.0053899082036111,0.25178823089790325,6.251661604157296e-06,0.14796432096535567,0.8416815383323467,True,0.9896458592977024
2023-01-13,275.3436889648437,275.58868281451504,270.63000968968595,270.96319773646184,44802900,0.0068569559376082,0.23657178361622347,6.214999388749236e-06,0.14732561753630488,0.8421750703707841,True,0.989500687907089
2023-01-17,275.9022827148437,277.18604809737275,273.98150939661457,275.14768251608376,36269700,0.0020266594946457,0.2244685432793405,6.191843191849783e-06,0.14678673781181098,0.8424863993443633,True,0.9892731371561743
2023-01-18,272.3155517578125,278.9891814182837,272.10976531060794,277.44080363633776,47754500,-0.013085244255468,0.20994777816942894,6.1882260650546255e-06,0.14654239510458628,0.8424327552168722,True,0.9889751503214586
2023-01-19,269.6402282714844,271.82558420366604,268.40547959041226,270.6888091384825,44150400,-0.0098729280736262,0.21219315313529705,6.151100851373719e-06,0.1461280212482891,0.8428853315094902,True,0.9890133527577794
2023-01-20,277.0194702148437,277.3526582997376,270.189039708322,271.2474300076123,60613600,0.0269992107378213,0.2075126337352699,6.118207697956426e-06,0.1456836341844332,0.8432289746056,True,0.9889126087900332
2023-01-23,283.1737060546875,284.3986754035096,277.06847796030434,277.8622557058228,52799900,0.0219727183556146,0.2541126338437189,5.987120394072501e-06,0.14342627198445934,0.8461369526354559,True,0.9895632246199152
2023-01-24,282.59552001953125,283.7518838905232,281.03736261916526,281.55674841928726,44875100,-0.0020438942586162,0.27127343401031934,5.9408370392267e-06,0.14317664799201557,0.846624811056151,True,0.9898014590481665
2023-01-25,281.96832275390625,282.58568211289065,275.54946616435143,278.08759877286985,50872000,-0.0022218834297677,0.25232089632180754,5.781609561135665e-06,0.14059605390563748,0.8491003021163364,True,0.9896963560219738
2023-01-26,287.4659423828125,287.6423307540248,282.7424543994262,285.3883995934982,51596300,0.0193096579744942,0.23573073710318385,5.622673893976963e-06,0.13823845381109698,0.8514153782555098,True,0.9896538320666068
2023-01-27,290.3274841308594,292.2874346780867,286.035187647396,286.15277989519404,56441900,0.0099051495315105,0.24846862080389218,5.516591313290735e-06,0.13748347216991041,0.8526288053686801,True,0.9901122775385905
2023-01-30,284.4574279785156,288.48514213201554,284.08506247493875,287.064165942396,49405800,-0.0204259371420049,0.23938389604045476,5.3347089304297455e-06,0.13506113349304252,0.8551902254743973,True,0.9902513589674398
2023-01-31,288.7203369140625,288.81834043174297,284.38886255344715,284.4966454883634,46705100,0.0148749229243935,0.2536396879077992,5.1229923708626785e-06,0.13230611597818903,0.8583193634542602,True,0.9906254794324492
2023-02-01,294.8941955566406,297.35391334937026,286.4467829160311,288.5145464564292,67562200,0.0211581056191801,0.2521799286461879,4.92651723626643e-06,0.129266858091026,0.8614385015947857,True,0.9907053596858117
2023-02-02,305.4779052734375,307.39864851001664,300.5878380395017,301.41101371232133,83070600,0.0352608199561138,0.2653730009591765,4.796326738834565e-06,0.12763739383347572,0.8633442594991686,True,0.9909816533326443
2023-02-03,300.048828125,306.13449622905244,298.441684195354,298.8336683313794,76170800,-0.017932231003505,0.32023149969407283,4.753344862934913e-06,0.12854400925280998,0.8632712264482358,True,0.9918152357010458
2023-02-06,297.51080322265625,299.7843539023122,296.16824137067766,297.4324183297124,40802300,-0.0084946841489912,0.3155143508948116,4.644095316442292e-06,0.12670404716218744,0.8651345083997782,True,0.9918385555619657
2023-02-07,303.6748046875,304.8017705013761,296.2661924961063,297.3833489851689,67584000,0.0205068697433698,0.2976964558761346,4.4760233952178165e-06,0.12262950972443448,0.8688237321600832,True,0.9914532418845177
2023-02-08,298.2751159667969,303.30239469294725,297.58915111170046,302.36162665672765,56720900,-0.0179411388698774,0.30096581059869576,4.3778315620218625e-06,0.1203684755898426,0.8709321744365728,True,0.9913006500264154
2023-02-09,295.6390075683594,302.8026262239471,294.18866293953266,302.65563587730645,49137800,-0.0088771275345813,0.2986148833572882,4.2929909014839355e-06,0.1178781623843639,0.8731164409663895,True,0.9909946033507534
2023-02-10,293.6986389160156,295.5311881263179,291.2976872269125,293.4830431320697,50050100,-0.0065849370911168,0.28425275222254465,4.223843413917396e-06,0.11515911935987407,0.8753568434277237,True,0.9905159627875978
2023-02-13,298.40252685546875,298.9905181113563,293.924031836438,295.1000143482131,39636700,0.0158891323804265,0.26966892751198884,4.173973178938906e-06,0.1125036990611828,0.8774318562889557,True,0.9899355553501386
2023-02-14,300.6075134277344,301.5580909500732,294.88445954815694,296.8248219904053,64079100,0.0073621354680275,0.26796834513113843,4.1404590975550045e-06,0.11063728607574029,0.8789252299398027,True,0.989562516015543
2023-02-15,302.9104309082031,303.07700999440743,298.10855697315515,298.7945218744599,43100600,0.0076316824690694,0.25586482492533763,4.123480407781595e-06,0.10855975065788417,0.8804095941765432,True,0.9889693448344273
2023-02-16,297.2265930175781,302.2538727236449,297.07960265615446,298.28498343279347,59498600,-0.0189423668796897,0.24522582336374657,4.126986203511634e-06,0.10683894404848196,0.881525306062639,True,0.988364250111121
2023-02-17,295.1294250488281,295.88399541718906,292.1307024125652,295.0412308426414,58230700,-0.0070807982599854,0.25224878559358216,4.115357545328483e-06,0.105310041573469,0.8827456014197315,True,0.9880556429932005
2023-02-21,288.1421203613281,292.74801597973624,288.00493937826445,291.3074511719764,46526700,-0.0239601572106947,0.24163034309013556,4.138943762217141e-06,0.10395335871621285,0.8834843900581064,True,0.9874377487743192
2023-02-22,288.3577880859375,290.42552201582805,286.70162711443794,288.72037423239385,51389200,0.0007481969433476,0.2600130373472536,4.13257816402358e-06,0.10280216474943815,0.8845200210013612,True,0.9873221857507993
2023-02-23,290.87628173828125,292.1600470153091,286.6917679806115,292.00324737529,69294400,0.008695999266342,0.24628496012549744,4.16951029443248e-06,0.10161701299824136,0.8850608470224416,True,0.9866778600206829
2023-02-24,286.0058288574219,287.1033965295427,284.24185517881966,285.9176346594632,74332000,-0.016885836871948,0.23785292915140918,4.196603051831423e-06,0.10122572067572454,0.8851054705681786,True,0.9863311912439031
2023-02-27,288.0540466308594,290.55297259031727,287.4660552561388,289.161423906845,48995000,0.0071359332098312,0.2415343258375158,4.2341171051928215e-06,0.10074038757861549,0.8852587613767428,True,0.9859991489553582
2023-02-28,287.6815490722656,290.19028346864906,287.0935579060723,287.42674592207146,48243100,-0.0012939884674487,0.23202028837655458,4.31998500553335e-06,0.10028976989591132,0.8849745916898593,True,0.9852643615857706
2023-03-01,285.3688049316406,288.0441182255839,284.3888296810601,287.38755155531885,58287000,-0.0080717398787061,0.2206240811869954,4.344023090227872e-06,0.10031914248404411,0.8846810093547712,True,0.9850001518388154
2023-03-02,287.7306213378906,288.5342085068235,282.5955587679446,282.8797600655393,53565900,0.0082423037571481,0.2135899564352949,4.4624108782625985e-06,0.10050492646772678,0.8837242074611222,True,0.984229133928849
2023-03-03,293.6790466308594,293.914261084036,288.96536693308644,289.4749733262371,60511500,0.0204627930444071,0.20753353200683416,4.4971623056491735e-06,0.10071125445023826,0.8832638483898747,True,0.9839751028401129
2023-03-06,294.01220703125,297.9125198668912,293.8162298962756,294.9137975528544,56736300,0.001133794093426,0.22328361507554298,4.545387217587586e-06,0.1001122948309382,0.8836442841937548,True,0.983756579024693
2023-03-07,290.4059143066406,294.9824127073463,289.7983343272335,294.06123341389787,65955800,-0.0123416381782301,0.21238872498564354,4.619474439825001e-06,0.1002827504642317,0.8829351701024117,True,0.9832179205666435
2023-03-08,291.85626220703125,292.45403280782995,288.975132322113,290.8272701587182,50876300,0.0049817795435383,0.21153360293957282,4.741501167405596e-06,0.10091635596408222,0.881704106761947,True,0.9826204627260292
2023-03-09,286.7995910644531,294.9529931979204,285.98619477194666,292.356034581254,71456700,-0.0174777454882048,0.20267549042666094,4.920832357824458e-06,0.10219756681634257,0.8795385720328374,True,0.9817361388491799
2023-03-10,282.77197265625,288.45584958745417,281.625417849544,286.9662674023529,98593600,-0.0141428603475995,0.2129059912555138,4.815040749576214e-06,0.10093399105776958,0.8812662363833076,True,0.9822002274410772
2023-03-13,284.8691101074219,288.5734166863263,279.4792442969985,280.988415097732,97123600,0.0073889894735344,0.2150368613569767,4.849132127418606e-06,0.10095480512483625,0.8810653985502369,True,0.9820202036750731
2023-03-14,291.4152526855469,291.96403646575504,287.57376622408987,288.4165306342406,73602500,0.0227194231751753,0.20802761162783465,4.939063649138071e-06,0.10153006456690411,0.879994067572473,True,0.9815241321393771
2023-03-15,292.9440002441406,293.2771882471192,287.3679385660729,288.80850340903805,83631500,0.0052322301342542,0.22886053841162113,4.509157993039214e-06,0.09706379135846831,0.8862335192568018,True,0.9832973106152701
2023-03-16,300.6662902832031,301.02887644464795,291.2389304597185,292.0327082473355,98198100,0.0260195142603764,0.21928823195195352,4.143790310862324e-06,0.0922858468551141,0.8919591745325833,True,0.9842450213876974
2023-03-17,299.2452697753906,302.95938486538984,297.29512832561835,300.5780518528827,89923700,-0.0047374421835736,0.24235992677784654,3.025092374285031e-06,0.08166044356606209,0.9074433434941167,True,0.9891037870601788
2023-03-20,300.3072509765625,300.6311303110754,296.42054919854286,298.62890724672246,56359500,0.0035425830934235,0.23324641444562713,2.6601171756676325e-06,0.07742398003467572,0.9130826511376512,True,0.990506631172327
2023-03-21,304.5964050292969,305.04788323131515,300.7293218507808,302.24082881743965,49757000,0.0141815176499608,0.2247392777658485,2.6683739807416885e-06,0.07716323690879101,0.9131433588943689,True,0.9903065958031599
2023-03-22,300.4545288085937,309.4155616024022,300.2876918296602,304.5277173641124,75791900,-0.0136912140389876,0.2251006982909839,2.786850539524028e-06,0.07871234796250576,0.9111357513317483,True,0.989848099294254
2023-03-23,304.0173645019531,308.3359264010132,301.32808408285456,304.18423144054793,74576000,0.0117883957622945,0.22488804331266082,2.735570370571517e-06,0.07776905824210545,0.9122091945267526,True,0.9899782527688581
2023-03-24,305.13629150390625,305.23441681542005,301.26920772237486,303.5953407175395,57195200,0.003673714339091,0.22247667474124674,2.874465628664697e-06,0.07973438321706418,0.9097178499005197,True,0.9894522331175839
2023-03-27,303.0456237792969,306.9127064965641,302.1917301252153,305.8330587920121,50287400,-0.006875166482892,0.21541837394135932,2.4388583383300387e-06,0.074765960270573,0.9164873022846524,True,0.9912532625552254
2023-03-28,301.4359436035156,302.49597217788687,299.12943045377114,302.4665286037527,48585900,-0.005325833135204,0.20940274229660755,2.532620831548918e-06,0.0760523217705251,0.9147408479386314,True,0.9907931697091565
2023-03-29,306.9323425292969,307.55068761030134,304.3117443176052,305.1263998840245,53274300,0.0180698060905059,0.2038533761162963,2.3521256731176827e-06,0.07385482760532809,0.917656123550545,True,0.9915109511558732
2023-03-30,309.8375549316406,310.4657245286793,307.02067616071264,309.4056958218703,58354800,0.0094208031264478,0.21198608147722306,2.292070416627314e-06,0.0727122110804692,0.919098774462682,True,0.9918109855431512
2023-03-31,314.99041748046875,315.2259960757609,309.7590750261057,310.06333534027965,62138100,0.0164940738808939,0.20873282405800564,2.225930453655095e-06,0.07156232133382907,0.9204381638110989,True,0.992000485144928
2023-04-03,314.2248229980469,314.4898451471352,311.5453675992176,312.8703585335609,47126800,-0.0024334911520984,0.21339800426099767,2.3071326547836274e-06,0.072812730798234,0.9189210074124724,True,0.9917337382107064
2023-04-04,313.16485595703125,315.6774746560139,311.94778474615265,314.66653846035115,45875400,-0.0033789782812328,0.20665051857547986,2.1517719846524177e-06,0.06995310832852894,0.9222251672181704,True,0.9921782755466994
2023-04-05,310.0731506347656,313.15502177624506,308.2573833619465,312.2127972814154,62795700,-0.0099215088003918,0.1999619016602937,2.1887255375707254e-06,0.07061485694603062,0.9213231610346996,True,0.9919380179807302
2023-04-06,312.16375732421875,312.6545036994826,307.0305694087392,308.4242723409308,46916500,0.0067196739033442,0.19740497048654915,2.2614687583987046e-06,0.07202396834459383,0.9196288532950507,True,0.9916528216396445
2023-04-10,311.98699951171875,312.03609210576,307.4525091964604,309.238832639675,45134700,-0.000566394625944,0.1951432598116004,1.8966728531081685e-06,0.06794253850684868,0.9257668473738825,True,0.9937093858807312
2023-04-11,309.9847717285156,312.0066738913755,309.47440639730115,311.9477567831826,40113600,-0.0064383458934726,0.18834443534343817,1.9367765722473022e-06,0.0689906218005085,0.9244514221917455,True,0.993442043992254
2023-04-12,307.2463684082031,312.52680195388945,306.7850658134336,311.9379005633457,62813300,-0.0088732441040097,0.18420270937598796,1.9379372919982397e-06,0.06917378657585685,0.9242120192227832,True,0.99338580579864
2023-04-13,313.2630310058594,313.73412832120374,307.825553186617,309.00332642775743,54613800,0.0193932635790003,0.18164273087455057,1.9854971765781294e-06,0.0703037905706253,0.9228516165844332,True,0.9931554071550585
2023-04-14,312.6741027832031,314.4309529600365,309.7688631396703,311.7122292583174,56278300,-0.0018817493471689,0.19422603781852882,2.008055136266166e-06,0.0698130059391205,0.9232915742981558,True,0.9931045802372763
2023-04-17,312.9390869140625,313.2924398141298,310.19091970365525,312.261854645645,43007000,0.0008471181588541,0.1886653589338038,1.9170310926084714e-06,0.069035152553978,0.9246981726038755,True,0.9937333251578535
2023-04-18,312.958740234375,315.4713890410292,311.7613479245438,315.04932442631457,46746900,6.280041075873191e-05,0.1823660399386229,1.9293202211052738e-06,0.06958036134648299,0.9239993965695465,True,0.9935797579160295
2023-04-19,312.8114929199219,313.87152168372256,310.4264731305352,310.5540719588424,38960100,-0.0004706114460846,0.1763429358804851,1.9314658263992574e-06,0.0700018136274805,0.9235087509751011,True,0.9935105646025816
2023-04-20,310.42645263671875,313.3611056829367,309.14069983335924,309.8473756449807,62462100,-0.0076537442661445,0.17020091052540443,1.9552450560140615e-06,0.07104440930700828,0.9223000780198588,True,0.9933444873268671
2023-04-21,310.75030517578125,311.5256925854782,308.286779534133,310.06327844359055,59002300,0.001042706650986,0.16763446721751837,1.9762110800015973e-06,0.07181044045834895,0.9214128648200288,True,0.9932233052783778
2023-04-24,310.1025390625,311.8593889112085,307.9334192694122,310.524573610328,44043100,-0.002086698496562,0.16264411614902355,1.9371757995946034e-06,0.07203101186157407,0.9216238050974013,True,0.9936548169589754
2023-04-25,304.2528686523437,309.14071237711994,304.15474335870545,308.4733046259451,57121600,-0.0190438535300272,0.15756126465600542,1.9516839156379434e-06,0.07310440559364695,0.9207129944040314,True,0.9938173999976784
2023-04-26,306.0980834960937,309.11127287941105,305.5778936312846,307.63903402208973,55400500,0.0060464244674,0.1741948152210715,1.9455680684496837e-06,0.07052078466447399,0.9231876830769317,True,0.9937084677414056
2023-04-27,314.4211730957031,314.92171397402467,309.21924413400245,309.857238311984,65430400,0.0268278178463011,0.17054714487745107,1.937815199533483e-06,0.0707061855233815,0.9229794597300512,True,0.9936856452534327
2023-04-28,316.5902404785156,316.6785712153417,313.0568612415905,314.1855717047368,59712600,0.0068749182010619,0.20076964572644293,1.9977174797860783e-06,0.06876735957269249,0.9248075484970515,True,0.993574908069744
2023-05-01,316.2271423339844,317.64049424915646,315.14749434978614,316.1289870712789,41013400,-0.001147560715745,0.19633860912529363,1.9785035702759746e-06,0.06831926159125963,0.9252497920089193,True,0.993569053600179
2023-05-02,313.4690856933594,316.48227491711145,311.7318247639411,316.15836561209886,56519400,-0.008760015242666,0.19074824318932057,2.0492781629408454e-06,0.06923042010317897,0.9243884381373827,True,0.9936188582405616
2023-05-03,311.4177551269531,316.5018789481338,311.3097753794873,313.83221822361713,59882100,-0.0065654701011991,0.18814099097789933,2.016046203304348e-06,0.06911252895227578,0.9245245909659292,True,0.993637119918205
2023-05-04,310.3184509277344,312.34032278195383,309.2878659837604,311.19196354787306,50224500,-0.0035362436161233,0.18480403139921586,2.1772857096526275e-06,0.07163295686905947,0.9217749429056087,True,0.9934078997746681
2023-05-05,316.9141540527344,317.7680478062891,310.3577608434829,312.5759436628054,51806100,0.0210318985328847,0.17940417284374374,2.1468114383470914e-06,0.07146225956331757,0.9219633085392516,True,0.9934255681025691
2023-05-08,317.6993103027344,318.042838668918,315.3731778659205,316.45282560845146,36465800,0.0024744405680517,0.19568409672269252,2.1761292161299466e-06,0.07096611177352988,0.9224598038201017,True,0.9934259155936316
2023-05-09,315.6872253417969,316.9042663152859,315.37314058968013,316.04054822335024,31768800,-0.0063534401697938,0.1893099940983391,2.1018826513153466e-06,0.07013778733107343,0.923379185225363,True,0.9935169725564365
2023-05-10,319.1225280761719,319.9764218717756,315.64803577940484,318.1213864238547,60446600,0.0108231993934056,0.1851487949871166,2.079725283312921e-06,0.0699477156638883,0.9235707598902103,True,0.9935184755540987
2023-05-11,320.162841796875,320.7026506508327,318.12132077434427,319.67209558317825,44278500,0.0032546173838018,0.18503560786190634,2.0781749942137462e-06,0.0699327775191517,0.9235710433386415,True,0.9935038208577932
2023-05-12,319.0144958496094,321.114904109604,316.9631801847053,320.6928395840267,48432800,-0.0035932036859411,0.17952323047526597,2.0240922612843337e-06,0.06953657201311925,0.9240336461630931,True,0.9935702181762124
2023-05-15,320.7419738769531,320.97752251513634,317.96433305634275,319.4856645520145,33375600,0.0054004369085346,0.17475867058118835,2.1167960810731712e-06,0.07081719260213926,0.9225107666700151,True,0.9933279592721543
2023-05-16,321.1050720214844,322.81285929154046,319.98615625643214,320.0254243410232,40019200,0.0011314165441288,0.17076562611428528,2.0959629151508263e-06,0.07087171883564855,0.922474715230694,True,0.9933464340663426
2023-05-17,324.9918212890625,325.5708983222604,320.9873447050186,322.16511784019536,47486100,0.0120316200087653,0.16536678575297056,2.0546716551956237e-06,0.07089039003601484,0.922527489878455,True,0.9934178799144698
2023-05-18,331.0279235839844,331.2438531052805,325.3647233452558,325.3843424098208,64213500,0.0184027163511057,0.16822236180857023,1.999851337457819e-06,0.07023500942794773,0.9233101054061091,True,0.9935451148340568
2023-05-19,330.28204345703125,331.95056269847424,329.22201480691604,331.2438869159886,61554900,-0.0022557665252609,0.18132183024360288,2.1231866952808693e-06,0.07042012390480049,0.9228080996245981,True,0.9932282235293985
2023-05-22,331.39117431640625,332.40211049164327,330.0170607205077,330.0268852313511,43015900,0.0033525065497689,0.17543376999875554,2.0050196261203715e-06,0.0695586551382769,0.923932031867302,True,0.9934906870055789
2023-05-23,327.1903381347656,330.8218725069687,326.8370151983698,329.67354301090694,48216700,-0.0127573977596509,0.17085594347326075,2.0952413045651186e-06,0.07050514869716237,0.9226854615258694,True,0.9931906102230318
2023-05-24,325.511962890625,326.7486529543009,323.46064727807794,325.2371462045606,62891200,-0.0051428620392033,0.17413899072044575,2.061445069319612e-06,0.07004044746860585,0.9232328283964639,True,0.9932732758650697
2023-05-25,333.4326477050781,334.69878147156203,330.4391074318428,332.86339520970245,66862800,0.0240416757276027,0.16971504960201975,1.9532448100323595e-06,0.0694895790658727,0.9240511924334377,True,0.9935407714993104
2023-05-26,341.9519958496094,342.7862705013703,334.3552531548107,334.4534083996253,63007000,0.0252294751449316,0.1932586573490283,1.9960257913033256e-06,0.0689111833462585,0.9245918285157277,True,0.9935030118619862
2023-05-30,343.5027770996094,347.37965474183784,342.0796009058038,346.18223261994183,72652200,0.0045248321467853,0.21582935642390164,2.0747339670455656e-06,0.07063043930873726,0.9228831501368687,True,0.993513589445606
2023-05-31,341.549560546875,344.1112715102419,340.09697083767367,341.9225324839208,65105400,-0.0057024018113223,0.2089749625651025,2.0184617345196163e-06,0.07021393285342199,0.923326732701985,True,0.993540665555407
2023-06-01,345.4952392578125,346.8202303805542,340.2442475601742,341.2944518902576,50488600,0.0114860692966263,0.20314474146229528,1.9909392626572423e-06,0.06960808786148481,0.9238831184923182,True,0.9934912063538031
2023-06-02,348.0862731933594,349.24442703511033,345.49514883634424,347.25199866394627,53372100,0.007471496694626,0.2023275823659527,1.9889634348123233e-06,0.07024726680053772,0.923201621805384,True,0.9934488886059217
2023-06-05,348.33172607421875,350.88361288576164,347.30117080070033,347.870423343083,47266200,0.0007049010544845,0.1980727649599286,1.986669871014396e-06,0.0706616487541931,0.9226940318704342,True,0.9933556806246273
2023-06-06,348.2727355957031,349.23460886434486,346.39808164669563,347.72310228584183,41390400,-0.000169365779011,0.1914072197209191,1.990624079019713e-06,0.07123490183269651,0.9219785085068313,True,0.9932134103395278
2023-06-07,342.3641967773437,350.5105719689488,341.73602724452684,348.5574116172454,69225900,-0.017110822486641,0.18493092365730587,2.0025953947436853e-06,0.07193497191521618,0.92111997575979,True,0.9930549476750061
2023-06-08,346.61407470703125,347.0753773858951,342.4329369727751,342.6586610808147,47153900,0.0123369110691732,0.1932827760055284,2.0135551742148625e-06,0.07151428820722718,0.9215403773477623,True,0.9930546655549894
2023-06-09,347.9390869140625,351.0406067697449,346.4962917589313,348.06668572991623,53196900,0.0038154424676575,0.19424610143380028,2.061171883977556e-06,0.07277074038570201,0.9201235759087826,True,0.9928943162944845
2023-06-12,353.8182067871094,353.91636202351594,348.6261332475332,349.59780119658103,44606500,0.0167558142271253,0.18831144115770518,2.0920013326223013e-06,0.07377996435717442,0.91891907803076,True,0.9926990423879344
2023-06-13,356.53692626953125,357.3711708179742,353.3666951460303,356.56636984238486,57097800,0.0076545734115362,0.19608977479476727,2.1548377183996546e-06,0.07486489388085471,0.9176916553911154,True,0.9925565492719701
2023-06-14,359.12811279296875,359.4127540150757,353.7495528675448,356.5467826318429,69525600,0.0072413704873881,0.19316822326770292,2.139344097761793e-06,0.07690345836674187,0.9167933390706559,True,0.9936967974373977
2023-06-15,363.4074401855469,364.8894735642349,357.2436681859802,357.8619833305113,71138800,0.0118454445943344,0.18891113386229186,2.1082768744002e-06,0.07647880995161327,0.9171997739723629,True,0.9936785839239761
2023-06-16,361.1205749511719,365.9495318537329,360.678921240826,365.82193301981806,80932000,-0.0063127243694777,0.1896213553719574,2.103702528713768e-06,0.07640661799854408,0.9172679921211985,True,0.9936746101197426
2023-06-20,360.60357666015625,361.9992210577164,357.645252046979,359.6698977267216,49204700,-0.0014326758451749,0.18512808369771586,2.107720436141254e-06,0.07659520026618641,0.9170691913177033,True,0.9936643915838896
2023-06-21,355.6894226074219,359.8959722626949,354.7655515621823,359.4635207098651,53378300,-0.0137212876798435,0.17861442115596554,2.0630278841808546e-06,0.07615569458854252,0.9174933453107434,True,0.993649039899286
2023-06-22,359.8861083984375,360.0433362169983,354.0382053490681,354.44117286954963,47603000,0.0117296741598942,0.18272107406962165,2.055580523804809e-06,0.07589254472471059,0.9177226602575996,True,0.9936152049823103
2023-06-23,356.31842041015625,358.6182598188581,354.6279363156579,355.99406677913646,48922900,-0.0099628454022325,0.1837074665826901,2.0496932850122868e-06,0.07580290111809508,0.9177449576556467,True,0.9935478587737417
2023-06-26,351.54180908203125,358.5789391758396,351.453357180665,355.78768031078647,52685500,-0.0134961214996877,0.18263333305054982,2.0436320444483447e-06,0.07574550555180345,0.9177658653884243,True,0.9935113709402278
2023-06-27,357.58624267578125,358.31356381466287,352.357562831848,353.08485397686843,49428100,0.0170479223605285,0.18601743029316475,2.053791415882567e-06,0.07582029389536477,0.9176246694960691,True,0.993444963391434
2023-06-28,358.2840881347656,360.23008989079324,355.689379134913,355.76802304065137,46498000,0.0019496426936509,0.194778835890024,2.080825868073407e-06,0.07610248158147534,0.9174284196690824,True,0.9935309012505578
2023-06-29,357.5666198730469,358.62810268773603,355.9252956971378,357.98923340395874,46151000,-0.0020045199199528,0.18792120071887788,2.05622914422031e-06,0.07573908651212607,0.9177196873802361,True,0.9934587738923621
2023-06-30,363.0803833007813,364.1319981969894,360.9279635699781,361.2424492431404,58712500,0.0153025572818016,0.18170280105576128,2.050060175310825e-06,0.07590028625004597,0.9176601683218217,True,0.9935604545718677
2023-07-03,363.9353942871094,364.5643955337729,362.63803984892405,363.7191685474118,19432900,0.0023521123113882,0.18793506169998,2.0617504712120686e-06,0.07589770157687617,0.9176412130854276,True,0.9935389146623037
2023-07-05,363.9255981445313,365.62592029282894,362.33340387544496,362.372725830964,34460900,-2.691761938221746e-05,0.18171314015281106,2.0530136313296115e-06,0.07586157416301159,0.9176950965078516,True,0.9935566706708632
2023-07-06,361.1539611816406,361.59625066873787,358.2644125170553,360.22028225556915,49374700,-0.0076450933606417,0.17534792451446846,2.027638764061048e-06,0.07573466548146755,0.9178040594628225,True,0.9935387249442901
2023-07-07,359.9549255371094,364.1221830587918,359.7288917758838,360.9279564882664,47133700,-0.0033255359118292,0.1725624249499121,2.0098955527648915e-06,0.07574595798629634,0.917762644271379,True,0.9935086022576753
2023-07-10,360.07281494140625,360.75097612528987,357.1734584248159,359.67968541300456,48498800,0.0003274579539725,0.167454540517542,2.0442960388192726e-06,0.07675695189061546,0.91679367161136,True,0.9935506235019755
2023-07-11,361.8518371582031,362.3039346865907,358.3627408147586,360.4955145791754,38214100,0.0049285637019557,0.16159687359060812,2.00675119541298e-06,0.07681809096411758,0.916759552513254,True,0.9935776434773717
2023-07-12,366.4220275878906,367.76851216158144,363.9452542171989,365.95025409017205,61975400,0.0125509115297961,0.1575875727757975,1.991584301370674e-06,0.07711151237917765,0.9164863307740109,True,0.9935978431531886
2023-07-13,372.6433715820313,373.46895267792223,369.0166935573786,369.59656492256886,46960000,0.0168361039660172,0.16233347644628382,1.9871621661168295e-06,0.0766497076131409,0.9169122592301361,True,0.993561966843277
2023-07-14,372.5647277832031,376.289665406279,371.6899868150142,373.0757931842789,55148500,-0.00021106533648,0.17381763593108354,2.0095642628122724e-06,0.07601688692386467,0.917447908020176,True,0.9934647949440406
2023-07-17,376.04388427734375,376.91862507940266,372.80052870575423,373.2821100498036,40868900,0.0092950614979535,0.16795966721359112,2.00851737245876e-06,0.07626655806248807,0.9172275014777869,True,0.9934940595402749
2023-07-18,379.1202697753906,380.48643025096686,373.4787840563649,375.4051399126897,55262000,0.0081476391592175,0.1672911853670927,1.9849667713048886e-06,0.07612286813459511,0.9173788136715273,True,0.9935016818061224
2023-07-19,379.0318298339844,381.3218613524213,377.70499127103625,380.1817645869032,54093000,-0.0002333039553751,0.1654563240341104,1.9573820024989408e-06,0.07596582473671423,0.917528961023446,True,0.9934947857601603
2023-07-20,370.2944030761719,377.50843718826167,369.2722421956274,376.0439867938081,71941700,-0.0233218120475824,0.15972799122327916,1.9203445939735707e-06,0.07587104506540708,0.9176321984721215,True,0.9935032435375286
2023-07-21,369.1837768554688,373.4001640896318,368.7513253445873,372.6728429155879,60499600,-0.0030038129208736,0.18564124510615534,2.01463286254894e-06,0.074633234937588,0.9185601443327025,True,0.9931933792702905
2023-07-24,369.7734375,371.1002458310115,367.9158578464102,370.15672901962193,40380100,0.0015959266875826,0.18012233652327111,2.051634206200341e-06,0.07579700040444773,0.9174762456818754,True,0.9932732460863231
2023-07-25,372.2796936035156,373.9406936381096,370.4614357556858,370.4811117285034,38894400,0.006754949284244,0.1738602781685532,2.0015093624588218e-06,0.07510901748610552,0.9181887956862805,True,0.9932978131723861
2023-07-26,371.041259765625,372.7317435500611,368.74142077875103,371.2378395055728,47075700,-0.0033321675601184,0.17037240173782736,1.953859700704237e-06,0.07445574154783632,0.9188559325403873,True,0.9933116740882236
2023-07-27,370.15673828125,378.107900449921,368.8692218728485,376.4960604398785,63940200,-0.0023867358157902,0.1655516023409,2.028331354433593e-06,0.07665160296541396,0.9166769281862093,True,0.9933285311516232
2023-07-28,376.8990478515625,377.9211786460314,373.69498364625855,374.206049043493,56902900,0.0180508410928484,0.1601899648199598,1.9713618413368996e-06,0.0760656682438384,0.9173325038236357,True,0.9933981720674742
2023-07-31,377.09564208984375,378.2750608303682,375.7786414927813,377.2037699714263,44019900,0.0005214738123729,0.17457403625914625,2.055875636977764e-06,0.07621298622513106,0.9170287223665974,True,0.9932417085917284
2023-08-01,376.2209777832031,376.9777530728904,374.1570097276664,375.749204229579,41060600,-0.0023221701914352,0.168468331492176,2.0054685759386016e-06,0.07559720364606563,0.9177015117562625,True,0.9932987154023281
2023-08-02,367.9650573730469,372.75147785059374,366.72667080407234,372.75147785059374,72687100,-0.0221886967580718,0.16299354436362323,1.949702669360625e-06,0.07496317705212677,0.9184075589484826,True,0.9933707360006093
2023-08-03,367.3753356933594,369.49827117137113,365.3899820551256,365.5570778539925,47666400,-0.0016039423692103,0.18513195365210533,2.001373357775203e-06,0.07374442405868128,0.9194526275443747,True,0.993197051603056
2023-08-04,365.6553649902344,371.6113658724889,365.1541075912585,369.301688634089,61702800,-0.0046927744171469,0.17895165707340285,1.9870015758810702e-06,0.07361846051438546,0.9195794727598166,True,0.993197933274202
2023-08-07,368.7513427734375,368.849632665804,365.13450268771936,367.4638261668701,37230400,0.0084312849832527,0.17396406903427927,1.9424181331206847e-06,0.072966286335726,0.9202706261304796,True,0.9932369124662056
2023-08-08,365.6160888671875,366.2647661725059,362.4906682092696,366.2451201913258,44726500,-0.0085387037068401,0.17179046677134613,1.8701727707845063e-06,0.07169744827936486,0.9216012360007173,True,0.9932986842800822
2023-08-09,361.5962524414063,366.0583493117143,360.83947730891896,365.9010914931724,51150900,-0.011055580719279,0.16990522271951114,1.8092673575613345e-06,0.07061671378737519,0.9227092187626141,True,0.9933259325499894
2023-08-10,362.2645568847656,367.93552607556165,360.74116871206576,364.6037180742225,72035300,0.0018465003896731,0.17098225541719497,1.795660266914014e-06,0.0702606063598526,0.92304487563148,True,0.9933054819913325
2023-08-11,359.9549255371094,361.6847316779536,358.4315371702507,359.7092158009151,48707200,-0.006395948260683,0.1655202387965175,1.7487779158996078e-06,0.06961544660787561,0.9236954518757652,True,0.9933108984836407
2023-08-14,363.9943542480469,364.1122901045981,358.44132104712014,359.1587741724269,42130800,0.0111595404391291,0.16238196737822821,1.7064241008515657e-06,0.06900496852521233,0.9242778052704701,True,0.9932827737956824
2023-08-15,360.1318359375,363.8174817408834,359.4634827031511,363.02135465299926,45539900,-0.0106681818600943,0.1642869952247608,1.7188300070772543e-06,0.06908021783088528,0.9241711353433362,True,0.9932513531742214
2023-08-16,356.31842041015625,361.12448699666,356.2201305221544,359.59126072419207,53190500,-0.0106454049149103,0.16569665687591897,1.7730299902721804e-06,0.07005910128039017,0.9231577595371759,True,0.9932168608175661
2023-08-17,352.42633056640625,358.058007797812,352.01355505893343,357.7140082123444,62604300,-0.0109831613242634,0.1664393514524935,1.7323937927482984e-06,0.06927919527738771,0.9239202860076143,True,0.993199481285002
2023-08-18,351.9840393066406,353.24207168176065,348.62271765147574,349.1632969494942,61191400,-0.0012557774184071,0.1675301315509433,1.7127300489813413e-06,0.06883319778782142,0.9242870150189803,True,0.9931202128068016
2023-08-21,357.6550598144531,358.33322103619656,352.9865751686361,353.44851063860824,50696500,0.0159831701542768,0.1621758855785143,1.6806036283669411e-06,0.06851036530838431,0.9245641447834213,True,0.9930745100918056
2023-08-22,357.1439819335937,360.269402241501,356.4559827490985,360.2595642550805,44530200,-0.0014299906354107,0.17091378277825064,1.7186498749144348e-06,0.06849863524252518,0.9243987313846379,True,0.9928973666271631
2023-08-23,362.775634765625,363.8666014896594,358.1071502121783,358.3233759596713,51770600,0.0156455459157333,0.16544375616604698,1.7004121631398469e-06,0.06837831686039277,0.9243964147222702,True,0.9927747315826629
2023-08-24,355.0210876464844,366.3433815822802,354.81469986472706,366.24512168211504,66842500,-0.021607367593535,0.17328472934024575,1.745441043030211e-06,0.06864344861750334,0.9239567420661883,True,0.9926001906836917
2023-08-25,357.77301025390625,359.4634943837441,352.4263641685524,355.85649237018794,69960500,0.00772154620389,0.19131629205229908,1.8553546947585746e-06,0.06995786823297986,0.9223516831503019,True,0.9923095513832818
2023-08-28,360.4659423828125,361.39962118043815,357.99900757131473,360.69197609475015,40910000,0.0074987432466524,0.18774678721677907,1.8696329207550884e-06,0.07014659917188192,0.9219405693068095,True,0.9920871684786914
2023-08-29,368.3385620117188,368.6923996492779,359.9451385295393,360.2694622029247,58492400,0.0216050417070941,0.18424101611693533,1.8894644923472804e-06,0.07045238243554264,0.9214055244307583,True,0.9918579068663009
2023-08-30,370.39263916015625,370.972540483372,367.44412257396607,368.4466374093423,41731500,0.0055611092068792,0.20089489369150965,1.965721778720588e-06,0.07153287809268812,0.9202418543587644,True,0.9917747324514525
2023-08-31,371.5032653808594,373.2035874718416,370.402490614343,370.471296535716,35730700,0.0029940239420636,0.19543580892210305,1.9960437299970706e-06,0.07194091872078734,0.919532187231399,True,0.9914731059521863
2023-09-01,371.1101379394531,374.2945263884665,369.6260415972673,373.8719128585272,39801200,-0.0010587675266102,0.1891393309962833,2.0267169633167537e-06,0.07240903256060513,0.9187627721894284,True,0.9911718047500335
2023-09-05,371.5818786621094,372.800589196893,369.380299316676,370.30417020396686,32344200,0.001270353728201,0.18267692709031508,2.058668181479799e-06,0.07296093414998422,0.9179131830738494,True,0.9908741172238336
2023-09-06,368.30902099609375,371.149439669224,366.3040513379726,370.805440073003,42998700,-0.0088469232806685,0.17643588814543687,2.069633700258127e-06,0.07320545930459582,0.9174839231081203,True,0.9906893824127161
2023-09-07,365.6750183105469,366.4514693964616,362.8149536720257,363.85676044832894,52060700,-0.0071773059133506,0.1746956013660133,2.1248073860645417e-06,0.07427619244659421,0.9161158548410084,True,0.9903920472876027
2023-09-08,366.1860961914063,368.4171596418996,365.2229332864503,365.62590082593965,35800100,0.0013966528725456,0.17160711243551127,1.9010212908203106e-06,0.07123332925319419,0.9203714686758536,True,0.9916047979290478
2023-09-11,370.500732421875,371.0117977846171,367.2475384918476,369.2132160323528,39936600,0.0117137578623767,0.16596459440577865,1.9163612751685437e-06,0.07181417089053786,0.9196148581527381,True,0.991429029043276
2023-09-12,366.3924560546875,370.4810687428494,366.1074244266524,368.82987689238536,41391000,-0.0111503783637367,0.1685094255016112,1.7825174933247424e-06,0.07111331791257859,0.9215138346457717,True,0.9926271525583503
2023-09-13,367.7881164550781,369.39014857434654,365.4981151393808,366.62837381440505,46300700,0.0038019586293209,0.16998851560002542,1.7698112403594476e-06,0.0714560274194764,0.9214667794444691,True,0.9929228068639455
2023-09-14,370.795654296875,371.7784932851186,367.4736837114587,369.5376215916778,48039400,0.0081441119726195,0.1652132502133555,1.7515486150375313e-06,0.071534194542781,0.9214597916312265,True,0.9929939861740075
2023-09-15,364.4464416503906,369.8618928673542,363.5127328219973,369.4589253726717,69811200,-0.017271509654336,0.16353105059525636,1.7492406295233465e-06,0.07144684936841728,0.9214262688882418,True,0.992873118256659
2023-09-18,364.826416015625,365.9386364532325,363.22206476755633,363.5075090480625,36903500,0.0010420637368429,0.17480530116847093,1.7856593001482533e-06,0.07126395192971581,0.9215582226281022,True,0.992822174557818
2023-09-19,364.0488586425781,364.8461081913443,361.0271681103356,363.50752673963694,37621700,-0.0021335822329166,0.16900585406450278,1.7653453088972911e-06,0.07100217627418248,0.9217732692769638,True,0.9927754455511463
2023-09-20,358.8026733398437,365.466112467644,358.72391560385915,365.1117927675392,45514200,-0.0145155047323196,0.16369201626683827,1.7456566935012785e-06,0.07090442038233198,0.9218585199484262,True,0.9927629403307582
2023-09-21,352.22784423828125,355.9090030735523,352.0605365859801,355.1215757656396,69734800,-0.018494329969316,0.17017482976198567,1.7694384327786683e-06,0.07084313977491295,0.921850542170007,True,0.9926936819449199
2023-09-22,352.2771301269531,356.1058927539744,351.9621591548039,353.9700615556488,51589700,0.0001399163683597,0.18270643882371007,1.8267085769238823e-06,0.07121182165297962,0.92134100316257,True,0.9925528248155495
2023-09-25,353.9502868652344,354.0388968388634,350.32821151607146,351.31247308077525,39168000,0.0047383033522408,0.17646704838674807,1.8258495879671057e-06,0.07114636412800242,0.921210582087548,True,0.9923569462155505
2023-09-26,348.6352844238281,351.91289229277817,347.6510228478301,351.3715304036116,53657700,-0.015130125214791,0.1717554975321538,1.8053786861107933e-06,0.07085078885394613,0.921509446030953,True,0.9923602348848991
2023-09-27,349.45220947265625,351.36167917526865,345.83010434399625,349.78685477636566,56066000,0.0023404671445409,0.17840962885499115,1.792474995989684e-06,0.07084118743097913,0.9218951860885445,True,0.9927363735195236
2023-09-28,352.37548828125,354.50149684068487,347.68054144851845,348.5368441938577,56453300,0.0083305225018679,0.17266626645355523,1.7851690655804863e-06,0.07074135509395106,0.9218377429234624,True,0.9925790980174135
2023-09-29,352.63134765625,357.23771418524734,351.40102081312307,355.849901901727,64829600,0.000725835192485,0.1707772977879949,1.7633280627266586e-06,0.07052254715145692,0.9221935781317353,True,0.9927161252831922
2023-10-02,355.5743713378906,356.9720060523361,352.2869410494211,352.8971784631042,51625100,0.0083112591270192,0.16525827392747117,1.7353215210183268e-06,0.07029731768756722,0.9225061257679203,True,0.9928034434554875
2023-10-03,349.3341369628906,355.3282864453552,347.7199335363626,353.13337228482897,60478500,-0.0177055527627128,0.16371539551579042,1.7438281177177803e-06,0.070567650737728,0.9220863411128165,True,0.9926539918505445
2023-10-04,354.0881042480469,354.9345547909679,349.70812819170675,350.17073233689933,54786700,0.013516887547881,0.1756093329128233,1.8067593436969159e-06,0.07086524244197671,0.9215627963916793,True,0.9924280388336559
2023-10-05,353.04473876953125,354.4817520633378,349.5506226679585,354.078201267947,45897400,-0.0029509765978949,0.17936725654887248,1.825464619071997e-06,0.07106773569011329,0.9212979546982819,True,0.9923656903883952
2023-10-06,358.960205078125,360.1511531623578,349.2652226471083,350.0526198848716,75049100,0.0166167453529719,0.17385686644344323,1.76683822384062e-06,0.07018215993088948,0.9225111937068724,True,0.9926933536377619
2023-10-09,360.79095458984375,361.3322864922869,355.10192335075635,356.5979902725734,45304800,0.005087184467458,0.18252586814299424,1.7921774372053212e-06,0.07027166225228157,0.9224741688669641,True,0.9927458311192456
2023-10-10,362.7889709472656,365.436636991541,360.62361350091794,361.1255664796792,46968800,0.0055226005173668,0.1777277483989377,1.7684527299521472e-06,0.06980308872382478,0.9229700951984723,True,0.9927731839222971
2023-10-11,365.3775939941406,365.5646061019628,362.3952825342405,364.1177403419748,38215100,0.0071100049811184,0.17347111039637328,1.7492030766979808e-06,0.06946087172856862,0.9233217524197584,True,0.9927826241483271
2023-10-12,364.1078186035156,367.8578521974668,361.71607057032304,365.8795071756126,49587900,-0.0034812942139961,0.17042829205391458,1.7496671562572245e-06,0.06980611403697173,0.9228596054679069,True,0.9926657195048787
2023-10-13,359.5310974121094,365.31856077000174,358.13343264064804,364.73784999596586,52469900,-0.0126493534696436,0.16554053941096908,1.733267325867478e-06,0.06971755323701091,0.9229250159948416,True,0.9926425692318525
2023-10-16,363.5960388183594,364.64920581637176,360.70230764915857,360.8499408644695,44201100,0.0112427926432508,0.16945268120088483,1.7618299711861274e-06,0.06936317748894982,0.9234318039586247,True,0.9927949814475745
2023-10-17,362.4051513671875,364.09808260584856,357.93659506794,360.0527516069459,50999100,-0.003280679247867,0.17062518093257933,1.751362609648701e-06,0.06961362354917155,0.9231604013427517,True,0.9927740248919232
2023-10-18,357.65106201171875,362.1196172018905,356.3223031072061,359.91488126610767,54280500,-0.0132049646909419,0.16557100895686333,1.731392694196604e-06,0.06976239976482092,0.9229710118006018,True,0.9927334115654227
2023-10-19,354.3046875,360.2594588062133,353.5074379211459,359.0685105524273,72274200,-0.0094005818690252,0.16973633163856852,1.7554811395945526e-06,0.07028493608291181,0.9223315149263318,True,0.9926164510092437
2023-10-20,349.0191345214844,354.37351949388653,348.7927435626663,353.80263100200693,72559700,-0.0150304946885779,0.1689568268712989,1.7736020264590823e-06,0.07098339264328105,0.9214882715704588,True,0.9924716642137398
2023-10-23,350.07232666015625,353.60582210048005,345.59391848351896,347.70025266627835,60665200,0.0030130333266092,0.17564091237441185,1.7966728704536045e-06,0.07103675622058639,0.9213911201522047,True,0.9924278763727911
2023-10-24,353.4779357910156,354.2456587734363,350.1905050695075,351.8834365227024,47082100,0.0096812862206389,0.17024309742481583,1.8141960830419887e-06,0.07189211281914946,0.9203425478339091,True,0.9922346606530585
2023-10-25,344.826171875,351.2632505247359,344.24546119183015,351.08609066287613,71190500,-0.024780626537073,0.16978301146959518,1.8641857290825494e-06,0.07320875040092263,0.9187640599168932,True,0.9919728103178159
2023-10-26,338.25128173828125,344.5604010176588,336.9619016866416,343.6253406577943,78621400,-0.0192513840527401,0.19710538382846554,2.0391046880203446e-06,0.0754480177147057,0.9161119351777863,True,0.991559952892492
2023-10-27,339.8753967285156,343.34983924117734,338.664744054355,340.97776499899555,63476700,0.0047900138636179,0.2091955394642129,2.1673475754532603e-06,0.07826286396998158,0.9129440658449962,True,0.9912069298149778
2023-10-30,343.7041931152344,345.0231001713401,340.997473475985,342.355729372727,55298500,0.0112023134796385,0.20216986361278472,2.165861954392293e-06,0.07799571670661534,0.9130639674066896,True,0.9910596841133049
2023-10-31,345.3478698730469,345.72189409468723,341.1647579872037,343.7336964353076,47671900,0.0047708437830375,0.2012855872372468,2.2409876255181785e-06,0.07952019203207017,0.9111987456524239,True,0.990718937684494
2023-11-01,351.3420104980469,351.9030468160759,346.0860571858595,346.18448935280355,58992700,0.0172079104481384,0.19347653451291266,1.9399498155523894e-06,0.0739059216247694,0.9181469709302578,True,0.9920528925550272
2023-11-02,357.72003173828125,357.95624490601404,354.62943595313834,355.8499407400772,58162400,0.0179905082612965,0.20114450380127183,1.9569665643315638e-06,0.07423599451674254,0.9178515053275359,True,0.9920874998442785
2023-11-03,361.9228210449219,363.21220132553935,358.7830241681351,359.0094151473788,53280500,0.011680341359942,0.2084844465998303,1.8849865341563729e-06,0.07250700787913461,0.9199962834881068,True,0.9925032913672414
2023-11-06,363.3992309570313,363.9602672996411,361.1354412045345,362.6905613761771,38848700,0.0040710521543807,0.20780195835634474,1.952129294316975e-06,0.07422462300564761,0.9179981480885493,True,0.9922227710941969
2023-11-07,366.8343505859375,367.70047565765793,363.2417713219163,364.4425718071657,50777400,0.0094083456432528,0.2007808325794173,1.9233352443660315e-06,0.07334363788025956,0.9188538598279086,True,0.9921974977081681
2023-11-08,367.0705261230469,367.9071544964655,364.7870319858255,367.2083071286431,35663400,0.0006436135056663,0.19714224310557418,1.6362527841377713e-06,0.06757591799027139,0.9262317810773778,True,0.9938076990676492
2023-11-09,364.2456970214844,368.9012351592412,363.7535662221592,367.7595181376134,53859400,-0.0077253671155393,0.1908382558699133,1.593458051332731e-06,0.06583170257411808,0.9282140595984687,True,0.9940457621725868
2023-11-10,372.4347534179688,372.5823866474113,365.436637969596,365.9681476328688,58309800,0.0222332321185847,0.18747684018557273,1.5926732216230556e-06,0.06627344740414079,0.9277133178593846,True,0.9939867652635254
2023-11-13,371.2732849121094,372.3264519626699,369.3342884882079,370.8599118886135,40733500,-0.0031234554160219,0.20354325614020338,1.6170991629618998e-06,0.0658656667892004,0.9283290775939151,True,0.9941947443831155
2023-11-14,379.2654418945313,380.1808278486308,377.1492858370328,377.6709431910885,67792600,0.02129792587459,0.19747907758555208,1.6248434377501783e-06,0.06485624850525147,0.9292363500297436,True,0.9940925985349951
2023-11-15,379.5509338378906,381.6474157438796,378.1926480938821,381.155284969226,54141400,0.0007524665148519,0.21116522432306453,1.7929521023897069e-06,0.06616032615933096,0.9276022269371565,True,0.9937625530964875
2023-11-16,379.8757934570313,380.112006639624,377.52339371034566,378.7832474129765,45343500,0.000855539125184,0.20422277011893175,1.7618628957178767e-06,0.06566524747580367,0.9281079285318148,True,0.9937731760076185
2023-11-17,379.96435546875,380.9781437125755,378.241897673309,379.14740152203535,46571900,0.0002331069561011,0.19777682671313002,1.7628518465343805e-06,0.06536967028433377,0.9282937530960608,True,0.9936634233803945
2023-11-20,384.5903625488281,385.2498310279321,379.9741733069402,379.9741733069402,44429600,0.0121013275425521,0.19158152680792276,1.7531151234798297e-06,0.06515208530254238,0.9284544832255686,True,0.9936065685281109
2023-11-21,382.3560485839844,383.10409690163175,380.6139166222421,382.88755818006416,43337000,-0.0058265356050379,0.1920459583223622,1.71939817090567e-06,0.06511440934735867,0.9286366646282463,True,0.993751073975605
2023-11-22,383.9210510253906,386.8836878506186,382.9171150755001,384.4230340189749,44121000,0.0040846963015741,0.18760343973585528,1.7075150542675897e-06,0.06501962767616049,0.928712681225199,True,0.9937323089013594
2023-11-24,383.3797302246094,384.1080741677964,382.3856164361023,383.51751122375975,15718800,-0.0014109744283244,0.1825885961329547,1.6954723477669776e-06,0.0649886499894572,0.9287212590752794,True,0.9937099090647366
2023-11-27,383.0451049804688,384.9939237494987,382.1690977273863,382.8876195179838,34139700,-0.0008732109139277,0.17706231023412755,1.6767102527770156e-06,0.06504183632473119,0.9286714494992013,True,0.9937132858239325
2023-11-28,384.0490112304688,384.62972193238,381.9426771250106,382.2970268974436,35491100,0.0026174280363397,0.17156789194209554,1.639396518163542e-06,0.06525782337967928,0.928550993309013,True,0.9938088166886923
2023-11-29,383.6749877929688,387.9368570741418,383.3304902471519,386.50966582887696,38811700,-0.0009743696108682,0.1668584101388667,1.690769430783485e-06,0.06571506694547527,0.9278452256561223,True,0.9935602926015975
2023-11-30,382.7104187011719,384.40334982807576,379.7478117570499,383.9407456818497,52834400,-0.002517191984441,0.16171670773553934,1.6662983066295041e-06,0.0660881871710035,0.9275312171642436,True,0.9936194043352471
2023-12-01,383.8029479980469,384.3935109305604,379.9938606373886,381.6474128186037,40490100,0.0028506483622637,0.15706752873171065,1.6634312471855366e-06,0.06658399034259077,0.9270149560845523,True,0.9935989464271431
2023-12-04,380.2399597167969,380.5155517714202,376.6375585502535,380.0135687287101,51186900,-0.0093267382586795,0.152451055081008,1.6231821078388552e-06,0.0671749856813508,0.9265759016198012,True,0.993750887301152
2023-12-05,381.1946716308594,382.38561971941857,378.1631291761713,378.3403190869991,42933000,0.002507667434756,0.1531357531884526,1.6621421805359707e-06,0.06733442951405191,0.9262585093740202,True,0.9935929388880721
2023-12-06,378.9899291992188,384.2262082878161,378.6454616580141,384.12777611720855,41994100,-0.0058005611033255,0.1485021104390187,1.614409829635936e-06,0.0679510660837605,0.9258380948521392,True,0.9937891609358998
2023-12-07,384.2852478027344,385.1120239390845,380.86985886236414,381.96240485355264,49593500,0.0138754769479445,0.14576580672335765,1.5732528726370854e-06,0.06840376138891414,0.9255552642358811,True,0.9939590256247952
2023-12-08,385.9978942871094,386.44079399552544,382.3659664916928,382.5529786032287,46687500,0.004446804591604,0.15332592961250216,1.5555165320460405e-06,0.0672944984733276,0.9267285938573253,True,0.9940230923306529
2023-12-11,389.2951049804688,389.5608748143193,385.3679111336152,385.5745976420608,41198000,0.0085057664014782,0.1496769246762397,1.5234771470348161e-06,0.06756057404737333,0.9265618625103993,True,0.9941224365577727
2023-12-12,392.3956298828125,392.5137364822701,388.2026653783669,389.3345603395468,39221200,0.0079329100985516,0.1493969088530716,1.4945025988189084e-06,0.06750091501713025,0.9267131332439138,True,0.9942140482610441
2023-12-13,397.3857727050781,397.9960100971529,392.5628968248012,393.33061967890825,55408100,0.0126369377981719,0.14858983255266575,1.707211811607514e-06,0.07168623088330107,0.9220558433404396,True,0.9937420742237406
2023-12-14,397.0412902832031,399.9054650273427,394.0392744636932,398.60626257953487,55447800,-0.0008672475033016,0.15404408044208517,1.6724623839423158e-06,0.07044902239910947,0.9233896599613556,True,0.993838682360465
2023-12-15,398.9606323242188,400.1417583745453,397.2184999354061,397.81888515217855,62896600,0.004822465137871,0.14918842211228966,1.5962021766365818e-06,0.06977337630860364,0.9242794381458352,True,0.9940528144544389
2023-12-18,401.4735412597656,402.37101203906553,399.0277159333285,399.3531578172472,46610000,0.0062788853207433,0.14599344634340106,1.5535130855278938e-06,0.0695716371158998,0.9246101849653818,True,0.9941818220812816
2023-12-19,403.5248718261719,403.6432143177387,401.739802351394,401.92718799546697,35711900,0.0050964945351618,0.14402174117671887,1.551926808680445e-06,0.06995209143144762,0.9242526083038486,True,0.9942046997352962
2023-12-20,397.5286254882813,404.81686222390726,397.3511117357138,402.7260644342573,54042400,-0.0149711807153708,0.14123065212446587,1.4905930820521671e-06,0.06947577558957556,0.9249175257879744,True,0.9943933013775499
2023-12-21,402.1540222167969,402.5189517146843,398.8994831384828,401.4538090400257,45568900,0.0115682097739584,0.15125266524616487,1.4917422873915827e-06,0.0678726816933224,0.9264579977522003,True,0.9943306794455227
2023-12-22,402.755615234375,404.32371344102273,400.8817888923147,403.3670715052,34314000,0.0014948091105046,0.15435782898389513,1.4500242280510264e-06,0.06691985736296902,0.927515331109123,True,0.994435188472092
2023-12-26,405.22119140625,405.8918189348546,403.5150068640605,403.61363564115584,22722500,0.0061031054474165,0.1496164449976428,1.378011875103146e-06,0.06614293981383532,0.928460926413776,True,0.9946038662276113
2023-12-27,406.0460815429688,406.3322463869044,404.644888619348,405.5033831511548,31980500,0.0020335848579112,0.14719388318234577,1.3255357127139611e-06,0.06555758923932012,0.9291591355130283,True,0.9947167247523484
2023-12-28,405.84869384765625,407.4472479623729,405.493479675344,407.2005614161215,27029200,-0.00048623960933,0.14292881371830246,1.274626933202995e-06,0.06521984023165343,0.9296033816480986,True,0.994823221879752
2023-12-29,404.09228515625,406.1842123547382,402.1779951562804,405.8289680708048,42662100,-0.0043371344090866,0.13856831278165452,1.2264168682748186e-06,0.06504773196525784,0.929879708144067,True,0.9949274401093248
2024-01-02,397.2541809082031,400.7077928852175,394.9353211295864,400.4611063154308,58026900,-0.0170669504911255,0.13558891697730904,1.199655666269176e-06,0.06516611630441069,0.9298298614872393,True,0.99499597779165
2024-01-03,393.0506286621094,395.6852544540013,392.6164880071653,394.6294287174648,47002800,-0.0106379003046347,0.14959129955949854,1.253165670944735e-06,0.0634156294307762,0.931243263091253,True,0.9946588925220292
2024-01-04,391.0278015136719,394.2939291818346,390.8107161348315,391.1856845267472,39432800,-0.0051597686109752,0.1514454399583931,1.246307151113609e-06,0.0631173553127928,0.9314835779492591,True,0.9946009332620519
2024-01-05,391.4915771484375,394.2643317193187,390.1002613136189,391.1955653168191,44922800,0.0011853398183188,0.14838117041772184,1.2197343028069408e-06,0.06288158047816685,0.9317081640440231,True,0.99458974452219
2024-01-08,399.58294677734375,399.86908153761993,392.56716456476687,392.7151704947561,42473800,0.0204573692399189,0.1441306455385572,1.1948590136124324e-06,0.06288445979190807,0.9317704967537727,True,0.9946549565456807
2024-01-09,400.372314453125,401.2998583916522,396.38585093731285,396.5832122441471,39132900,0.0019735301966035,0.16287530849370005,1.29666916159242e-06,0.06231707663177308,0.9319435349548478,True,0.9942606115866209
2024-01-10,403.0858459472656,404.0923162885945,399.7999941615258,400.68805977012255,33962800,0.006754656172611,0.15822320975040308,1.270501549011174e-06,0.06197630694943335,0.9323177765927544,True,0.9942940835421877
2024-01-11,403.9246215820313,405.7501083394396,398.8823321098312,404.3587923820562,54536200,0.0020787238097893,0.15631921823638056,1.2817087943503748e-06,0.06256769735669136,0.9318499736624644,True,0.9944176710191557
2024-01-12,404.1318054199219,405.7994090479151,402.7404895467562,404.9606686844044,39595000,0.0005127954818685,0.15195647067032433,1.2545425648940152e-06,0.06234268499363425,0.932122240176242,True,0.9944649251698763
2024-01-16,404.09228515625,405.6710850682904,401.4379355206149,402.8983307090454,43903000,-9.779531237481123e-05,0.14759286473059874,1.2322036334555682e-06,0.06232240359214829,0.932203114324644,True,0.9945255179167922
2024-01-17,401.8129577636719,402.1879261807825,397.57983776151127,400.7867632793887,54386000,-0.0056565793316646,0.14318997942652517,1.1914543355738079e-06,0.06207357282832936,0.9324938169288687,True,0.994567389757198
2024-01-18,407.5162963867188,408.09847302098166,403.7370717564685,405.0790321107484,59562500,0.0140942218661221,0.1408732011716531,1.1691833324581231e-06,0.0619987272818432,0.9325718757532897,True,0.9945706030351329
2024-01-19,415.5978393554688,415.7557223922179,409.1346625144501,409.71683927383793,70325100,0.0196371373412664,0.14827288250380197,1.2029598642716503e-06,0.06163715232773684,0.9327331159791362,True,0.994370268306873
2024-01-22,416.1405334472656,419.1007723864439,415.53860253748337,417.7982600260596,44880600,0.0013049636437532,0.16439530978046057,1.2936556683803588e-06,0.06174666419790294,0.9322941819018765,True,0.9940408460997795
2024-01-23,417.8673400878906,418.08442548159593,414.9959046992415,416.8312383898438,33003800,0.0041409899426544,0.15957327615871322,1.2670826732220726e-06,0.06134050418538935,0.9327271591297424,True,0.9940676633151317
2024-01-24,420.1861267089844,424.1528657583579,419.692753602394,421.7748037710198,46948000,0.0055337580004357,0.15599469490670403,1.2538810032308965e-06,0.06131828663113604,0.9328860501203045,True,0.9942043367514405
2024-01-25,420.6993103027344,423.3536603803969,418.360726282685,422.68264997969175,44367200,0.0012205792486691,0.15301507869178071,1.2327514594364338e-06,0.06113991766437753,0.9330485666317928,True,0.9941884842961703
2024-01-26,418.1929626464844,420.56114783250166,417.5417064505357,418.8146176568495,37137000,-0.0059753920605981,0.14859615059125553,1.2066046374981532e-06,0.06103508230693839,0.9331329447626994,True,0.9941680270696378
2024-01-29,422.475341796875,422.67270306450007,417.9955060170797,418.6467620645206,38694700,0.0101881233525919,0.14626967010167655,1.1940608371656138e-06,0.06106161663879894,0.9330676057508529,True,0.9941292223896518
2024-01-30,419.6631774902344,422.0116384359929,418.75538778321743,421.4393388479263,36739000,-0.0066786513029185,0.14782573717530254,1.2062705861511941e-06,0.06121013371278338,0.932789071447651,True,0.9939992051604344
2024-01-31,411.443603515625,417.2654006290457,411.2659964098067,415.2721839553905,64010600,-0.0197804714502569,0.14632760942742978,1.1989414481096246e-06,0.06154125660046363,0.9327088904152409,True,0.9942501470157045
2024-02-01,416.2885437011719,416.7819168628328,412.2724789381055,413.2395011756799,51008600,0.0117066747581215,0.16295878266642613,1.2880225674207065e-06,0.061478331566984575,0.9324291794808607,True,0.9939075110478452
2024-02-02,423.3240356445313,424.5377143092311,417.18647251424335,418.1830657905494,59602400,0.0167592930108573,0.16519662966218335,1.3049055208492262e-06,0.0617557921997385,0.9321905893315854,True,0.9939463815313239
2024-02-05,422.7714538574219,423.916053037669,419.3671671611068,423.3832317302422,39889200,-0.0013061926757221,0.17479141276804255,1.3974610585145955e-06,0.06337985984467441,0.9305064968135398,True,0.9938863566582142
2024-02-06,421.9228515625,424.5179991788691,419.5842676232192,423.9160682702638,35846100,-0.0020092537027132,0.16955697468547182,1.3831832330118278e-06,0.0630170143813074,0.9308736257698471,True,0.9938906401511545
2024-02-07,426.2645568847656,427.0934202261627,423.4029984199902,424.70551086208974,37712700,0.0102376979434099,0.1642997074814009,1.3249021071047364e-06,0.062126573794804456,0.9318434217775929,True,0.9939699955723974
2024-02-08,427.053955078125,427.8137389159285,425.70211741625366,426.382944683857,29889900,0.0018501846789456,0.16460938281437332,1.3157774899463585e-06,0.06198018604026212,0.9319897304402506,True,0.9939699164805127
2024-02-09,431.2574768066406,432.0468919482536,427.3993251082334,428.1887101367379,36943900,0.0097949419750792,0.15970433495335243,1.2745270115100221e-06,0.06141895122352099,0.9325610568506962,True,0.9939800080742173
2024-02-12,429.5701293945313,433.3197833916252,428.8892720404384,431.14892949261775,33203300,-0.0039202961452088,0.1598245105497355,1.265541666525429e-06,0.06131176545636349,0.9326217556573781,True,0.9939335211137417
2024-02-13,422.8701477050781,425.5540990543251,419.692823167463,421.61699064734256,64491700,-0.015719857074881,0.155841921657818,1.2455098020609122e-06,0.061155685103196675,0.9327103658970962,True,0.9938660510002929
2024-02-14,427.4782104492188,427.9025041084018,423.19573534961575,425.54419623622834,45092700,0.0108381648705539,0.16387268464790275,1.2862778879605057e-06,0.06146868089660781,0.9322040009200676,True,0.9936726818166755
2024-02-15,428.7511291503906,429.2149010993665,425.6132531423956,428.1689524677369,38796100,0.0029733146952133,0.16485978660967435,1.3015995107997614e-06,0.061744016203392586,0.93177938814555,True,0.9935234043489425
2024-02-16,424.8634033203125,429.2248055310627,424.1529447100537,429.1261549818656,53716500,-0.0091089187527077,0.16040571085397143,1.3006558055090465e-06,0.06184511782233824,0.9315308231369606,True,0.9933759409592988
2024-02-20,421.6564331054688,424.379832396936,417.8870550394781,422.8701117733365,53999500,-0.0075768704269785,0.15994863151528715,1.322805996884436e-06,0.06232544163290353,0.9308506405641384,True,0.9931760821970419
2024-02-21,419.9690856933594,420.0579193614601,416.04185462250535,418.9231370059664,49779000,-0.0040097398075171,0.15821574162601418,1.343759283313845e-06,0.06285733867045971,0.9301160951535177,True,0.9929734338239774
2024-02-22,432.263916015625,433.29998748267104,427.9616869153111,428.7313477484864,53887800,0.0288552153369089,0.1543751268254005,1.3619289259755681e-06,0.06348939985468369,0.9292751174692716,True,0.9927645173239553
2024-02-23,430.9910278320313,434.7505286525933,430.0141586762791,433.82298476432334,39853900,-0.0029490456212903,0.19104820718019158,1.5714381321203421e-06,0.06469695675950607,0.9274786027853923,True,0.9921755595448983
2024-02-26,430.7640686035156,432.7869165083509,430.576584404699,431.80017024641353,33043200,-0.0005267372010956,0.18475387679880192,1.5091247089752436e-06,0.06326786518400808,0.9291396663833299,True,0.992407531567338
2024-02-27,431.8001708984375,432.184986282359,429.26422577428366,431.8692503640229,33713200,0.0024023782711773,0.1791921761563351,1.5349095437943118e-06,0.0637476853589685,0.9283841825941415,True,0.9921318679531099
2024-02-28,429.5010681152344,430.88253708025496,428.5439229619259,429.6589511430398,32938800,-0.0053386855602392,0.17404213236298705,1.5595461785817101e-06,0.06429731547553247,0.9275901258062376,True,0.99188744128177
2024-02-29,433.181640625,434.25719051548447,429.25437937497,432.4218567885407,42495200,0.0085329050981696,0.16966912054555128,1.4277373256382458e-06,0.06185312597640509,0.9307595425281032,True,0.9926126685045084
2024-03-01,439.7039794921875,440.6611245537349,434.0104645029844,434.0696668685972,43853000,0.0149445932169848,0.16826174027710716,1.467076296043694e-06,0.06278970995652106,0.9295644400010816,True,0.9923541499576027
2024-03-04,438.1350708007813,440.1283175514719,437.8883842316844,439.7039937666643,34325700,-0.0035744829564563,0.17370845190046186,1.4093938898317918e-06,0.06145225834982167,0.9313486163758621,True,0.9928008747256838
2024-03-05,430.2707214355469,435.1058025012789,427.9025362866196,435.0959254018696,57917100,-0.01811264834444,0.1691438542295116,1.4007922769289833e-06,0.06136409298286644,0.9313956656955849,True,0.9927597586784513
2024-03-06,432.9744262695313,436.1319964262868,431.09961428378455,434.4841469349036,46234500,0.0062640692089783,0.17896528474376905,1.350039734021688e-06,0.05995271142317795,0.9332950890693136,True,0.9932478004924915
2024-03-07,439.5461730957031,440.7993301178958,435.01698085540727,436.5563328635165,44526700,0.0150641053201408,0.17542985884209172,1.3392035813033312e-06,0.0597190019310397,0.9335158922810362,True,0.9932348942120759
2024-03-08,433.2013244628906,442.6938486090239,432.5303442452579,439.9013398799173,72096000,-0.0145401973295111,0.1804704114563171,1.362739663059671e-06,0.06019798539332964,0.9329893116690442,True,0.9931872970623739
2024-03-11,431.5929565429688,432.8461134391734,429.6687893111129,431.7113612748173,45860000,-0.0037196586741537,0.1836351882169956,1.2815100256529112e-06,0.05807200706850193,0.9356210905723045,True,0.9936930976408064
2024-03-12,437.7798461914063,438.1350603881726,430.6752611250207,433.901940644511,55300900,0.0142332359057337,0.17817052892814741,1.0971987239280753e-06,0.053551457915946475,0.9413149388922477,True,0.9948663968081942
2024-03-13,434.4150695800781,436.8030089363392,433.3000414147338,436.7832547374501,37928700,-0.0077156911674067,0.18164644017105228,1.1249319332272104e-06,0.05446601131562731,0.9402844969579741,True,0.9947505082736015
2024-03-14,433.31982421875,436.1715056274267,430.6062716458752,435.6485312451789,52195200,-0.0025243791641321,0.1789406113058934,1.0801088394141655e-06,0.05285961162498205,0.9421473748583717,True,0.9950069864833538
2024-03-15,428.1689453125,433.0533211737261,427.0045618535446,430.2904437237258,73069800,-0.0119582296816115,0.17456002819462965,1.075724746898132e-06,0.053000418191839274,0.9419395568073711,True,0.9949399749992104
2024-03-18,432.2525634765625,435.77002263361766,432.0154107319482,433.4876272298241,47323800,0.0094922053531596,0.17577878993633111,1.0826942207578383e-06,0.05324180099356419,0.941668126504403,True,0.9949099274979673
2024-03-19,433.32952880859375,433.7346333318046,428.15212113029696,430.2468145521752,43004100,0.0024884199831886,0.17487633426475455,1.0971067946290284e-06,0.053910724938261656,0.9408944471781843,True,0.9948051721164459
2024-03-20,438.4674072265625,438.80334096798737,432.8256441272629,434.5250931534227,43653500,0.0117870061037132,0.17055585048915753,1.1087844334364454e-06,0.05458371156737688,0.9400787702316759,True,0.9946624817990527
2024-03-21,440.5423278808594,443.97086631640985,440.344735757662,443.51637126483735,39345700,0.0047210501210557,0.17216668763278475,1.0415036685738702e-06,0.052453975473962,0.9428769089892601,True,0.9953308844632222
2024-03-22,441.0462341308594,442.1429563269523,439.1788031661495,440.0285427517674,28253900,0.0011431779553215,0.16863934517645746,1.0372365031818677e-06,0.052722619622861115,0.9425424055164977,True,0.9952650251393588
2024-03-25,439.4455871582031,440.9276637079466,437.2521126584658,438.2500236979711,27789200,-0.0036358060284306,0.16466879583225302,1.0222418592455956e-06,0.05214229346347512,0.9432287611013488,True,0.9953710545648239
2024-03-26,438.0227966308594,441.8860798362607,437.79553403539165,440.967169447926,34142000,-0.0032429470976996,0.16100563367624732,1.014596044279767e-06,0.0524481124055234,0.942879551424926,True,0.9953276638304493
2024-03-27,439.51470947265625,441.2042983789603,436.64936762664576,441.10548724918266,41359200,0.0034002290929402,0.1576993689221673,1.0074223743780517e-06,0.0521695102498856,0.9432232255750952,True,0.9953927358249808
2024-03-28,438.7045593261719,440.3150873730311,438.3488452662453,439.4653477847637,36839600,-0.0018449842882695,0.15410314205603678,9.983197388959938e-07,0.05262900044258487,0.9427309080990719,True,0.9953599085416568
2024-04-01,439.6333618164063,442.1825204613971,437.7264002216161,439.65311198392817,38729000,0.0021149100228421,0.15058371498022807,9.91367095926169e-07,0.05261303313221878,0.9427862465351575,True,0.9953992796673763
2024-04-02,435.8392028808594,436.15538646711934,432.79601878365486,434.8215114618378,44259700,-0.0086677363586289,0.14674056556235807,9.825248949469837e-07,0.05327944090698396,0.9420939652314549,True,0.9953734061384389
2024-04-03,436.8173828125,438.694673809478,433.70502798159896,433.71488798828096,39949800,0.0022418448616805,0.14653445782888072,9.852743826406313e-07,0.05368723682213357,0.9416400319545541,True,0.9953272687766878
2024-04-04,430.1381530761719,441.60944178188765,429.9108904729682,440.996824784503,57267700,-0.0154087761451287,0.14323288299861783,9.723188357207925e-07,0.05368044974365938,0.9417226829500741,True,0.9954031326937335
2024-04-05,435.2068786621094,437.87462875113954,430.7507584555262,431.5609676118008,54744600,0.0117150578562583,0.15171968997614596,9.931770975158705e-07,0.05238322709423837,0.9430320087995845,True,0.9954152358938229
2024-04-08,435.3352966308594,437.2125875865216,433.9520311978938,436.135615565394,28144900,0.0002950298637472,0.1547967617392686,1.0490506363150178e-06,0.05254318028386432,0.9427895353726254,True,0.9953327156564897
2024-04-09,436.9458618164063,437.94377295312506,432.213088463687,437.6671198430058,39443600,0.0036927703875354,0.1508011012543874,1.015879707091558e-06,0.052596333244888584,0.9428154061493127,True,0.9954117393942012
2024-04-10,433.1319580078125,433.9915576445621,431.0669348170311,431.7783328186388,61502200,-0.0087668669378037,0.14752721984800704,9.918565188091376e-07,0.05282464606966303,0.9426346080414613,True,0.9954592541111242
2024-04-11,440.0483093261719,440.99682993017785,432.7268471276374,434.9993827274123,45474600,0.0158420803288787,0.14760720709695815,9.920921431630115e-07,0.05284781723282498,0.9426132860945228,True,0.9954611033273477
2024-04-12,433.03314208984375,436.9557061389372,431.6597667487768,435.82934357135736,53665000,-0.0160702491119115,0.15560476973957252,1.0102437817009428e-06,0.052495934010314174,0.9429140349926814,True,0.9954099690029956
2024-04-15,425.9092712402344,436.8667534586716,425.0694218407343,436.7778324850197,63453600,-0.0165879204196408,0.16297238473178646,1.0313000367386884e-06,0.052778381855318704,0.9425738247847153,True,0.995352206640034
2024-04-16,425.9488220214844,428.5770414842701,424.5655565549986,425.7511997464469,47619000,9.285767568871148e-05,0.17048505574749917,1.0583992924772087e-06,0.052969240089094094,0.9423595577286021,True,0.9953287978176962
2024-04-17,420.7516784667969,427.9446892970782,419.822908016896,427.9249391300538,56880500,-0.012276380663792,0.16614746937012145,1.042770943314023e-06,0.052539480910358635,0.9428108748040388,True,0.9953503557143975
2024-04-18,418.3507080078125,423.12298141821606,417.7776215004224,421.3938920422411,46549400,-0.0057227271671529,0.1684193065961573,1.0623482567023497e-06,0.05242970380494236,0.9429066816400365,True,0.9953363854449789
2024-04-19,409.69537353515625,417.69859329896826,408.13426609892537,417.17492743365193,75231000,-0.0209062029559076,0.16541387896637227,1.0412873629716662e-06,0.05249778503930502,0.9428612619682971,True,0.9953590470076021
2024-04-22,413.8155517578125,416.1473377835961,408.9938577655325,412.3235850098198,47807700,0.0100064552277645,0.17906438744803638,1.0880969116415776e-06,0.05311158968929589,0.9422042204284746,True,0.9953158101177705
2024-04-23,419.9908752441406,421.18640859511777,413.8649465536008,415.7422375545966,44384700,0.0148126380386594,0.17834279756486407,1.0834834278453692e-06,0.05322361712838574,0.9420829124482638,True,0.9953065295766496
2024-04-24,421.4136657714844,424.5951913796426,419.1312702431236,423.0834744692618,48440300,0.0033819448650214,0.1823818004209742,1.0965853229439491e-06,0.05369056798996879,0.9416041227309464,True,0.9952946907209151
2024-04-25,419.3783264160156,420.2379260997075,413.1437260161894,414.2305581685324,57392200,-0.0048414907612846,0.17795062547254192,1.0805542196788388e-06,0.05308186742052643,0.9422232679359924,True,0.9953051353565189
2024-04-26,425.85003662109375,427.38150380995216,421.8188012818527,422.51041898043206,41874900,0.0153138180464176,0.174270344675364,1.0684162225924025e-06,0.05255027124711815,0.9427634846239665,True,0.9953137558710847
2024-04-29,427.5791015625,428.5770427945168,424.84221094712433,427.9545657944638,30022200,0.004052046572702,0.1791245717304001,1.0829014334451836e-06,0.05316764427406669,0.9421336228574576,True,0.9953012671315243
2024-04-30,419.5165710449219,427.39133873179975,419.4375402321003,425.9981832015452,43665900,-0.0190362771330684,0.17513435360727198,1.0769973586302857e-06,0.053483011543622526,0.9417647027893623,True,0.9952477143329849
2024-05-01,416.4832763671875,425.00030192305,415.6335669199923,418.0938044365129,52251700,-0.0072567190011175,0.1851446959318314,1.1195936539657823e-06,0.05483183420705622,0.9403462257123407,True,0.9951780599193969
2024-05-02,421.7990112304688,422.6981413555137,415.6039416492919,420.2181234298724,36559000,0.0126826158542949,0.18238324222854121,1.1318636855124575e-06,0.05551448654701613,0.9395401276338995,True,0.9950546141809156
2024-05-03,430.2765197753906,431.2645709118845,427.4506778454958,429.2489381506173,48515300,0.0198991473770915,0.1840605011688612,1.1558846388071974e-06,0.056388601283335046,0.9385638036058042,True,0.9949524048891392
2024-05-06,434.989501953125,435.0784229348323,431.3040604511998,432.07473911225696,30227200,0.0108938261040984,0.19516517235913614,1.2126015661555932e-06,0.05819337726066168,0.9366578158550786,True,0.9948511931157402
2024-05-07,435.0586242675781,436.6889023896573,434.32744602239535,435.43408847265937,30996100,0.0001588930830729,0.1935119487192223,1.1565193778232188e-06,0.056267731879377204,0.9388489001133007,True,0.9951166319926779
2024-05-08,434.8017883300781,436.2048342357661,432.3217702850969,432.44036175201296,24896700,-0.000590522206193,0.1883723542700952,1.179247938920279e-06,0.05710064895289602,0.93781580788568,True,0.994916456838576
2024-05-09,435.7502746582031,436.3233611678897,433.220866316018,435.068517003567,24580100,0.0021790464780999,0.18322303128674333,1.1948684592047321e-06,0.057655765676756225,0.9371018094090383,True,0.9947575750857945
2024-05-10,436.7778625488281,439.0009775019168,435.236505260254,437.2521379272072,27116600,0.0023554274570575,0.17835007104758047,1.2127837200370002e-06,0.05830165994822121,0.9362975656664967,True,0.9945992256147179
2024-05-13,437.7856750488281,438.78361632455744,436.3727691901708,438.6848051824084,22994200,0.0023047220762753,0.1735804874252697,1.037980373798461e-06,0.05293785175729211,0.9425079936995318,True,0.9954458454568239
2024-05-14,440.6016540527344,441.1352101310495,437.1731152629732,437.36084739880766,34478300,0.0064117242080513,0.1692848265166794,1.0688775399338824e-06,0.05435909717532483,0.940885771038309,True,0.9952448682136338
2024-05-15,447.48828125,447.73529399413815,441.5599753906856,443.07169217869387,41464700,0.0155091617684423,0.16740989994802058,9.197333191637311e-07,0.04892643665257337,0.947144977194205,True,0.9960714138467783
2024-05-16,446.5793151855469,449.2569250327754,446.4113332432386,447.30057313923777,34780400,-0.0020333280867079,0.17261588899190083,9.345891159971124e-07,0.04922274041422401,0.9468434187208135,True,0.9960661591350375
2024-05-17,446.3619995117188,447.3105201778688,444.16852474110857,446.7077932936881,35803700,-0.0004867412326918,0.16935559574421677,8.964778528855029e-07,0.04585386630394087,0.9504242179072493,True,0.9962780842111901
2024-05-20,449.4743347167969,450.1363120758127,446.3916200736185,446.57935219702347,24474200,0.0069484739755394,0.16558619666949612,8.899594352117773e-07,0.046116168033993266,0.9501442154586501,True,0.9962603834926433
2024-05-21,450.3536682128906,450.5414003294952,447.4290454718327,447.6266677481299,23167700,0.001954448568265,0.16367914556925667,8.871454862994182e-07,0.0463544480554811,0.9498949136863492,True,0.9962493617418302
2024-05-22,450.2647399902344,451.3614923460644,447.6661608786562,450.6105638917276,25120000,-0.0001974825789375,0.1599418452067964,8.867248511108918e-07,0.04724139044054387,0.9489724450044138,True,0.9962138354449577
2024-05-23,448.2392578125,455.0765544193966,446.4508877649814,455.0469140930316,40899200,-0.0045085733924924,0.1576017242489799,8.958692743502037e-07,0.04512189994324274,0.9510590213776614,True,0.9961809213209042
2024-05-24,452.47802734375,453.74273158486886,448.1503585670211,449.8498077178615,29669500,0.0094120561304746,0.15487207641799722,8.886267417521258e-07,0.045509534174039676,0.9506800330243992,True,0.9961895671984389
2024-05-28,454.187255859375,454.24653650445447,451.23299315219873,453.6932303817644,26216800,0.003770367239396,0.1562432802203031,9.812300814160937e-07,0.04451804012012985,0.951227154061946,True,0.9957451941820759
2024-05-29,450.9860229492188,452.7645027751896,449.899160765381,450.0375023855627,29739200,-0.0070732230650057,0.1532509238426019,9.561770550054821e-07,0.044950499797569286,0.950898543586689,True,0.9958490433842583
2024-05-30,446.1544189453125,450.1955740876065,444.8304342178574,450.05723247359657,30536800,-0.0107712248639307,0.15179990462798,9.414111343660521e-07,0.04529375299073134,0.950620371678024,True,0.9959141246687554
2024-05-31,445.3245239257813,447.07339375346913,437.7659386834424,446.3817458895466,55941300,-0.0018618392860533,0.15309143212516946,9.334737240223753e-07,0.04542493931076014,0.9505440288888444,True,0.9959689681996045
2024-06-03,447.7156066894531,450.1363138301229,442.54808850150624,449.13840270768463,32997500,0.0053549407142345,0.14967016103985725,9.171088248316299e-07,0.04601089818519544,0.9500131349638541,True,0.9960240331490495
2024-06-04,448.9407653808594,450.1362987474651,445.7394895235668,447.4586887576052,23767400,0.0027327290409254,0.14733576842815804,9.055597240983395e-07,0.046600246147378226,0.9494666057742318,True,0.99606685192161
2024-06-05,457.99127197265625,458.0703027841876,448.9802518119225,452.5076010658575,33817400,0.0199591737201418,0.14399024810599606,8.933847659150389e-07,0.047455467634219664,0.9486542368489826,True,0.9961097044832024
2024-06-06,457.8331909179688,458.98922386503307,456.6672979648091,458.6730403056571,21966800,-0.0003452213009435,0.15813382810813045,9.34541280626128e-07,0.045325466482762776,0.9506654027425006,True,0.9959908692252634
2024-06-07,457.4281005859375,460.17488126832046,456.32148824669326,457.4676310703176,25829700,-0.000885190627513,0.1558135721616283,1.0073001498447016e-06,0.044621998436820645,0.9510200945784867,True,0.9956420930153074
2024-06-10,459.2757873535156,459.6315014350847,456.015230729256,456.3017739959468,20660800,0.0040311583576744,0.15245421370530518,9.876419492795928e-07,0.04491419026446356,0.9507892804039902,True,0.9957034706684538
2024-06-11,462.4276428222656,462.5462342770449,456.5092266656226,458.001193404112,22053300,0.0068392232278067,0.14968007578031356,9.664702872008432e-07,0.04532240031605388,0.9504613212150489,True,0.9957837215311027
2024-06-12,468.484375,470.80630087751473,465.6585636171395,466.3501812244709,34532600,0.0130126532403538,0.14821282085700246,9.515849495335229e-07,0.045726272878462704,0.9501188947001182,True,0.9958451675785809
2024-06-13,471.0237121582031,472.6737707294216,468.7512067349177,472.0117632384013,25859000,0.0054056870324007,0.15243625852304635,9.86942271709379e-07,0.04517244630462683,0.950530875599518,True,0.9957033219041448
2024-06-14,473.4642333984375,473.5334042157013,470.36173831129486,470.8261235583217,23372600,0.0051679360936503,0.150214199830841,9.701928823762608e-07,0.045547096828676,0.9502168972076601,True,0.9957639940363361
2024-06-17,479.2640380859375,481.0425179080329,472.4267417314664,473.7309461963046,37054500,0.0121753001497656,0.14839541616794283,9.823009982537922e-07,0.045487788144890635,0.950197920313822,True,0.9956857084587126
2024-06-18,479.4122619628906,480.0940196286849,477.6535322250408,479.2146698362232,24438600,0.0003092261238265,0.15144920076151744,9.9522453681681e-07,0.04529797726536873,0.9503427228185711,True,0.9956407000839399
2024-06-20,475.7169189453125,481.0227480217305,473.8890185540874,480.6077834849521,33918700,-0.0077379301770287,0.14812061672679963,9.784297999407087e-07,0.0456633461434189,0.9500277097483485,True,0.9956910558917674
2024-06-21,474.4423522949219,476.77416848361605,472.9504156934659,475.440293517699,37456800,-0.0026828500304393,0.14810104788208056,1.0240634872679458e-06,0.045417911654301445,0.950057994534561,True,0.9954759061888624
2024-06-24,469.0409851074219,474.9490265120443,468.9024538055791,473.2171889334799,37751000,-0.0114499662770023,0.14547071347494925,1.0319373055814383e-06,0.04556927539543863,0.9498401097921413,True,0.9954093851875799
2024-06-25,474.4047546386719,474.7016290052878,470.1889574276186,471.129109923321,29014700,0.0113707171419311,0.1480931250852137,1.0460714287807407e-06,0.04539128525131851,0.9499597176399592,True,0.9953510028912778
2024-06-26,475.3844909667969,475.92880093044886,473.1677483971883,473.5833725285637,22737100,0.0020630612110127,0.1507359960705808,1.0911048633174434e-06,0.04519406563488964,0.9499459713348742,True,0.9951400369697638
2024-06-27,476.611572265625,478.08612876340686,474.3255491311016,475.137045968693,26222100,0.0025779139762897,0.14760352481247216,1.0643595129643426e-06,0.045476017694338164,0.9497680310625695,True,0.9952440487569076
2024-06-28,474.1375427246094,482.1436072423702,473.4942947892967,477.4033117975724,34881600,-0.0052043911190408,0.14484502066365973,1.059504454982046e-06,0.045680132496251975,0.9495586365840045,True,0.9952387690802565
2024-07-01,476.9184265136719,477.4824878396145,471.3171649653183,475.0579331837277,24898300,0.0058480085385922,0.142777197105132,1.0370961343085478e-06,0.046014140296511866,0.9493215783255611,True,0.9953357186220729
2024-07-02,481.9259033203125,481.98527819601577,475.2954269921551,475.4240826231297,26723600,0.0104449120164139,0.14196475479905077,1.1064906718893446e-06,0.04626319772577777,0.9487340672202881,True,0.9949972649460659
2024-07-03,485.9437561035156,486.0724117323164,481.1737731635959,481.1737731635959,18064900,0.0083025143393141,0.14381305720919338,1.1042138490646634e-06,0.0461645452926204,0.9488499273487263,True,0.9950144726413467
2024-07-05,491.0106201171875,491.4460560048313,486.4880424937544,486.7849470721582,28495900,0.0103728681057738,0.14368561191866905,1.0873261576990058e-06,0.0462569762930189,0.9488364454008378,True,0.9950934216938567
2024-07-08,492.1783447265625,492.7325303409693,490.3574448219615,491.376753741408,22109400,0.0023753829633938,0.1452339266588792,1.0770614403441094e-06,0.04625974689917979,0.9488905638225813,True,0.9951503107217611
2024-07-09,492.60394287109375,494.8108099558045,491.0898230006632,493.6925326931675,25614500,0.0008643497682447,0.14298063685545598,1.1332474308802823e-06,0.0466794454930856,0.9481933286033328,True,0.9948727740964184
2024-07-10,497.739990234375,498.29417582384775,493.2174432132333,494.5237205593621,28046900,0.0103723428569107,0.13992901128335739,1.113644301919431e-06,0.04691314612585014,0.9480285823944478,True,0.9949417285202979
2024-07-11,486.8244934082031,498.0567033848079,485.6369657380776,497.8488913276848,49966600,-0.022174157732123,0.1418178947206328,1.1049691949759995e-06,0.0467633959101745,0.9482226109091412,True,0.9949860068193157
2024-07-12,489.6845703125,494.43474194079687,486.9334234559476,487.398546818786,37109400,0.005857774779215,0.159653421238921,1.2040753292391094e-06,0.04551129359572053,0.9490900841091132,True,0.9946013777048337
2024-07-15,491.0007019042969,495.8102781057871,488.9620840273778,491.4559193387255,31151400,0.0026841075709985,0.15769622941092043,1.2009256466043812e-06,0.04544716559687634,0.9491372833870771,True,0.9945844489839535
2024-07-16,491.188720703125,493.2669318468274,488.0318257726437,492.4554349867678,25950600,0.000382856497529,0.15462093989604522,1.1765688201555202e-06,0.0453657032802708,0.9492933409792731,True,0.9946590442595439
2024-07-17,476.7699279785156,483.72696575199,476.7006774277901,483.2123734563895,56268800,-0.029794370584094,0.15125680254053953,1.1413508425054953e-06,0.04535242087986069,0.9494340841137863,True,0.994786504993647
2024-07-18,474.5135803222656,480.6690269613123,471.3269980390128,480.4909023481686,49347400,-0.0047438053280756,0.18076554870591732,1.2973909156772941e-06,0.04507757097658465,0.9492322553935215,True,0.9943098263701061
2024-07-19,470.3077087402344,476.690779451391,469.0212128794801,474.1771324025522,42042900,-0.0089030579899536,0.1775386427253272,1.287619036519142e-06,0.0447188513682177,0.9495831214090293,True,0.9943019727772471
2024-07-22,477.314208984375,478.3335178356134,472.7520385486271,476.1662445168207,40300000,0.0147878131437665,0.1764879638135725,1.2939790310075543e-06,0.044581874016771404,0.9496711969491826,True,0.994253070965954
2024-07-23,475.63189697265625,479.4023526021881,475.1568979647483,476.4137064409748,23282500,-0.0035307636998246,0.1802462920201101,1.3240853633688078e-06,0.04484624410615575,0.949314442993036,True,0.9941606870991918
2024-07-24,458.5708312988281,469.2686376662744,457.7098653963061,468.90248253079744,58818600,-0.0365294647688806,0.17712664990019053,1.356397676341442e-06,0.04463516788102164,0.9493401970707843,True,0.9939753649518059
2024-07-25,453.5138549804688,463.0835086179752,450.9012698036603,458.9073044861217,59256800,-0.0110889442909248,0.21689574682170326,1.5569507839297853e-06,0.04783062674807937,0.9458259939773911,True,0.9936566207254705
2024-07-26,458.16510009765625,461.0943714926242,454.998298988983,457.8484139466182,39992100,0.0102037794058849,0.21513468069264702,1.5640420117470907e-06,0.047562727723126856,0.9460208615664224,True,0.9935835892895493
2024-07-29,459.08538818359375,463.05377989321454,456.8290524680878,460.87660060595,28218500,0.0020066239407731,0.2134766610167159,1.6262104459684103e-06,0.04760565538509109,0.9456850512486381,True,0.9932907066337292
2024-07-30,452.781494140625,461.7177744944523,449.4365688567625,461.01515173154047,41317200,-0.0138265674370148,0.20808358930992496,1.6055426698794627e-06,0.046886604353515195,0.9463882160464856,True,0.9932748204000008
2024-07-31,466.1809997558594,467.8831499165186,461.5693600159238,463.0141989264488,44552100,0.0291643139836853,0.20984476318173892,1.6970837089763105e-06,0.04772921390006436,0.9451862119952158,True,0.9929154258952801
2024-08-01,454.8893737792969,470.6144420320547,451.2475742960661,466.8637986918458,56653900,-0.0245197153687311,0.23117464914826474,1.7786251492015122e-06,0.049990878223313905,0.9429062064852878,True,0.9928970847086017
2024-08-02,444.09271240234375,448.8626959709487,439.8571329773261,446.2105172152805,66323200,-0.0240209024868747,0.24326865162986616,1.8185204914386938e-06,0.05136328346189446,0.9415418887714473,True,0.9929051722333417
2024-08-05,430.8515319824219,437.69972643798087,419.05525994795903,420.3021625718776,87483500,-0.0302697949505614,0.2539627398138364,1.8717097561695091e-06,0.05273158374369173,0.9401070546061959,True,0.9928386383498876
2024-08-06,434.9683532714844,442.4301081222253,430.04993302092026,432.6922358150409,63164400,0.009509719941637,0.27386811727669425,1.9224359156946584e-06,0.05508991467262746,0.9378539040751451,True,0.9929438187477726
2024-08-07,430.2577209472656,444.3400455113918,429.8618783945526,441.85608592677744,54929200,-0.010888897153498,0.26769252076693373,1.93396966416622e-06,0.05439595347970582,0.9383795963885738,True,0.9927755498682796
2024-08-08,443.4197387695313,444.3301736904715,432.6130580671069,436.482481983236,47890100,0.0301324328487387,0.2625223219866056,1.9127997843639626e-06,0.053635059925072746,0.9391277209827572,True,0.99276278090783
2024-08-09,445.7354431152344,447.368312622144,440.985241585035,442.1035187615354,33574000,0.0052087861119899,0.2810351267697443,1.9766251911779513e-06,0.05575277989874121,0.9370407717711474,True,0.9927935516698886
2024-08-12,446.6953430175781,449.6543015423584,443.8946973509151,446.7052488965294,27795000,0.0021512038522986,0.27257847229918464,1.9603016906575492e-06,0.054754266117870105,0.9379608523688655,True,0.9927151184867357
2024-08-13,457.7790832519531,458.0463003756158,450.9507011946519,451.0892626959362,40084500,0.0245099137655738,0.2640622016603441,1.9260838741830525e-06,0.053730571889630686,0.9389866668417085,True,0.9927172387313392
2024-08-14,457.9276123046875,460.2828863360715,453.6425338785786,458.6995159420648,34733700,0.0003244031189411,0.27305569682393366,1.9389268549022785e-06,0.05452553215744494,0.938279847871106,True,0.9928053800285509
2024-08-15,469.4962768554688,469.892119441888,463.51895413772047,463.8950151651175,38280600,0.024949248710371,0.26458024209806774,1.8994334357838513e-06,0.05359148982226703,0.9392469388827708,True,0.9928384287050378
2024-08-16,470.0998840332031,471.46556648913753,466.75495864422777,467.71489267478665,38383600,0.0012848227481008,0.27394395932662036,1.890288196599794e-06,0.05430603688407063,0.9387253804056642,True,0.9930314172897349
2024-08-19,476.2751159667969,476.314709281999,468.4571123615935,470.23844913548015,23737700,0.0130504706438485,0.2656626496169675,1.8583034703056753e-06,0.0535058510806003,0.9395311638480035,True,0.9930370149286039
2024-08-20,475.2756652832031,477.9278438448903,473.5833906524261,475.3647276004776,29209300,-0.002100678325998,0.26254981364044927,1.8257559159283773e-06,0.05318443666542003,0.9399418189253257,True,0.9931262555907457
2024-08-21,477.4923706054688,479.34295796614543,474.3453815043976,476.0574073595781,25658800,0.004653198341019,0.2551899724029703,1.8358468093157473e-06,0.05270291787732469,0.9402638129754561,True,0.9929667308527809
2024-08-22,469.9217834472656,480.5008398814065,468.8925686132165,479.8080927390778,37739600,-0.015981919345792,0.24872241305486312,1.8599646891169182e-06,0.05241729607121095,0.9403438208972738,True,0.9927611169684847
2024-08-23,475.018310546875,477.72986373864114,470.3472959517967,474.2661885575702,36061500,0.0107870891536504,0.2490084574762213,1.8410412218158462e-06,0.052352180042515996,0.9404931595331355,True,0.9928453395756515
2024-08-26,470.40667724609375,475.3943780311616,468.32846606891127,474.4740372901176,27452600,-0.0097557605018517,0.24550131306311473,1.8730642280113652e-06,0.05232765710380193,0.9403267373719152,True,0.9926543944757171
2024-08-27,471.8119812011719,472.8807591898748,466.81437423876616,468.7738357857168,27510000,0.0029829700028221,0.24173069322596005,2.040622107423261e-06,0.05351299102315112,0.9383911746605446,True,0.9919041656836957
2024-08-28,466.45806884765625,472.0692054646564,463.0339871430499,471.346801146548,37372400,-0.0114124296357754,0.23533131610068517,2.0109094720959715e-06,0.052997773672680465,0.9389239761304082,True,0.9919217498030887
2024-08-29,465.7752380371094,472.96977514887374,464.4986179028176,468.3680414193151,41081500,-0.0014649357143088,0.23284633251947404,1.9662267083237294e-06,0.05257069881130034,0.9394981731897993,True,0.9920688720010997
2024-08-30,471.3270263671875,471.9504927515124,465.626826998042,470.1098112366977,33466500,0.0118489806202989,0.2266804960410851,1.9635153884977905e-06,0.0523963974784695,0.9395825004567573,True,0.9919788979352268
2024-09-03,457.01708984375,468.41751833575614,454.6420043496884,468.2888929130331,44985200,-0.0308313906682204,0.2248873687698842,2.013844679526762e-06,0.05274041648233708,0.9389928044246892,True,0.9917332209070263
2024-09-04,455.8295593261719,459.6297325855357,452.9794746829276,453.9097213390106,32505100,-0.0026018196781905,0.24702756745523408,2.061668125472344e-06,0.053274546238980404,0.9386264973668145,True,0.9919010436057949
2024-09-05,456.255126953125,460.53026908790207,453.18729411410754,454.206603100529,34452400,0.000933175754922,0.24032438757541,1.9859943327496016e-06,0.05233159823571152,0.9397838924874669,True,0.9921154907231784
2024-09-06,444.0332336425781,456.4331887234478,443.5384229367161,455.5524111706059,50624400,-0.0271527318136895,0.2338925960064338,1.919392809265122e-06,0.05161088831975396,0.9406884101273011,True,0.992299298447055
2024-09-09,449.743408203125,450.73302976862993,445.151579843626,448.3579440515888,32981200,0.0127778059657797,0.2484317569833493,1.8276294419137241e-06,0.051406991732902786,0.9415283856444872,True,0.9929353773773899
2024-09-10,453.8997802734375,454.40449687986967,447.5365215646032,451.50488306344096,29680300,0.0091992092332741,0.24618667947437847,1.768109683224533e-06,0.0510020167857222,0.9421546169254451,True,0.9931566337111674
2024-09-11,463.7564086914063,464.49862479430976,446.5963760163785,455.1368141392579,57843000,0.0214830077303565,0.24195466599803128,1.7121692257820238e-06,0.050603203822460266,0.9427254872192966,True,0.9933286910417569
2024-09-12,468.3086853027344,469.1201821772386,462.00480120861374,463.78610782015113,40067800,0.0097682293611185,0.24819100821545975,1.6644082740611395e-06,0.05070842724864674,0.942921546504034,True,0.9936299737526808
2024-09-13,470.40667724609375,471.5843292398022,467.34875045430647,467.57637427019046,29111800,0.0044699288416126,0.2442008441734672,1.6296689357027105e-06,0.05050980994539767,0.9431980901875007,True,0.9937079001328983
2024-09-16,468.3284606933594,468.94202118034616,465.0132528878114,468.2789916995769,22585600,-0.0044277024774063,0.23835468968019552,1.6197505335019337e-06,0.05031103997297812,0.9433408820831362,True,0.9936519220561143
2024-09-17,468.5758972167969,472.6432574845495,466.082061787513,471.3468556724097,30084400,0.000528200188421,0.23268788491479528,1.6008747187700766e-06,0.05031720980501503,0.9433116158306208,True,0.9936288256356358
2024-09-18,466.5471496582031,473.8604366394035,465.9434648552166,469.7733253245315,39909200,-0.0043390027618268,0.2266120451074126,1.5966628865327223e-06,0.05048043386898504,0.9430538258423673,True,0.9935342597113523
2024-09-19,478.3434753417969,481.183714662508,475.50326622193984,477.6012591522515,52782500,0.0249699558472469,0.22124143185003273,1.6048131129252984e-06,0.050675735927151425,0.9427238911675722,True,0.9933996270947236
2024-09-20,477.4329833984375,478.670010233335,473.3359360248487,477.4824523914932,34577700,-0.0019052409388256,0.23380349371381232,1.5723655410092886e-06,0.050797420377424,0.9429125287407696,True,0.9937099491181935
2024-09-23,478.6985473632813,479.7886668451641,477.271487358506,478.6093598933944,24843000,0.002647260681642,0.2278406429065051,1.5795599818006804e-06,0.05064768661521785,0.9429397014039289,True,0.9935873880191468
2024-09-24,481.0075988769531,481.95896214496486,475.8543534522044,480.1057741228812,25952600,0.0048120062131543,0.22251166712399473,1.6089114899582914e-06,0.05001862511610751,0.9434307374240225,True,0.99344936254013
2024-09-25,481.45355224609375,483.40584748164935,480.20486720146965,480.3832421383325,26549900,0.0009266938214269,0.21737606781855234,1.6105409063295956e-06,0.050451596739234675,0.942900157816719,True,0.9933517545559537
2024-09-26,485.0706787109375,489.26267065114985,481.4336511100025,488.93561973207926,32020200,0.0074848477375188,0.21173639320051732,1.6251300012920758e-06,0.050737582346850066,0.942458978895554,True,0.9931965612424041
2024-09-27,482.3751831054688,486.2302350383357,481.1958761808272,486.091478815064,22851100,-0.0055724101716521,0.20798238486238296,1.6377478730365155e-06,0.05104640265261783,0.9420313835991022,True,0.99307778625172
2024-09-30,483.6833190917969,484.0202596018101,478.5796124436247,481.41389274489046,30281100,0.0027081937230011,0.20319532372113105,1.6645503236642386e-06,0.05190640525443716,0.9409687362646885,True,0.9928751415191256
2024-10-01,476.9444274902344,483.61395044024334,473.109215140219,483.31665887950265,42735400,-0.0140304132843982,0.19773996001787128,1.6959728842210958e-06,0.05266892196695392,0.9399806506407177,True,0.9926495726076716
2024-10-02,477.6183166503906,479.530962836938,473.42632437830656,476.0425807215539,23744000,0.0014119329006829,0.20023806623171161,1.7598600577583216e-06,0.05266506944678649,0.9400213259857509,True,0.9926863954325374
2024-10-03,477.2615356445313,480.19492312784206,474.6848980169124,475.428157126228,25337200,-0.0007472794019161,0.19477507765201862,1.7624632746359018e-06,0.05323074832463733,0.9393563715034227,True,0.99258711982806
2024-10-04,482.9400634765625,483.4950278786583,478.0543806808698,483.0688998990654,30686600,0.0118279203848511,0.18925683588666012,1.7754171721419028e-06,0.053950430448759884,0.9384918008392796,True,0.9924422312880395
2024-10-07,477.7669677734375,482.19679333270193,476.5480119306122,481.0274062437878,24975100,-0.0107694552724787,0.18951361054919522,1.7723581534372516e-06,0.054085257733047384,0.9383561881631894,True,0.9924414458962368
2024-10-08,484.9022521972656,485.5860530274448,479.5012539107751,480.3039713647608,28272000,0.0148242302648927,0.1889199741005987,1.8648772342323118e-06,0.05493738086191298,0.9372533806270814,True,0.9921907614889944
2024-10-09,488.7176818847656,489.2924859223005,483.5644363639998,484.6049871224668,24995000,0.0078376563284611,0.1924706601111139,1.9031995824221521e-06,0.05496175453919307,0.9371404317595303,True,0.9921021862987234
2024-10-10,488.1626586914063,490.0257663240612,485.130164010439,486.43830727293584,25750400,-0.0011363177863797,0.18965233594387207,1.901764634050343e-06,0.055143991081750166,0.9369160616440917,True,0.9920600527258419
2024-10-11,488.9257507324219,489.9465223032904,485.7644497271091,486.32930368033,20644500,0.0015619716471963,0.18451050078605372,1.924859881480467e-06,0.05564750863242295,0.9362485087012129,True,0.9918960173336359
2024-10-14,493.028564453125,494.3465973585844,490.808706825702,491.3141024770898,26060100,0.0083564734782571,0.1794912335283504,1.922284079653082e-06,0.05610845097858034,0.9357240409595494,True,0.9918324919381297
2024-10-15,486.4383239746094,494.0195609373264,484.2878142839425,493.35556948418406,34784500,-0.0134569938170957,0.17757135808437632,1.9259890621106883e-06,0.056377538690469145,0.9354089588273641,True,0.9917864975178332
2024-10-16,486.4978332519531,487.27082160671534,483.1878559254946,486.7653956751536,22996800,0.0001223292545475,0.18063623298971707,1.8940528865865375e-06,0.05591882345638033,0.9360116072295749,True,0.9919304306859552
2024-10-17,486.8346862792969,492.02757992175697,486.7752279737182,491.978041414871,27210700,0.0006921643611673,0.175672143686781,1.9000597521651248e-06,0.056411267235435644,0.9354269683771086,True,0.9918382356125443
2024-10-18,490.0258483886719,491.11596795664815,488.8663507019846,489.61952972045816,25335000,0.0065335292969213,0.17030371388625298,2.0440134210717667e-06,0.05865544691931388,0.9326578514347974,True,0.9913132983541113
2024-10-21,490.9672546386719,491.7699720639436,486.894178959246,488.8167449574573,30336500,0.0019192928800046,0.1676350354825069,2.0379550533059717e-06,0.05890678740227738,0.9323908190567961,True,0.9912976064590735
2024-10-22,491.50238037109375,492.9790090488197,487.54825154691343,488.30143046324906,26685800,0.0010893482429818,0.16296838162296606,2.066602564082525e-06,0.05980950180700246,0.9313402975813666,True,0.9911497993883691
2024-10-23,483.97064208984375,489.807717724267,480.6903945433638,489.1536461260324,39346600,-0.0154425346121813,0.15834460486463697,2.069237131665728e-06,0.06051417943199233,0.930587702170755,True,0.9911018816027474
2024-10-24,487.8951110839844,488.5689920905471,485.0409912405532,487.6869767564032,22024900,0.0080761984099533,0.1667577176659288,2.008379872865719e-06,0.05861994710046379,0.93274108378402,True,0.9913610308844838
2024-10-25,490.8681640625,495.7835760452956,489.98614869868027,490.68978912710674,38762100,0.0060751403285313,0.1654586960335511,1.980813557986092e-06,0.05849061069729751,0.9329519005309513,True,0.9914425112282489
2024-10-28,490.9473876953125,494.0393406046325,490.6500961629891,493.9798822981678,20477800,0.0001613819069021,0.16280324904432059,1.9709337294666164e-06,0.058717730754145346,0.9327374053050216,True,0.9914551360591669
2024-10-29,495.6646728515625,496.8439798063239,489.41138819730327,491.2645761995589,28014100,0.0095626666089987,0.15829539774213985,1.9799297562587493e-06,0.059447217948066636,0.9319489702942747,True,0.9913961882423413
2024-10-30,491.9186401367188,495.8529597761459,491.4330538371036,494.9015965333086,29756000,-0.0075862980500123,0.15892087513396694,1.919620200031497e-06,0.05874357912280911,0.9328675111281186,True,0.9916110902509278
2024-10-31,479.5012817382813,488.0041535101138,479.4021744649269,487.9546149950835,41245200,-0.0255667698496821,0.1577170299751185,1.8563946094167988e-06,0.058230140413799474,0.9335931068608294,True,0.9918232472746289
2024-11-01,483.049072265625,486.339240047618,480.8391344021652,481.1364259666195,33655800,0.0073716799929313,0.18341085544037258,1.8775025189351543e-06,0.05468635384920359,0.9371921212185382,True,0.9918784750677418
2024-11-04,481.641845703125,484.9815519553387,479.8976545652101,482.4445631601672,23291600,-0.0029174682469513,0.1807406401424696,1.8058188165914715e-06,0.053858284124200705,0.9382465912394249,True,0.9921048753636256
2024-11-05,487.78607177734375,488.450063211135,483.1382224706754,483.2274099331328,24353600,0.0126761530937577,0.17644099419082784,1.7199860432634367e-06,0.052928216819454504,0.9394339697134639,True,0.9923621865329184
2024-11-06,501.0359497070313,501.8585067937989,495.10971593005127,496.06107920229374,43082200,0.0268009221805968,0.17832501689602426,1.6601956548803907e-06,0.052016341547580225,0.9405608643346103,True,0.9925772058821904
2024-11-07,508.9243469238281,509.70728521710686,503.7711019992823,503.8305603075559,32853100,0.0156215202930998,0.19987232478438863,1.7094658595541646e-06,0.051493293088977585,0.9411095460173245,True,0.9926028391063021
2024-11-08,509.51904296875,510.29200105591366,507.8045506782223,508.42889322268616,22924500,0.001167853055781,0.20324258977952422,1.7409113589989727e-06,0.05194764377488743,0.9405807557390452,True,0.9925283995139327
2024-11-11,509.2216796875,510.9460310487798,506.3279110734033,510.73789673440615,24167500,-0.0005837860077291,0.19749682406842728,1.6272097761596646e-06,0.05025138755021326,0.942600370947109,True,0.9928517584973223
2024-11-12,508.3000183105469,510.0342895835151,505.2477141771709,509.1523347344934,25835300,-0.0018115812779767,0.1922809080250477,1.5330961753583498e-06,0.048831627309088355,0.9442683443502332,True,0.9930999716593216
2024-11-13,507.6459655761719,510.351409345938,505.36664976558126,507.7946415908849,24567400,-0.0012875740149741,0.1876582042366282,1.4707904882599476e-06,0.047905208115530555,0.9453373047593412,True,0.9932425128748718
2024-11-14,504.1180114746094,508.1811374050533,503.2062669199819,507.30907205086606,28679500,-0.006973896047189,0.18343144174615988,1.4800678710590624e-06,0.04819749212092131,0.9449750174328457,True,0.993172509553767
2024-11-15,492.1069030761719,498.80612454252906,490.0455808993772,498.41964553643646,51461100,-0.0241144148488104,0.18077824094566985,1.4126511898564968e-06,0.047179531976225035,0.9461607358631234,True,0.9933402678393485
2024-11-18,495.5259094238281,497.6268806924794,492.265501060555,493.6529120920853,27080800,0.0069236662907352,0.19572463294918957,1.423926374834504e-06,0.04653242582791819,0.946899322227792,True,0.9934317480557102
2024-11-19,498.9349670410156,499.4205835584643,492.612304704476,492.9492754485386,24523000,0.0068561188314343,0.192398312296036,1.3595289240659434e-06,0.045367230505050156,0.9481979968844877,True,0.9935652273895379
2024-11-20,498.6476135253906,498.9548248827178,492.0970072679585,498.6376937257053,29565500,-0.0005760997218082,0.18936793874342944,1.3147613415419509e-06,0.044522829025092116,0.9491141674880995,True,0.9936369965131916
2024-11-21,500.4413146972656,502.4034993526954,493.0879914090944,501.6899694116418,34526700,0.0035906775630928,0.1850738197143835,1.2660872450338682e-06,0.04358093787298649,0.9501092154556187,True,0.9936901533286051
2024-11-22,501.24407958984375,501.9774189553284,498.2611231276005,499.8863976863741,23826600,0.0016028287304958,0.18146771720957383,1.240742169185443e-06,0.04313528402408016,0.9505578263254376,True,0.9936931103495178
2024-11-25,502.0368957519531,506.8532310485175,499.727850499698,505.3171439038621,26375200,0.0015804472458273,0.17767044107626173,1.210973969014418e-06,0.04256263079866758,0.9511217936158805,True,0.9936844244145481
2024-11-26,504.7323913574219,505.5549483710925,502.6710994101925,503.5134355358176,26557100,0.0053547562102537,0.17402986995298883,1.1952848521519451e-06,0.042380475933190935,0.9512782098559698,True,0.9936586857891607
2024-11-27,500.7584228515625,503.6720009661568,497.4187167746415,503.6026531011734,24957400,-0.0079045758381423,0.17135560914562722,1.1760059639922826e-06,0.04195694090318121,0.9516577576714977,True,0.993614698574679
2024-11-29,505.1585083007813,505.7531216213566,500.7683318681806,501.38275454356886,15334000,0.0087484629724689,0.16990274221315116,1.162482793830898e-06,0.04151271665423105,0.9520404125551751,True,0.9935531292094062
2024-12-02,510.6585998535156,511.6199130371729,506.0305903133928,506.4170995466131,25147200,0.0108290070268117,0.16893968307722987,1.1660979644413725e-06,0.04179624183664387,0.9517543796687384,True,0.9935506215053823
2024-12-03,512.2244873046875,512.5019997630951,508.755944494111,509.33074852467934,18597900,0.0030617158384243,0.16936783440775263,1.1801851330312827e-06,0.042299208876295,0.9512618533747745,True,0.9935610622510695
2024-12-04,518.5570678710938,518.8147407281132,514.9299292457346,515.6434895026028,26086200,0.0122871042949809,0.16615077147551144,1.1722894874768828e-06,0.04241372239152987,0.9511245130669208,True,0.9935382354584507
2024-12-05,517.1199951171875,519.3299326318131,516.7334859011141,518.6065131914003,18169600,-0.0027751385592113,0.16792030117943127,1.1778752135095604e-06,0.042382870322000894,0.951151434969668,True,0.993534305291669
2024-12-06,521.7481689453125,521.986002234317,517.6552830516758,517.7841194976523,23762600,0.0089100900524252,0.16471332786167597,1.1581227673308859e-06,0.04207695391777647,0.9514226438461719,True,0.9934995977639484
2024-12-09,517.6848754882812,521.6191642626006,516.5352676467476,520.8263667260869,20674400,-0.0078183278405368,0.16406427097718818,1.1598299388306234e-06,0.04224835596946403,0.9512421907638913,True,0.9934905467333554
2024-12-10,515.9209594726562,520.6580271192222,514.4938993957188,518.9138358600111,24350000,-0.0034131342303889,0.1628513574060307,1.1461853795459146e-06,0.04187511769339369,0.9515764552636732,True,0.9934515729570669
2024-12-11,525.1571655273438,525.8409663614733,519.8751140774373,520.2814024633593,32168600,0.0177440062688596,0.15947836521848302,1.2021162223157024e-06,0.04434803444246855,0.9490891748281185,True,0.9934372092705871
2024-12-12,521.7678833007812,524.2057949010591,521.2922168369533,522.9372703487448,23577500,-0.0064747597183781,0.167704686372445,1.1928795323988728e-06,0.04274678512456597,0.9506851863301917,True,0.9934319714547577
2024-12-13,525.76171875,528.3779449247531,522.5607082907461,525.6923406392922,28780400,0.0076252829383683,0.1656621949641406,1.1815739559452247e-06,0.04268465229477673,0.9507511142150298,True,0.9934357665098065
2024-12-16,533.3330078125,534.3042408794819,528.2094917796982,528.2887896903175,31979900,0.0142979052873088,0.1642599037266274,1.1625689385365402e-06,0.042275337003813536,0.9511612081937093,True,0.9934365451975229
2024-12-17,530.9843139648438,532.6492071689107,529.3293405604305,531.5392783661994,28579100,-0.0044135289582559,0.1679118624833495,1.1689934451723396e-06,0.04190284525759803,0.9515042794129687,True,0.9934071246705667
2024-12-18,511.8280029296875,532.0545942641155,510.3811639392644,530.3401626443599,54703200,-0.036743843425924,0.1651262293898368,1.1440616470829867e-06,0.041439191681412614,0.9519739614190618,True,0.9934131531004744
2024-12-19,509.5486755371094,517.0704840052069,509.2117652949213,516.5055998486908,46441800,-0.0044632528320516,0.20233023258358082,1.3206007040160512e-06,0.04066130941046669,0.95244094931493,True,0.9931022587253966
2024-12-20,513.9983520507812,520.1030209685301,504.7126029813591,505.852260942774,60530000,0.0086946753313583,0.19983299095873366,1.3773131760623747e-06,0.04219926602261492,0.9507950652332289,True,0.9929943312558438
2024-12-23,519.006103515625,519.3833002478667,512.3159202923702,515.7106302984251,29672800,0.0096955839193108,0.1968427505155861,1.3142322952395718e-06,0.04078911166491251,0.9523336757425267,True,0.9931227874074392
2024-12-24,526.0437622070312,526.1330632045123,520.3163815436208,520.9516666586724,17558200,0.0134687641467139,0.1948497229755067,1.274944987591576e-06,0.039838805512227134,0.9533501584147319,True,0.9931889639269591
2024-12-26,525.6863403320312,527.3142356084127,522.4206745678785,524.4158307733787,19090500,-0.0006796836714989,0.19658514977281932,1.3304437810811694e-06,0.041151788215926965,0.9519134542304208,True,0.9930652424463478
2024-12-27,518.6983642578125,522.559632331355,514.0330843757536,522.1228814363513,33839600,-0.0133821959071922,0.19208678499426415,1.2813883432879788e-06,0.040113266872741256,0.95304519115389,True,0.9931584580266313
2024-12-30,511.7997741699219,515.5220627362082,508.04770850678767,511.7005373751371,34584000,-0.0133890453316166,0.19268729535011242,1.2500449918553431e-06,0.03921459994096482,0.953994312873255,True,0.9932089128142199
2024-12-31,507.4521484375,513.8345947756108,506.4893152844088,513.0802618771279,29117000,-0.0085310648014865,0.19371861761073525,1.2564894856092986e-06,0.03929153288178877,0.9538919148041899,True,0.9931834476859787
2025-01-02,506.45947265625,512.8221071633047,501.9728555249536,510.4993728244697,36389800,-0.0019581116889767,0.19123608686940954,1.2056704868332604e-06,0.03792967897449881,0.9553246956257296,True,0.9932543746002285
2025-01-03,514.7477416992188,515.8098417331423,508.7424629551306,509.5563498900305,29059500,0.0162326527301211,0.18716509260004213,1.1524795008274796e-06,0.03644538742147312,0.9568611653957746,True,0.9933065528172477
2025-01-06,520.6637573242188,524.018784806924,518.1723564940825,520.1476411928097,36109700,0.0114274952718224,0.19004847702115413,1.1413031056341004e-06,0.03557123571648638,0.9576995506087687,True,0.993270786325255
2025-01-07,511.3728942871094,522.1030076792526,509.4869713360559,521.7059999662438,36690300,-0.0180053954962895,0.18943159806453747,1.120585019753314e-06,0.034608384155413396,0.9586317536665658,True,0.9932401378219793
2025-01-08,511.4623107910156,513.1000813782965,506.7970304272541,511.2737124172426,30777800,0.000174840489827,0.1935960062237491,1.1307715287684997e-06,0.034225947029610994,0.9589303208373159,True,0.9931562678669269
2025-01-10,503.4419555664063,507.7994984696709,500.1961312090663,507.7002616861164,40532500,-0.0158054753646567,0.18982639928268316,1.1040320215445013e-06,0.03331298015207785,0.9598350224367694,True,0.9931480025888473
2025-01-13,501.8240051269531,502.28059733248006,496.0073239549711,497.4962392396563,31694200,-0.003218952794126,0.19348045203791212,1.1654965401286788e-06,0.03565263570703574,0.9574833831856029,True,0.9931360188926386
2025-01-14,501.3475646972656,506.39004165996994,497.8833646668992,504.9805217962677,33737200,-0.000949868357201,0.18962962725345622,1.1233625513338427e-06,0.03415319090018328,0.9589804137114736,True,0.9931336046116569
2025-01-15,512.8817138671875,514.0231792721111,507.680415704871,509.2388513156959,34957600,0.0227456388589107,0.18604550862671784,1.0956969402816544e-06,0.03316604556070151,0.9599502782154773,True,0.9931163237761788
2025-01-16,509.2884521484375,515.2242416848954,509.1594079772868,515.144815906314,28229000,-0.0070306816606343,0.1945455029813491,1.1224365452325086e-06,0.032698028561991783,0.9602860793012031,True,0.9929841078631949
2025-01-17,517.8843994140625,520.1971979799845,509.3181691473964,518.9861821179226,51837900,0.0167374905335007,0.19201859218506676,1.1059665723807895e-06,0.03196189064265622,0.9609918084046247,True,0.9929536990472809
2025-01-21,520.9218139648438,522.0831509199561,516.2168513724278,520.6041714349437,23628000,0.0058479111268271,0.19461643431615436,1.1164634262165242e-06,0.03140797670857919,0.9614129980460269,True,0.9928209747546061
2025-01-22,527.5822143554688,529.8751413083515,525.3488415863966,525.6565483001042,33593000,0.0127047484773928,0.19228834409766085,1.1092816548487142e-06,0.031602061341443985,0.9612712023786638,True,0.9928732637201078
2025-01-23,528.7039184570312,528.8230268358762,524.5448792406889,525.1304853393235,23096600,0.0021238649043408,0.19224524909498236,1.1071984381142525e-06,0.030820306441603728,0.961943483585482,True,0.9927637900270857
2025-01-24,525.7161254882812,529.8453571094432,524.2470818339253,529.0810884811151,19878300,-0.0056671930365897,0.18931433106998574,1.0964394412323958e-06,0.030892791942309532,0.9619197358024884,True,0.9928125277447979
2025-01-27,510.4100646972656,514.1620993962705,506.3800397959972,507.2237644449725,60771700,-0.0295469306010269,0.18670583940427027,1.082835081437939e-06,0.030054913149398038,0.9626873259674438,True,0.9927422391168418
2025-01-28,517.953857421875,519.1350658267572,507.9979796464781,511.4125304134355,33194200,0.0146717088850105,0.20209369958499732,1.1553618122959691e-06,0.030591782315167612,0.9619598102237014,True,0.9925515925388689
2025-01-29,516.981201171875,518.7282048637726,513.0802502522747,518.5991606876129,26649000,-0.001879647477966,0.20374746070766492,1.1687928929705926e-06,0.03143297960862583,0.9611654524638943,True,0.9925984320725201
2025-01-30,519.1846923828125,522.2121410225601,514.380493502768,519.8398489654351,27431300,0.0042531693936366,0.19958637073086619,1.1470434810817133e-06,0.030103886810727506,0.9624079945921266,True,0.9925118814028541
2025-01-31,518.4302978515625,527.5921301044531,517.338450995146,523.0260873773669,38755200,-0.001454093611356,0.196664522088343,1.1320320395487937e-06,0.029846776616868728,0.9627038736644397,True,0.9925506502813084
2025-02-03,514.28125,517.000992221849,507.27342449560086,509.6755241871737,40580800,-0.0080352934642819,0.1930349786946698,1.1159077843152077e-06,0.028635558831378305,0.963808172585705,True,0.9924437314170833
2025-02-04,520.59423828125,521.2295233442737,514.4003603770645,514.7974286874838,26046800,0.0122006302453427,0.19103163601202813,1.1104284318846676e-06,0.027824382158822606,0.96451334631884,True,0.9923377284776627
2025-02-05,522.9566650390625,523.11551659981,516.7727228160936,517.9638671852232,21134100,0.0045276771570594,0.19147237575187379,1.1140729286153863e-06,0.028619107259050983,0.9638096878336804,True,0.9924287950927314
2025-02-06,525.6863403320312,525.8948102853632,521.8548794809367,523.4629031663001,19434500,0.0052061215196083,0.1893183298924361,1.110455845054611e-06,0.029421738082122513,0.9631163752261709,True,0.9925381133082934
2025-02-07,519.0556640625,528.1678176426686,518.3310780658987,526.2223405922623,29605500,-0.0126935937740175,0.18668860030332482,1.0987549174802145e-06,0.02844647762950274,0.9639913120108231,True,0.9924377896403258
2025-02-10,525.3389282226562,526.4407109622551,522.8574028177311,523.3239005134812,20852800,0.0120325019193838,0.18693432971241464,1.1010649723602818e-06,0.027715047134017626,0.9646046174961384,True,0.992319664630156
2025-02-11,524.0882568359375,526.0039872775455,521.9442454321847,522.0732896066455,19325500,-0.0023835326483586,0.18802819226853695,1.1390076557401814e-06,0.03088728730467293,0.9616122788902455,True,0.9924995661949184
2025-02-12,524.3958740234375,525.2793115026069,518.0928244789425,518.4402137606293,25009400,0.0005867846489472,0.18496929897379186,1.1201708176651144e-06,0.03002557452689528,0.9624299917349517,True,0.9924555662618469
2025-02-13,531.9398193359375,532.2574012792994,525.2793832223591,526.0635234537466,28714800,0.0142834775303083,0.18196709967572064,1.1035937494821034e-06,0.02899152637753037,0.9633819195829048,True,0.9923734459604351
2025-02-14,534.1732177734375,534.8581212532781,531.7115032138299,532.0490173479468,17862600,0.0041898028200229,0.18340828310702056,1.103984397781539e-06,0.028226600804498778,0.9640645701132879,True,0.9922911709177867
2025-02-18,535.3840942382812,536.0094434356852,532.0786857068766,535.7414193270516,20565000,0.002264258246993,0.18105015080637996,1.0970501609307775e-06,0.028044184288954808,0.9642256357664744,True,0.9922698200554292
2025-02-19,535.5330810546875,536.8135264180986,532.4956962288245,534.590089236306,19666900,0.0002782415312869,0.17851686481502638,1.092683623933826e-06,0.028129837985392918,0.9641292977752441,True,0.9922591357606371
2025-02-20,533.2599487304688,535.1161249242239,528.52523935916,534.7488640035847,26550800,-0.0042536500300566,0.1758405141808102,1.1087528972807414e-06,0.029771512662603326,0.9625329071906618,True,0.9923044198532651
2025-02-21,522.1923217773438,534.4212850908257,521.8250608987436,534.4014135025412,47093800,-0.0209730614104862,0.17366560531149516,1.093293256938325e-06,0.02869775768098696,0.9635142093792703,True,0.9922119670602573
2025-02-24,516.0283203125,525.160347339716,515.6908667320525,523.9791386398983,39268400,-0.0118743042496659,0.18077299295852167,1.1110184495948566e-06,0.028651010139112355,0.9635997905910794,True,0.9922508007301917
2025-02-25,509.5266723632813,515.4823335308943,505.67533996149535,515.402907751773,48940000,-0.0126794469343264,0.18088844081894165,1.1027714112963544e-06,0.027508291878597307,0.9646478454206123,True,0.9921561372992096
2025-02-26,510.7575378417969,515.8198259825109,507.59110865878125,511.72040130693927,34457600,0.0024127905995875,0.18179943366420606,1.1221756199932065e-06,0.0287510055813192,0.9634423133579331,True,0.9921933189392522
2025-02-27,496.5730590820313,515.2341477107384,496.3546836416381,514.3010917647001,52448000,-0.0281643711058191,0.1791098371100618,1.1051853697006006e-06,0.02780655309876734,0.9643293549955572,True,0.9921359080943245
2025-02-28,504.4147338867188,505.0202115627976,493.2577747457523,496.43413947250224,47654000,0.0156681935217837,0.19204725698875671,1.1449022660536659e-06,0.02700643956802206,0.9650152984192936,True,0.9920217379873156
2025-03-03,493.37689208984375,509.2487196326077,489.9325334541656,507.7399630206097,44587200,-0.022125445414242,0.19426800955012644,1.163813081278362e-06,0.02771563898871234,0.9642911421944603,True,0.9920067811831726
2025-03-04,491.8879699707031,500.0174498903787,484.1356867718227,490.5280988504062,67875400,-0.0030223817166129,0.20259658056478652,1.2368027667641589e-06,0.030510189626935465,0.9614521246094786,True,0.991962314236414
2025-03-05,498.3002624511719,499.90828614862966,487.6297026672125,492.5331995401363,46323700,0.0129518447279264,0.1987951837720348,1.2084056234457548e-06,0.029382006093290017,0.9625868965059433,True,0.9919689025992333
2025-03-06,484.59228515625,494.8955530213461,482.60706486522406,490.04170516165766,57574300,-0.0278949437488667,0.19816998099535466,1.1969453301737703e-06,0.028189672953515432,0.9636903159278727,True,0.9918799888813881
2025-03-07,488.1557922363281,489.63477178176,476.9789913818525,483.56000203653406,54714700,0.0073267130593274,0.21056357388742322,1.2753397921894461e-06,0.029499379998850096,0.9621347767114117,True,0.9916341567102618
2025-03-10,469.2366638183594,480.39359355913183,465.19673274957023,479.87744712390025,76668000,-0.0395273464339715,0.207290645082065,1.2537516612747843e-06,0.02844055089844687,0.9631791436675099,True,0.9916196945659568
2025-03-11,468.114990234375,475.2717015064333,463.55891291656457,468.85944790641054,68760800,-0.0023932834908408,0.2383714910634401,1.4811266702838281e-06,0.033818886250956325,0.957175900705409,True,0.9909947869563653
2025-03-12,473.3956604003906,477.5050507939482,468.3035653299785,475.6190975102553,46971100,0.0112175587948194,0.231592423235417,1.435816862116461e-06,0.031910760721897524,0.9591033233848701,True,0.9910140841067676
2025-03-13,464.8790588378906,472.760386273074,462.9831697151138,472.7306091786664,46563300,-0.0181542469229822,0.23207733246349896,1.4488639103058413e-06,0.03372079011182188,0.9574782629994065,True,0.9911990531112284
2025-03-14,476.1154174804688,477.00876061202655,469.62373821824536,470.2292461988736,43563000,0.0238830153000817,0.23326576990199083,1.4599389002989224e-06,0.033191111701782815,0.9578441372209806,True,0.9910352489227634
2025-03-17,479.202392578125,482.2497130174167,474.2691189068619,476.0657408601252,41744400,0.00646274111008,0.24449814419668242,1.5585076177686898e-06,0.03714839663911577,0.9538396612315931,True,0.9909880578707089
2025-03-18,471.0332336425781,476.0657441300447,468.9189691557921,475.86724027334935,39072300,-0.0171943883700754,0.23821522388232153,1.513700674736991e-06,0.03526337546434845,0.955723732340625,True,0.9909871078049735
2025-03-19,477.3363342285156,481.74349565345614,471.3608014299573,473.28646764378425,40430300,0.0132926943464101,0.23951774243026477,1.5264844122429715e-06,0.035501559910297055,0.9554332088018684,True,0.9909347687121655
2025-03-20,475.7183532714844,480.9692391887988,472.66109702608,473.355936252415,36780500,-0.0033953613211431,0.2377258163638829,1.5178578200387907e-06,0.03501583350270671,0.9558981651099587,True,0.9909139986126655
2025-03-21,477.2866821289063,478.0509810732746,469.4152905592447,470.5766275228687,42234900,0.0032913368029754,0.23415675133882358,1.5233456097371745e-06,0.03572806502937812,0.9552460822789488,True,0.9909741473083269
2025-03-24,487.7604370117188,488.605419984488,481.53742091872255,484.8576794709337,34567200,0.0217070564494758,0.23253848196592225,1.6182816057526704e-06,0.03915042625306601,0.951687375171789,True,0.990837801424855
2025-03-25,490.5438537597656,490.70291186860106,487.5218407035887,488.4861096315565,26035200,0.0056903036913618,0.23751923513909134,1.610345709228333e-06,0.03883104263243632,0.9520374418099607,True,0.9908684844423971
2025-03-26,481.51751708984375,490.24562966600536,479.9667384790256,489.390696139039,34627100,-0.0185720704216408,0.23286629408766454,1.5967742234035243e-06,0.03829920941684935,0.9525546634012987,True,0.9908538728181481
2025-03-27,478.77386474609375,483.7045451624613,477.411965606546,479.559204740424,33469800,-0.0057142235392316,0.23427451338509264,1.5621469791802775e-06,0.03694248598223794,0.9539453449780262,True,0.9908878309602641
2025-03-28,466.1687622070313,477.6803158784236,465.2840071747282,476.9745201773356,46363800,-0.0266806680623105,0.2297526163000455,1.5447815152166263e-06,0.0362038320736395,0.9546651085523139,True,0.9908689406259534
2025-03-31,466.1488952636719,467.08331235256605,454.6273605455005,459.19026229129486,53000300,-4.261839986229638e-05,0.2399409668606775,1.5637808809455963e-06,0.03673785935886476,0.9541467000186242,True,0.990884559377489
2025-04-01,469.9065856933594,470.8310825660288,461.6755176682955,464.538472789733,41156200,0.008028820282098,0.23477518624188912,1.5533785574228103e-06,0.03625642462490699,0.9546013127608945,True,0.9908577373858015
2025-04-02,473.336181640625,476.72603385839966,463.10698198476695,463.3654552205704,49894500,0.0072719583536823,0.22986023337579076,1.50761631166225e-06,0.03410365162867694,0.9567207027397876,True,0.9908243543684645
2025-04-03,447.9967651367188,457.35115906183495,447.4798490710848,453.7426062022167,70456300,-0.0550198677477586,0.22576874684574652,1.4868254969609035e-06,0.032886907668549833,0.9578800188836121,True,0.9907669265521619
2025-04-04,420.1722106933594,437.7675929050692,420.1722106933594,435.5507906868112,117088400,-0.0641213590116236,0.28368380507245444,1.6018086958405279e-06,0.03865361325014056,0.9526515640397379,True,0.9913051772898785
2025-04-07,421.1861572265625,440.5212273303754,400.01204418212296,406.24497996843866,161557000,0.0024102619352918,0.37232799035629965,1.8812201779192083e-06,0.050474598061309175,0.9410767127582154,True,0.9915513108195245
2025-04-08,413.6012573242188,440.5212428610244,407.3683213181599,435.5706616527368,101248100,-0.0181725514938453,0.3570387247365933,1.8454373588397514e-06,0.04822553496391545,0.9431367486712022,True,0.9913622836351177
2025-04-09,463.24615478515625,465.0653269802432,412.97499289588256,413.1141801222823,142876900,0.1133562014715063,0.3502088484276558,1.8452138859924124e-06,0.046886272735925674,0.9442024233177092,True,0.9910886960536349
2025-04-10,443.5432739257813,452.89766878987024,430.07336033484415,450.8796663706337,108384100,-0.043463193946574,0.6217275354148228,2.302447535860617e-06,0.07409678115360749,0.9197052317045286,True,0.9938020128581361
2025-04-11,451.7146606445313,453.0964608286063,438.7218921533725,442.0222794815872,52483800,0.0182553280634117,0.6267837405977048,2.312866165277346e-06,0.07447827027879562,0.9193386173735205,True,0.9938168876523161
2025-04-14,454.7764892578125,462.3017305650004,449.95514472763216,461.7152208667026,43941200,0.0067553671262593,0.6027455881312288,2.2881610659690413e-06,0.07310446644778158,0.9205604683426379,True,0.9936649347904195
2025-04-15,455.2834777832031,459.64754944257936,453.4543549864483,455.8302457357999,35404200,0.0011141871880984,0.5740208720325923,2.2824236898571205e-06,0.07103513322079337,0.9221452358673606,True,0.993180369088154
2025-04-16,441.5550842285156,449.94520996662885,435.17304059444126,446.3764289285455,48980600,-0.0306174746935968,0.5477419251473209,2.2868569916934197e-06,0.06938073245005036,0.9233627494208226,True,0.992743481870873
2025-04-17,441.4755859375,445.10401010316673,438.7517574071589,444.5274509761507,44837000,-0.0001800578256596,0.541582935607723,2.289827125984283e-06,0.06911838539593734,0.9235412124122543,True,0.9926595978081916
2025-04-21,430.5505065917969,436.48522787937225,425.40112526573694,435.64027525418857,44149300,-0.0250580827682504,0.517671708325912,2.3255251040671566e-06,0.06769116914018466,0.9243516277576455,True,0.9920427968978301
2025-04-22,441.8533325195313,444.9349886334612,435.0338562821401,436.22677695266526,52304400,0.0259133623751221,0.5076983646616506,2.3477029485756924e-06,0.06720228023076898,0.9245575412141218,True,0.9917598214448908
2025-04-23,451.8737487792969,460.641633756553,450.20368411807647,455.4624310494103,55801100,0.0224248238239603,0.49943153753598996,2.3652398211852e-06,0.0668651632474874,0.9246856666487435,True,0.9915508298962309
2025-04-24,464.5881958007813,464.896361425193,453.1362539590864,453.78243704630535,45956100,0.0277485888271446,0.48781177200705494,2.431408500964441e-06,0.06640355326042774,0.9245352806523119,True,0.9909388339127396
2025-04-25,469.7673645019531,470.29423120888106,462.63975320893314,464.2104027176438,38697100,0.0110861902384664,0.48257144388378387,2.459425908606753e-06,0.06626969082416216,0.924431430097971,True,0.9907011209221331
2025-04-28,469.61822509765625,472.0040358662156,463.2759238213188,470.2345562596675,33550800,-0.0003175254276862,0.4649824276580353,2.537465119198976e-06,0.06583767545163523,0.9241843498438215,True,0.9900220252954567
2025-04-29,472.7198486328125,473.60460372916896,466.8149487060188,467.3915381780168,30613100,0.006582849238648,0.44601343719350267,2.613724933036994e-06,0.0654736218277026,0.9239031283961927,True,0.9893767502238953
2025-04-30,472.6601867675781,474.3799741649081,459.697238824554,464.36947606745446,46810600,-0.0001262177390668,0.42899890495104404,2.6742357649513775e-06,0.06521120801871415,0.9236613924113038,True,0.988872600430018
2025-05-01,478.8334655761719,484.3009628787672,477.8990181556589,480.5532529218463,43316500,0.0129761568348189,0.41065688682073054,2.8128618241860874e-06,0.06539625958051844,0.9224946710155719,True,0.9878909305960903
2025-05-02,485.9411926269531,488.0089176296903,481.9648310617846,483.66474747370063,39218100,0.0147347478254879,0.3989099392386957,2.8018543081955122e-06,0.06512651496160633,0.9227908305141304,True,0.9879173454757367
2025-05-05,483.058349609375,486.14003597307794,481.2391774925475,481.7362227016212,28309500,-0.0059501607531556,0.38594414197469323,2.9616632383047415e-06,0.06577145281495932,0.9211108745339247,True,0.986882327348884
2025-05-06,478.5650634765625,482.1835367600156,475.3640911725845,476.7259901676863,32786300,-0.0093452775235835,0.3712923793418314,3.0107969566271203e-06,0.0657842276102021,0.9207448194137188,True,0.9865290470239209
2025-05-07,480.4438781738281,482.9291041737698,473.9624196873836,479.2310866723673,38006300,0.0039182473059438,0.3605484154868741,2.949570791231069e-06,0.06559608920717645,0.9213513250375713,True,0.9869474142447477
2025-05-08,485.4044189453125,489.7883613313791,481.3087712750368,485.642990937839,39577600,0.0102719741872221,0.3436948720496077,3.143664094124504e-06,0.06660626860618936,0.9191350151126583,True,0.9857412837188476
2025-05-09,485.0863037109375,488.63521379310254,483.326774588034,487.3130565449711,27767400,-0.0006555760675333,0.3285038368433778,3.3883330297760064e-06,0.06810045014895713,0.9161791404960855,True,0.9842795906450427
2025-05-12,504.8488464355469,504.88861854839246,498.51649505607935,503.99391286415016,45090600,0.0399322495802159,0.3129679406032727,3.527113639364432e-06,0.06902274436470683,0.9144517191465956,True,0.9834744635113024
2025-05-13,512.5431518554688,514.3325026354601,505.4155095627927,506.151126830997,53269600,0.0151258357274548,0.3548642873209391,2.818404778643241e-06,0.0648556065321721,0.9229211294007241,True,0.9877767359328962
2025-05-14,515.6148071289062,516.1615447200978,512.7021295054291,513.7161211405411,47014500,0.0059750826907055,0.34524754354446086,2.9432109116082907e-06,0.06537872248823015,0.9215837732688495,True,0.9869624957570797
2025-05-15,516.1815185546875,518.8456739501621,512.1256121181644,513.4676707665623,50153300,0.0010984948650459,0.33356869184913507,2.9388993616627864e-06,0.06566559329251617,0.9214128888771171,True,0.9870784821696333
2025-05-16,518.4280395507812,518.616919133845,514.0440673713118,517.5830263951985,48394600,0.0043427484487736,0.3179598881759003,3.126973754795656e-06,0.06658441863913342,0.9192957857632506,True,0.985880204402384
2025-05-19,518.9251098632812,519.4420562576735,511.20100847927887,511.20100847927887,52536200,0.0009583435512278,0.3047816531362968,3.228937062250256e-06,0.06731725895749148,0.9179817146391454,True,0.9852989735966369
2025-05-20,517.1954345703125,517.8515075410328,513.6067220946634,516.4001137065187,42517600,-0.0033387561110089,0.28865730148515556,3.4844639846366592e-06,0.06888409979177743,0.91486687469645,True,0.9837509744882275
2025-05-21,510.0081481933594,519.909311026266,508.2187974987168,513.2191016405527,71292800,-0.013994117214703,0.2762182157281671,3.573467513383488e-06,0.06991270205619812,0.91343148058676,True,0.9833441826429582
2025-05-22,510.9624938964844,514.6505913275334,509.2725279880036,510.6244764450017,55607200,0.001869487606663,0.2695174558438445,3.7207778026248513e-06,0.07081666630807146,0.9116344915531223,True,0.9824511578611937
2025-05-23,506.2306213378906,508.8152626278632,502.59224657648224,503.1887069260503,58368100,-0.0093038511977694,0.2558627685243587,3.912804206840666e-06,0.0722314267578915,0.9091252261721998,True,0.9813566529300913
2025-05-27,518.1397705078125,518.6269257716245,511.5490069592283,513.099785560271,47226300,0.0232526942484601,0.24672504686373745,3.985725729333077e-06,0.07564176969985283,0.9061056486956622,True,0.981747418395515
2025-05-28,515.8434448242188,520.5852756508032,515.326559052752,519.0941399870436,46637200,-0.0044417151552581,0.26127997857428115,3.7528302503404472e-06,0.07297875832123409,0.9098251955591525,True,0.9828039538803867
2025-05-29,516.8574829101562,523.3687637584553,514.2629211840699,523.21968658337,58513300,0.0019638568817176,0.24921930109745058,3.937285729730912e-06,0.07381320783575687,0.9077701474497238,True,0.9815833552854807
2025-05-30,516.042236328125,517.6029654866918,508.9046747674079,516.370303138387,67662800,-0.0015785593434409,0.23704659572197198,4.12243681173966e-06,0.07497154611164265,0.9054757910335927,True,0.9804473371452354
2025-06-02,520.1181030273438,520.3566750351536,512.9208369697641,514.18335129797,44762800,0.0078672915129471,0.22543896036447278,4.300479526852831e-06,0.07629120207732523,0.9031191063517354,True,0.9794103084290606
2025-06-03,524.183837890625,525.6153304447355,519.6010958649408,520.4659496294596,44070300,0.0077865514679441,0.21746817600255047,4.459194769932306e-06,0.07722294640541481,0.9011884542915175,True,0.9784114006969323
2025-06-04,525.6452026367188,526.708886650537,522.8617009643712,524.8896842213366,41359300,0.0027840069831604,0.21058711841261674,4.558475561877274e-06,0.07823768990691073,0.8996607191195635,True,0.9778984090264742
2025-06-05,521.688720703125,529.8999177687056,519.5713031286073,527.0468829475419,61031200,-0.00755537592413,0.20108679143814343,4.6838291241750005e-06,0.08002619992521659,0.8973684824110083,True,0.977394682336225
2025-06-06,526.7883911132812,528.6572860020211,525.0885352856423,526.8679353376542,42467000,0.0097278434944717,0.1950093625809299,4.82442220601263e-06,0.08075649787390451,0.895671290289047,True,0.9764277881629515
2025-06-09,527.5638427734375,529.2040557008712,525.8838273941709,527.0071545180014,33688700,0.0014709539659596,0.19191362440184126,4.933313085399388e-06,0.08120728384871957,0.8944555859519732,True,0.9756628698006927
2025-06-10,531.0530395507812,531.7389643345455,525.7644714899908,528.0309659877803,40664800,0.0065920154321194,0.1837308972239646,5.0364679730317194e-06,0.08243049685334469,0.8926682334786649,True,0.9750987303320096
2025-06-11,529.2636108398438,533.6078414430042,526.9772151943893,532.4546626717411,53701000,-0.0033752755068301,0.1789164099936352,5.104252171638908e-06,0.08329821563177406,0.8914388148404335,True,0.9747370304722076
2025-06-12,530.5062866210938,531.4805365276557,527.703004925698,527.9515275399644,34104900,0.0023451814469804,0.17195014583293572,5.2599322854483984e-06,0.08450801044022399,0.8892016928491757,True,0.9737097032893998
2025-06-13,523.8458862304688,528.7268432784747,522.6231138097035,524.5616021772432,55814400,-0.0126342775385179,0.16515719059088815,5.41006962512539e-06,0.08585504627508525,0.8868873245213869,True,0.9727423707964721
2025-06-16,531.132568359375,532.2062030416474,527.3152949826874,527.3649873706377,37622100,0.0138141171949,0.17035387611753555,5.4781751718576464e-06,0.08553945438268276,0.8867008787560294,True,0.9722403331387122
2025-06-17,525.9533081054688,530.178191841852,524.7901787794913,528.5677704245282,42180900,-0.0097992070725598,0.1770768968870079,5.449976500908865e-06,0.08474740114969495,0.8876270032387579,True,0.9723744043884528
2025-06-18,525.8638305664062,529.4027896913979,524.2832609295995,526.9672562637179,43983500,-0.0001701389642524,0.17702684615929437,5.362508782685769e-06,0.0842195740851919,0.888638685843888,True,0.9728582599290799
2025-06-20,523.7167358398438,530.4069457539052,521.7782471531975,529.1146401876316,61643500,-0.0040913442765981,0.17098126888636547,5.187894993913614e-06,0.08471014506676337,0.8894894441333093,True,0.9741995892000727
2025-06-23,529.1017456054688,529.6192118620138,521.1400908129034,524.2849177292203,50666100,0.0102297914058449,0.16571670474490127,5.277538138980124e-06,0.08559289946802369,0.8879517400522017,True,0.9735446395202254
2025-06-24,537.1928100585938,538.1083833993794,533.6996241180443,534.3166475371182,45442000,0.0151763313518629,0.16731165659611374,5.264928367600786e-06,0.08537312044033178,0.8882088374995945,True,0.9735819579399262
2025-06-25,538.566162109375,540.7058813321303,536.7947253384327,539.4618726543914,44804200,0.0025532723080334,0.17694604718043602,5.1728444417099e-06,0.0853911611636306,0.8892708886927614,True,0.974662049856392
2025-06-26,543.6018676757812,544.0497229160504,538.9244439782782,540.7456288167091,43811400,0.0093067652627398,0.17087077766658457,5.185205462613024e-06,0.0856161519504774,0.8887911893822416,True,0.974407341332719
2025-06-27,545.4629516601562,547.3538082383178,541.9299187322695,544.6369129629151,57577100,0.0034177686451054,0.17067116369295854,5.1718197464388906e-06,0.08568669574791415,0.8888495222401233,True,0.9745362179880375
2025-06-30,548.9959716796875,550.1503850048523,546.3785725646466,548.6177881825827,45548700,0.0064562172528221,0.16533202662374213,5.190394041032443e-06,0.08610444880858166,0.8881345621688355,True,0.9742390109774172
2025-07-01,544.3682250976562,548.0704264374054,542.0493759591154,547.0950823478822,56166700,-0.00846520167911,0.162553936717111,5.196418780043637e-06,0.0863485486904475,0.8877442717080458,True,0.9740928203984933
2025-07-02,548.1599731445312,548.3590266820488,543.5024119311546,543.5421983416136,36538300,0.0069412638999954,0.16223707389135386,5.180416255723316e-06,0.0871319928985619,0.8874027872209836,True,0.9745347801195455
2025-07-03,553.5538940429688,554.5292380064824,550.5284872552298,550.5284872552298,26443500,0.0097919508095158,0.16015603263054068,5.17303599774374e-06,0.08732020498346126,0.8871118079612348,True,0.9744320129446961
2025-07-07,549.3841552734375,551.683081038451,546.9458859486982,550.8670040005627,45349300,-0.0075611837635819,0.16180492028643406,5.238169300887216e-06,0.08883844732186409,0.8857420918353749,True,0.974580539157239
2025-07-08,549.6925659179688,551.3545443122363,548.4584584278795,550.7275591514004,36153300,0.0005612176960527,0.16040913787999936,5.185756541195691e-06,0.08849857750669442,0.8861535302655345,True,0.9746521077722289
2025-07-09,553.5838623046875,554.9572527460838,550.4489361357153,551.8223265771115,43045500,0.0070541025316759,0.15499011675548996,5.1299045451537675e-06,0.08856744859985054,0.8862291954650364,True,0.974796644064887
2025-07-10,552.7876586914062,554.6287670725607,550.1005880395711,554.2207589895446,34710900,-0.001439306301044,0.15372146963820732,5.091407602881872e-06,0.08844970238152013,0.8863815895392454,True,0.9748312919207656
2025-07-11,551.5436401367188,553.1259849885996,549.4039211443059,550.6479296881262,39618600,-0.0022529816590723,0.1489040317240402,5.043168629778444e-06,0.08880628146387187,0.8862259516759241,True,0.975032233139796
2025-07-14,553.5440063476562,554.2804496744797,548.9859421113066,551.3346156245823,36453300,0.0036202891275029,0.14461131185438394,4.983298745206455e-06,0.0889664627574051,0.8861975121194235,True,0.9751639748768286
2025-07-15,554.051513671875,558.1119745200461,553.9918036921638,557.5646229155932,43277700,0.0009164128069556,0.1413005919230714,4.94048515939065e-06,0.08964292731710836,0.8858179147781875,True,0.9754608420952958
2025-07-16,554.6187744140625,557.524821997974,548.9162589009651,554.6088733698717,52314700,0.0010233173880193,0.13708951924761856,4.865889271718065e-06,0.08994264538923329,0.885735558218922,True,0.9756782036081553
2025-07-17,559.1072387695312,559.6148040205102,554.5392729959415,555.3453881761403,40423800,0.0080603103511673,0.1331252843845226,4.7995428816917764e-06,0.09086441486097516,0.8852769831616696,True,0.9761413980226448
2025-07-18,558.5698852539062,562.0232243547773,557.2959911495041,560.4209556781648,50484700,-0.000961554183185,0.13554084855987203,4.790571371770724e-06,0.09065854537869619,0.8853835412995534,True,0.9760420866782497
2025-07-21,561.4658203125,563.3467757995568,559.365948479278,559.3958338406302,39595200,0.0051711592720149,0.13161951651426362,4.711297689315006e-06,0.0910429606066727,0.8852584493609985,True,0.9763014099676712
2025-07-22,558.5598754882812,561.6449925970527,555.9325146805868,561.5952444003194,43270600,-0.0051890797786151,0.13050334532674404,4.676007137772164e-06,0.0913328443137818,0.8850060116250393,True,0.9763388559388211
2025-07-23,561.1075439453125,561.1473303500087,556.8978386154415,559.6446191045442,40215300,0.0045507671466579,0.12948533123380826,4.6247995521565065e-06,0.09166229378891301,0.8849219709118152,True,0.9765842647007282
2025-07-24,562.3018798828125,563.5259649748344,560.590092369004,562.4212998555654,42275500,0.0021262709073579,0.12790537538026917,4.582543409825196e-06,0.09210165585898489,0.8846009522394103,True,0.9767026080983952
2025-07-25,563.6553955078125,564.9790378534013,561.5654850611911,562.2222949681642,30630800,0.002404205393134,0.1245726447112544,4.4554026227897135e-06,0.09305505290386985,0.8846298692893377,True,0.9776849221932076
2025-07-28,565.4168701171875,566.3125198933016,564.1529379000713,565.0187630549528,31498700,0.0031202184166802,0.12161509962247612,4.354392882094748e-06,0.09364419621763029,0.8845788553307223,True,0.9782230515483527
2025-07-29,564.5410766601562,569.3678058353573,563.8145950597007,568.0243008153843,45463300,-0.0015501349141367,0.11924104129417788,4.260228998929238e-06,0.09424952595180014,0.8844699891602302,True,0.9787195151120304
2025-07-30,565.2974853515625,567.8849991894002,562.3416890497874,565.4566917408055,43433800,0.001338967937276,0.11605055421128647,4.135252012199042e-06,0.09498443522481667,0.8844668172175914,True,0.979451252442408
2025-07-31,562.3018798828125,571.8757657350329,561.1673293990499,571.7861703841629,64613600,-0.0053132568329536,0.11281547814328229,4.019509381365181e-06,0.09604275542060746,0.8840598869971388,True,0.9801026424177463
2025-08-01,551.2252197265625,556.3405979294319,549.0357523301388,556.1515061828632,69400800,-0.0198953856214899,0.11327838706979823,3.956575646910035e-06,0.0963550985746473,0.8841096573332828,True,0.9804647559079301
2025-08-04,561.3961181640625,561.6150952409816,556.2708397121321,556.3703360927129,47669800,0.018283276466736,0.15268442025662912,4.92921915476791e-06,0.0935653085123726,0.8816916973098928,True,0.9752570058222654
2025-08-05,557.5845336914062,563.8443626007596,557.047083143738,562.6799876518158,48666600,-0.0068126275610381,0.1733910692962474,5.180542518336593e-06,0.09430389395970872,0.8797677381930363,True,0.9740716321527451
2025-08-06,564.600830078125,565.0387235781728,557.9428929652461,558.4205728770752,41823700,0.012504864244626,0.16964476943130322,5.135948119717515e-06,0.09393274208964525,0.880286939266972,True,0.9742196813566173
2025-08-07,566.511474609375,570.5719351139983,562.4012659163021,568.9298196969715,44463000,0.0033783495070345,0.17414679634020608,5.149528039564094e-06,0.09390075154708918,0.8801455305200642,True,0.9740462820671534
2025-08-08,571.796142578125,572.0151196938974,567.4172684314073,567.7158183687225,35255500,0.0092851982311229,0.16767552113237302,5.074146422955782e-06,0.09312059762542059,0.8810120219344068,True,0.9741326195598273
2025-08-11,570.104248046875,574.0353274481827,568.8304148017489,571.9354554685915,33112900,-0.0029632983458161,0.16779844538720284,5.107023179285789e-06,0.09396367045584555,0.8802687085794789,True,0.9742323790353244
2025-08-12,577.269775390625,577.5683253251331,569.7460133279651,572.4031988590039,42143300,0.0124904701624115,0.1616919546522247,5.0151700125000755e-06,0.09313024107250328,0.8812757855692614,True,0.9744060266417647
2025-08-13,577.558349609375,580.5240464797514,576.165035771658,579.9667330931853,41209300,0.0004997699978193,0.16722320458251536,5.031419577758823e-06,0.09283728130404999,0.8813666024795088,True,0.9742038837835588
2025-08-14,577.1105346679688,579.0909866487473,575.139983732242,575.508266162602,45425000,-0.0007756595331461,0.16062601544706515,4.95501060554498e-06,0.09205158359608358,0.8822177679853539,True,0.9742693515814375
2025-08-15,574.57275390625,577.060771050305,572.811218330625,577.0209239007323,49480200,-0.004407088119421,0.15470168843535603,4.890807508905215e-06,0.09156333643502712,0.8827887682406756,True,0.9743521046757028
2025-08-18,574.34375,575.0006204675227,572.482718246351,573.6769784888112,29831000,-0.0003986432582422,0.15094651982675622,4.887815721545138e-06,0.09250839005415362,0.8820884964036776,True,0.9745968864578312
2025-08-19,566.5514526367188,573.7965277870278,565.5263603018907,573.6273596101793,53752600,-0.0136601828380133,0.1456965388291552,4.80044996828354e-06,0.09196748888963989,0.8828033917859146,True,0.9747708806755545
2025-08-20,563.1876220703125,565.7253875756548,556.1614636230435,565.6059676042936,76781100,-0.0059550750835282,0.15616709490424016,4.890122290055997e-06,0.09175303358672655,0.8825741357409611,True,0.9743271693276877
2025-08-21,560.5801391601562,563.774714247948,558.2911148293009,561.6449570276834,46436900,-0.0046406164681475,0.15327819744435106,4.8339591991035436e-06,0.09114545262345347,0.883194794073163,True,0.9743402466966165
2025-08-22,569.2284545898438,571.238791941298,560.5702032580724,561.9634564557491,51502100,0.0153096451853133,0.14959042036030734,4.781286953432257e-06,0.09063856695939462,0.8836677339604442,True,0.9743063009198388
2025-08-25,567.58642578125,570.542161218221,566.4319517221652,567.6660593438861,34044700,-0.0028888255755319,0.16262964428007684,4.895604536022508e-06,0.09022287379323071,0.8833778800528302,True,0.9736007538460609
2025-08-26,569.8654174804688,570.1739291946637,566.0736815609588,567.0987738406898,34103000,0.0040071933810882,0.15716340840791163,4.859762858658353e-06,0.08972101322861115,0.8837189491796297,True,0.9734399624082408
2025-08-27,570.7412109375,571.6567843025553,567.6361701841732,568.8503542214644,36927100,0.001535662878548,0.15283472610461538,4.825288790857325e-06,0.08950049006834339,0.883958173312145,True,0.9734586633804884
2025-08-28,574.3140258789062,575.2295992365423,569.7161747720991,571.3582297430389,46787900,0.0062404439912471,0.14785651211806838,4.77683721048006e-06,0.08950291202141106,0.8842001717282354,True,0.9737030837496464
2025-08-29,567.666015625,572.273828233091,565.8148847062891,571.9055458127416,56030400,-0.0116430850159672,0.14612615425738945,4.771073360452601e-06,0.08952728812284776,0.8839543848304647,True,0.9734816729533124
2025-09-02,562.9088745117188,563.2571726003424,556.8580000613789,558.6195355636612,65876800,-0.0084154870764935,0.15226792714042356,4.848250604313822e-06,0.08943650904845651,0.8834310141869274,True,0.9728675232353838
2025-09-03,567.3375854492188,568.9597775003773,564.0135677896833,566.5015849549442,54230200,0.0078367573092273,0.1526071720402106,4.861121628029389e-06,0.08933102399972362,0.8833081078764963,True,0.9726391318762199
2025-09-04,572.4728393554688,572.8410610450118,566.3026052373926,568.0043701424134,47526300,0.0090107767756357,0.1525286021941473,4.908129660420252e-06,0.09135197480187172,0.8817948213249024,True,0.9731467961267741
2025-09-05,573.298828125,578.3345721151251,568.7905728965633,577.707586970244,68342500,0.0014418036962569,0.15353940992742765,4.883712620958383e-06,0.09081125526485542,0.8822184326163136,True,0.9730296878811691
2025-09-08,576.0953979492188,578.0559870759845,575.0006946855148,575.5977945125156,46371400,0.0048661725964083,0.14825963542243686,4.822869455537822e-06,0.09036284914261113,0.8826882014922969,True,0.973051050634908
2025-09-09,577.7275390625,578.1554707195171,574.274139701763,576.8915385805233,44007600,0.0028291034084009,0.1451933361315513,4.794739863527075e-06,0.09020294108164768,0.8827073815333979,True,0.9729103226150456
2025-09-10,577.9166870117188,580.9719796320359,575.7769677758832,580.942094267134,49308000,0.000327346334867,0.14111437134042243,4.777540168378946e-06,0.09032793105785607,0.8823872312681739,True,0.97271516232603
2025-09-11,581.2804565429688,582.0766099053841,578.8322257294989,580.4444560297375,44745800,0.0058036357172562,0.13669729416682377,4.749633309839933e-06,0.09055863700405448,0.8821047716759257,True,0.9726634086799801
2025-09-12,583.8480224609375,585.0422828265267,581.3002953608963,582.2357922273038,50745900,0.0044073595666822,0.13563587828671625,4.773592841863491e-06,0.09098869432252672,0.8813354904149333,True,0.9723241847374601
2025-09-15,588.843994140625,588.9534523182087,585.4702282697297,585.6195335974215,44360300,0.008520569483881,0.13340071296351452,4.7497643532326685e-06,0.09115711608670023,0.8811669156435568,True,0.9723240317302569
2025-09-16,588.3463745117188,590.018314719858,587.6596793599289,589.7695130089575,36942100,-0.0008454361703891,0.13626589248055945,4.8304846153549665e-06,0.09163536000722321,0.8800712335198538,True,0.971706593527077
2025-09-17,587.1720581054688,588.9136701422223,581.5690385221046,588.2667613743852,69384800,-0.0019979555646343,0.1322239420765784,4.780231062940434e-06,0.09176088015646813,0.8800904904051537,True,0.9718513705616219
2025-09-18,592.4666137695312,595.2731046813599,590.1179399259114,592.0585449007204,61069300,0.008976632155518,0.12875635982286948,4.7709719531908754e-06,0.09255657438770268,0.8792333610385344,True,0.9717899354262372
2025-09-19,596.4772338867188,597.1738908683575,592.9940097211341,594.4669572446983,58196100,0.0067465512981945,0.1325758446643442,4.812511020140575e-06,0.09770537354661349,0.8755605385513383,True,0.9732659120979518
2025-09-22,600.0083618164062,600.6759063866804,595.5446250028239,595.56457167487,57154800,0.0059025168281461,0.1329450204331729,4.759921601529472e-06,0.09709195783118775,0.8762605456975006,True,0.9733525035286883
2025-09-23,596.0228881835938,600.376978885606,594.8072966999976,600.1776946146698,64635500,-0.0066645221591326,0.13219931964905593,4.709011936166265e-06,0.09702794569404154,0.8765612885501288,True,0.9735892342441703
2025-09-24,593.9305419921875,597.7167610032964,591.2005236200914,597.3979183069385,49850300,-0.0035166894681787,0.13245880610487723,4.660416914303935e-06,0.0963261267376399,0.8772853418401076,True,0.9736114685777475
2025-09-25,591.3699340820312,592.9541133753095,586.358211090951,590.0447574609248,70920200,-0.0043206122755003,0.12951803869273026,4.581776165061748e-06,0.09581264844798482,0.8780023659469727,True,0.9738150143949575
2025-09-26,593.8009643554688,594.1297803627111,588.9088608410209,592.1868651388552,54337400,0.0041024187923093,0.12749433518808884,4.518438556251529e-06,0.09538523009471221,0.8785534835116305,True,0.9739387136063428
2025-09-29,596.5509643554688,599.858888854889,595.2357610619866,596.929586249639,48332900,0.0046204905055936,0.12542242169286266,4.453378870765816e-06,0.09541802234552649,0.8788219391693505,True,0.9742399615148769
2025-09-30,598.1849975585938,598.5237869140956,593.9305184146496,596.2520555976123,46533800,0.0027353896996207,0.12403682860285505,4.3999272581362414e-06,0.09520090050499574,0.8791678099735726,True,0.9743687104785683
2025-10-01,601.0545043945312,601.592517201177,594.1696797218984,594.9966151966095,46899600,0.0047855533571087,0.12124184743772098,4.323351594204204e-06,0.09523931487272598,0.8794665876906077,True,0.9747059025633337
2025-10-02,603.5255126953125,604.950301116935,600.7357150581139,604.8506893778672,43765400,0.0041026942697781,0.1204438897489572,4.287625990258527e-06,0.09501018705393686,0.8796652283474901,True,0.9746754154014269
2025-10-03,600.9848022460938,605.1197232184186,599.2013385970163,604.3027001978111,46482100,-0.0042186674299411,0.1190499507516228,4.2492611415176605e-06,0.09489130136640976,0.879776492904203,True,0.9746677942706128
2025-10-06,605.498291015625,607.1422494333636,603.7645725777412,606.2355880916678,41962100,0.0074820937828216,0.11777264554890768,4.191992914340659e-06,0.09502951354068832,0.8799083043625582,True,0.9749378179032465
2025-10-07,602.3099975585938,607.4910851983766,600.835403229105,606.8035939044607,58209500,-0.0052794816740008,0.12079658159337,4.186373666977882e-06,0.09527673945185142,0.8798085807675624,True,0.9750853202194139
2025-10-08,609.2147216796875,609.523591030116,603.0572205300643,603.2066381307736,50629800,0.0113985274425406,0.12043290815178673,4.151565232311494e-06,0.09521386786104748,0.8799520978341026,True,0.97516596569515
2025-10-09,608.4774169921875,609.3840783602061,605.2691043090726,609.2545466200572,45551000,-0.0012109871685766,0.1308759965329907,4.2989863389199346e-06,0.09474598129489403,0.8794395303677577,True,0.9741855116626517
2025-10-10,587.3545532226562,610.9483641105261,586.9061788056832,609.1748739271294,97614800,-0.0353311527688139,0.126668681251944,4.192524372351066e-06,0.09502840269950008,0.8799307409673528,True,0.9749591436668529
2025-10-13,599.8190307617188,600.7556121211176,595.056398092238,597.497493628088,65872600,0.0209993479385969,0.21597900631516176,5.924146334162425e-06,0.0927875009398451,0.8719178702120377,True,0.9647053711518828
2025-10-14,595.8236694335938,600.4966033203683,587.9823159734815,593.1434568492728,69203200,-0.0066832276878474,0.23026261077009577,6.053890601260365e-06,0.09423704920205156,0.8698620352650396,True,0.9640990844670911
2025-10-15,600.0282592773438,604.4919961772353,593.7611729131481,601.8117836952674,62805500,0.0070319862665144,0.22122070747858769,6.037838640613558e-06,0.09512739384811615,0.8694247770659427,True,0.9645521709140589
2025-10-16,597.806396484375,606.0961241101174,593.3327470469682,602.9077579751356,70982000,-0.0037098030692389,0.2119687280475438,6.007495447861261e-06,0.0936468489458153,0.8705920908198685,True,0.9642389397656839
2025-10-17,601.7320556640625,603.306322454893,594.1995718879336,595.7738386787643,72024900,0.006545306134351,0.2018028540410953,5.982319835207284e-06,0.09228438121976912,0.8716238629931357,True,0.9639082442129048
2025-10-20,609.3143310546875,610.5697551235123,604.8606284241672,604.9303809627713,45761700,0.0125220215331664,0.19448262153794574,5.9757795694176986e-06,0.09102369635795109,0.8724130874811116,True,0.9634367838390626
2025-10-21,609.1549072265625,610.4899962848245,607.1024069621277,609.4139706950965,44538200,-0.0002616788738295,0.19516074478479273,5.993097835212138e-06,0.090933094945977,0.8723319601321804,True,0.9632650550781574
2025-10-22,603.286376953125,609.1848147458128,597.5573034367524,608.5969960402966,61478800,-0.0096805943185575,0.18635621715359696,5.996052132963862e-06,0.0911083202998783,0.8721074760433489,True,0.9632157963432272
2025-10-23,608.35791015625,609.1450131867009,602.319966975814,602.7085014161719,42844300,0.008371372480766,0.18449178818676645,6.050360150709871e-06,0.0926664592801806,0.8705895133376864,True,0.963255972617867
2025-10-24,614.8540649414062,616.1692681518385,612.8912638677524,613.7481193370727,47632500,0.0106215700806677,0.18084513595808946,6.023520259117811e-06,0.09139166111245955,0.8715646025917749,True,0.9629562637042345
2025-10-27,625.80419921875,626.2624862060553,621.7589773359792,622.2471843336021,54098600,0.0176525945033319,0.18038929187283165,6.014849769734491e-06,0.09020591201711238,0.8723622192000596,True,0.962568131217172
2025-10-28,630.6165161132812,632.3701204498367,626.9598898422056,628.0658354818435,61195700,0.0076603965036307,0.1922082568825452,6.049844852588426e-06,0.08948917608426611,0.8727022476444218,True,0.9621914237286879
2025-10-29,633.4561767578125,634.69165413006,627.9562469711387,633.276839153424,67422800,0.0044928831028886,0.18717843142490123,6.059694084526412e-06,0.08908535507083212,0.8728219511307692,True,0.9619073062016014
2025-10-30,623.7715454101562,631.1944440896802,623.6619603385896,629.869267455657,61628600,-0.0154066327708765,0.18016829293288444,6.078962305619467e-06,0.0880969230851531,0.8731637210937024,True,0.9612606441788556
2025-10-31,626.7805786132812,631.8919134270566,624.4092354874234,631.8619934183905,66305100,0.0048123368109136,0.18746821276381906,6.1229459945749855e-06,0.08788023964238091,0.8730452669815931,True,0.960925506623974
2025-11-03,629.7796630859375,633.5060422247587,627.5577374609765,632.7986042633725,37154300,0.0047734920586324,0.1807566867258481,6.14291742585399e-06,0.087327052640362,0.8731377553530815,True,0.9604648079934435
2025-11-04,616.996337890625,624.6683271251044,616.2092348629542,621.0117005353788,63830800,-0.0205069285381256,0.17467117702914586,6.18399995070178e-06,0.08684724395562221,0.8729550429959664,True,0.9598022869515885
2025-11-05,621.0116577148438,624.3195213581258,614.9637416360841,616.2390515684897,48688500,0.0064867657046226,0.1936671293936073,6.2188515455646954e-06,0.08678047122799765,0.8731900319483112,True,0.9599705031763088
2025-11-06,609.44384765625,619.776101814492,608.078838551967,619.5270116741043,72115100,-0.018803038105453,0.1874379996212531,6.292507868149641e-06,0.08633500248055859,0.8726845121291064,True,0.959019514609665
2025-11-07,607.5209350585938,607.7301926884926,596.4912153281726,606.0961466218313,81835400,-0.0031601805167587,0.19999743103070006,6.428760797326295e-06,0.08690401756630961,0.871219075933828,True,0.9581230935001376
2025-11-10,620.9617919921875,622.0378784586748,614.644899897251,616.6674802752618,55919900,0.0218829178352748,0.19130220269150106,6.36103135702817e-06,0.0854328032629487,0.8728971713395324,True,0.958329974602481
2025-11-11,619.307861328125,620.4536395227035,615.2726130875191,618.3115007347396,44868800,-0.0026670517012567,0.20975183027082706,6.470011699954438e-06,0.08608280714162317,0.8717483205504437,True,0.9578311276920669
2025-11-12,618.8196411132812,622.5858524528388,615.5615225825271,622.5659665942537,47444400,-0.0007886429130851,0.20003449447288021,6.578192065774412e-06,0.08588265882410127,0.8707754478135568,True,0.956658106637658
2025-11-13,606.1858520507812,615.8704485105809,603.8742880136988,615.2925422980531,71333600,-0.0206272332406192,0.19081752107252395,6.743127940532015e-06,0.0864557362177207,0.8687122097026562,True,0.9551679459203769
2025-11-14,606.64404296875,611.1176919097272,594.9965862233795,597.3679290922347,80087300,0.0007555732945706,0.20688254891214636,6.956274482915898e-06,0.08825761579583195,0.8657507683769698,True,0.9540083841728018
2025-11-17,601.4630126953125,610.2509204798646,597.6868279161546,604.0934192729386,63850400,-0.0085771571519517,0.19667690610636146,7.03196466594152e-06,0.0875353213172353,0.865501131247967,True,0.9530364525652023
2025-11-18,594.1397705078125,600.1179339423381,589.1878876531316,597.4377215700049,83327300,-0.0122504461774361,0.19348258079892794,7.006053962726609e-06,0.09070812653367853,0.864624644192037,True,0.9553327707257155
2025-11-19,597.6868286132812,603.9539148983285,592.4260762649179,594.897031094223,73111500,0.0059523232336186,0.1938448816882075,7.060138710274659e-06,0.09095866220897761,0.8640701988831707,True,0.9550288610921484
2025-11-20,583.5385131835938,611.7953468701894,582.6218784315797,609.3940836964333,117743200,-0.0239564655111586,0.18705298043660235,6.999205322691911e-06,0.09033202309303945,0.8647636766323635,True,0.955095699725403
2025-11-21,587.9224853515625,594.807310091711,578.6264242609341,585.3319113971087,103344200,0.0074846582845097,0.21269931793755256,6.9716340879575944e-06,0.0905248909483868,0.8652615198990921,True,0.9557864108474788
2025-11-24,602.9575805664062,604.4720682054578,592.9939741263881,593.1135933516537,60168100,0.0252517353581003,0.2051252828970618,6.953826820507984e-06,0.08992614027913991,0.8656883724675486,True,0.9556145127466885
2025-11-25,606.674072265625,608.0390815394395,595.1461718391749,601.3136469136847,57560900,0.0061448514261719,0.23003680953541036,6.90611264863295e-06,0.09098745899214829,0.8653865522704242,True,0.9563740112625725
2025-11-26,612.034423828125,613.9474190856081,608.1685399702174,610.2808195033393,42393600,0.0087968306561573,0.21959123114028237,6.885023385194634e-06,0.09043930571285068,0.865629235414331,True,0.9560685411271816
2025-11-28,616.996337890625,617.0660904342964,613.1802595402138,613.8677508272276,23034400,0.0080745595246927,0.21242222697731492,6.908039820707338e-06,0.09019630050757543,0.8653955682231852,True,0.9555918687307606
2025-12-01,614.923828125,617.1855860502521,610.2907880213397,611.3967336448243,40957600,-0.0033646851120008,0.2053446233248751,6.943695102012777e-06,0.08990735165417293,0.865144815482494,True,0.955052167136667
2025-12-02,619.7362670898438,621.4798980663827,615.3423437866954,617.2055331651553,54541800,0.007795608451378,0.19584691667802887,7.0137232289895685e-06,0.09001583027962608,0.8642085846464829,True,0.954224414926109
2025-12-03,621.2507934570312,621.9481972408511,615.7807833814271,617.3649627124794,47841600,0.0024408427247357,0.19017432262297132,7.1159787491996e-06,0.09063885468566342,0.8626444962830022,True,0.9532833509686657
2025-12-04,620.6728515625,622.6655726885474,617.2852013230104,622.6555993528335,47067800,-0.0009307205617168,0.18168000381920837,7.200292992817953e-06,0.09075847993681234,0.8616271743023375,True,0.9523856542391498
2025-12-05,623.2036743164062,626.6311575742,621.4401572213803,622.1077018660956,53614200,0.0040692563828381,0.17345006556245612,7.3451201845610074e-06,0.09175170067248532,0.8593847415958913,True,0.9511364422683766
2025-12-08,622.0079956054688,626.5513972974647,619.4273950138578,624.9273247300189,43462400,-0.0019204430978301,0.16758511571824442,7.419887284340088e-06,0.09410837741044942,0.857480697008768,True,0.9515890744192174
2025-12-09,622.7752075195312,623.5922305440594,618.7399590794447,620.7426537012356,37156000,0.0012326837465113,0.16104444327702072,7.4171879428901685e-06,0.09429574133145627,0.856997447219455,True,0.9512931885509113
2025-12-10,625.3258666992188,626.920080160108,618.7299643381673,621.5795410824109,55031400,0.0040872695060811,0.1549349755875328,7.4374680472537365e-06,0.09474002652475674,0.8561253155654424,True,0.9508653420901991
2025-12-11,623.3033447265625,623.5026290294861,615.4719033941835,621.5497401616841,58272800,-0.003239590621465,0.15079766143323464,7.466646400560158e-06,0.095215805804379,0.8553329109884106,True,0.9505487167927895
2025-12-12,611.3867797851562,621.2706598008424,609.1349951238292,619.8160122611713,75158700,-0.0193035235930222,0.14662272965865097,7.519530224003061e-06,0.09600384023686874,0.8542055639336791,True,0.9502094041705478
2025-12-15,608.3179931640625,616.1693197420918,607.102462393675,616.1195138735233,49538200,-0.00503202605191,0.17141228513181378,7.491330651125224e-06,0.09343380171256974,0.8570358010801608,True,0.9504696027927305
2025-12-16,609.5235595703125,611.2771638485672,604.7011478051123,606.0462710202155,55152800,0.0019798417903194,0.16617261555679333,7.480492085247076e-06,0.09332580677893015,0.8569586058625877,True,0.9502844126415178
2025-12-17,598.2247924804688,611.4166568355257,598.0953215609716,610.8287773715621,70654300,-0.0187110116310339,0.15988458815130413,7.486501679693915e-06,0.09353622978124011,0.8564025301538821,True,0.9499387599351222
2025-12-18,606.8931884765625,610.6992932536183,604.7111563372118,607.5806797208244,78875800,0.0143862188364471,0.17919363131597305,7.575046565498119e-06,0.09317692451162832,0.8563847356154712,True,0.9495616601270995
2025-12-19,614.8042602539062,615.372193060386,609.6431199441153,609.722845815118,60369800,0.0129511318263915,0.1852095409142193,7.648558423768336e-06,0.09360833864070989,0.8554634849115722,True,0.9490718235522821
2025-12-22,617.7513427734375,620.1855972768566,616.3147325600856,619.8862552767364,43703100,0.0047820773821682,0.18776291045915572,7.734031293492914e-06,0.09414157725191934,0.8542853614454824,True,0.9484269386974017
2025-12-23,620.6444702148438,620.9437513214359,616.3247143117193,616.7437078609482,41120400,0.0046723877365108,0.18078767892635506,7.714799642781288e-06,0.09492560059613543,0.8540419495030201,True,0.9489675500991556
2025-12-24,622.460205078125,622.809417120355,620.255389239048,620.5247726871431,18468700,0.0029212924553366,0.17413592385411747,7.690790498011519e-06,0.09454667059582711,0.8542884883876316,True,0.9488351589834587
2025-12-26,622.4203491210938,624.0465142854792,621.6721158574088,623.1884938656726,28959800,-6.403177704147643e-05,0.167340581563496,7.676261188906041e-06,0.09434800268388116,0.854348046021517,True,0.9486960487053981
2025-12-29,619.4074096679688,621.312944373981,617.2724362589381,618.6392040742111,32458300,-0.0048524368113432,0.16058389296216,7.676335390911643e-06,0.09437952699894846,0.8539866952949421,True,0.9483662222938906
2025-12-30,617.9707641601562,620.7142858196408,617.7612369489017,618.3798323976478,31226800,-0.002322080967224,0.15643184975159255,7.676646386807398e-06,0.09445487492057643,0.853717606125891,True,0.9481724810464675
2025-12-31,612.8628540039062,618.4995685313527,612.6034567489972,618.1903012408169,40746500,-0.0082999674436359,0.15136349093342794,7.685974789713309e-06,0.09517231469261042,0.8530465988614386,True,0.9482189135540491
2026-01-02,611.6756591796875,621.3827185880021,608.7126848809434,618.5993129536024,61859200,-0.0019390083421639,0.15197054371842025,7.677794410790322e-06,0.0951564650082714,0.852929337138495,True,0.9480858021467663
2026-01-05,616.5341796875,619.3475438678657,615.2671519649484,617.8610636312775,46828400,0.0079115892033788,0.1471693746061935,7.654415333337484e-06,0.09537656664847616,0.8526904110076076,True,0.9480669776560837
2026-01-06,621.951416015625,622.550039153126,617.0829067758982,617.7712838046286,43137500,0.0087482178168147,0.14791068328800072,7.653937571244172e-06,0.09542301257447504,0.8525371019734926,True,0.9479601145479677
2026-01-07,622.550048828125,626.4607976434537,621.0934661514185,621.5723159557587,44880300,0.0009620444420226,0.14979937688122225,7.704600615482436e-06,0.09602789856461473,0.8518135737282122,True,0.9478414722928269
2026-01-08,619.0083618164062,621.9514248328863,616.3446684463296,621.5623898130801,50435900,-0.0057052436488162,0.14486916178192394,7.626696624202567e-06,0.09605867293974721,0.8520399360391977,True,0.9480986089789449
2026-01-09,625.173828125,626.4108973206594,617.6016810573577,619.946120817708,49688700,0.0099109548847561,0.14328036673925318,7.5898338641917155e-06,0.09615198120904692,0.8519975756824641,True,0.948149556891511
2026-01-12,625.6925659179688,627.368601054656,620.7941591397378,620.8440291770474,37388700,0.0008294056426431,0.14759305201258258,7.612943173065101e-06,0.09601260901030449,0.8518342546999081,True,0.9478468637102127
2026-01-13,624.7647705078125,627.9871421828441,622.2307758506613,625.7923733874012,44481400,-0.0014839300044612,0.1429152271734158,7.560000632155957e-06,0.09608761293126065,0.8519456954052639,True,0.9480333083365245
2026-01-14,618.0905151367188,621.9813522711377,613.1122798122711,620.7741807448011,72598700,-0.010740300349678,0.13888886722462215,7.593585635220744e-06,0.0977279899439534,0.8504215819178228,True,0.9481495718617762
2026-01-15,620.3153076171875,628.5159146085045,619.2877047511574,625.1238996016858,53934900,0.0035929980835507,0.1455196911656041,7.58564185085158e-06,0.09706573638304981,0.8509999847963954,True,0.9480657211794452
2026-01-16,619.7965087890625,624.6051616315584,617.4221104790464,624.0265108868263,61058100,-0.0008366969035008,0.14201353520625426,7.493588928001392e-06,0.09681786998213363,0.8516329657553527,True,0.9484508357374863
2026-01-20,606.6276245117188,613.611135001854,605.6199939698072,609.0918377338978,81988900,-0.0214760784039844,0.13785668940697926,7.433504997982565e-06,0.09713504546037985,0.851664467710013,True,0.9487995131703929
2026-01-21,614.8282470703125,618.958448118544,606.4280383777512,608.0342310571399,79837900,0.0134278216147505,0.1719705322452645,7.811665275190206e-06,0.09501822815973443,0.8513063744037587,True,0.946324602563493
2026-01-22,619.2976684570312,620.9936758988773,616.3247080096578,620.8838887514372,42254800,0.0072430873870345,0.1773983112521683,7.84851235598588e-06,0.0950047122885895,0.8509697222220575,True,0.945974434510647
2026-01-23,621.2530517578125,623.9267921630139,617.1926928942361,618.2701049354484,43645800,0.0031524465518224,0.1730157185073701,7.82588933323216e-06,0.09442845001875229,0.8513409139912823,True,0.9457693640100346
2026-01-26,623.9866333007812,626.1315320367429,620.654474506515,621.7419335987944,35983000,0.0043904574626665,0.1662121670963426,7.792583775447304e-06,0.09383929542775522,0.851816365057765,True,0.9456556604855203
2026-01-27,629.6432495117188,630.5510790290263,625.8621995501378,627.428447510711,38997200,0.0090244412298433,0.16094790294624386,7.790520052221767e-06,0.09352622966631731,0.8518038056920506,True,0.9453300353583679
2026-01-28,631.728271484375,635.1003139672691,630.3216198646463,633.9630457840011,50691700,0.0033059631313243,0.16113047728382376,7.784466833728875e-06,0.0939400043663013,0.8516241277039824,True,0.9455641320702838
2026-01-29,627.9472045898438,632.1772064107698,616.8135217006399,631.1596506954837,79944000,-0.0060032576990858,0.15590036290185416,7.764493473239619e-06,0.09414728440491286,0.8515261729159147,True,0.9456734573208275
2026-01-30,620.405029296875,626.7799907137291,617.8410762491409,624.2360100363766,65650700,-0.0120835560010852,0.1531630464186315,7.742863929540128e-06,0.09381958115719029,0.8516650253647834,True,0.9454846065219736
2026-02-02,624.6650390625,627.0094788951942,617.2026180242116,617.2425627681274,49020300,0.0068430307619126,0.1593736959059719,7.817360216323371e-06,0.09363060695032432,0.8511644807144676,True,0.9447950876647919
2026-02-03,615.0676879882812,628.4959413976924,609.5207880738473,626.8199062679399,81234000,-0.0154832450508379,0.15706789036125002,7.798615552639033e-06,0.09346979331216644,0.8513268872663623,True,0.9447966805785287
2026-02-04,604.322998046875,613.6509473291842,599.0554072347201,613.5711796318161,81850700,-0.0176235035424791,0.16937576047293887,7.934260197742234e-06,0.09352343984655777,0.8503475896167906,True,0.9438710294633483
2026-02-05,595.6235961914062,603.3852370585454,593.3589241811554,598.7960977080248,89354500,-0.0144999024380347,0.1839242230152265,8.032466858141788e-06,0.09390986931592776,0.849557746425659,True,0.9434676157415867
2026-02-06,608.2138671875,609.9696699932801,597.3594924154261,598.7761302609774,78019300,0.0209176578181793,0.1891728923053251,8.109936841357054e-06,0.09419613547111474,0.8487203998526635,True,0.9429165353237782
2026-02-09,612.8728637695312,615.0078372205985,603.6446538426547,606.1088060763491,56797600,0.0076309390187482,0.2073744975199352,8.191521223615743e-06,0.0949766131296852,0.8477771416970894,True,0.9427537548267746
2026-02-10,610.029541015625,615.566515685603,609.5706636004911,613.8605219833995,53938900,-0.0046501304869109,0.19992537791245665,8.051922286076569e-06,0.09499858827992025,0.8491642237563634,True,0.9441628120362836
2026-02-11,611.6657104492188,616.0653561148772,606.2584951427149,614.9280269463444,58575100,0.0026785246318274,0.19085152158305016,8.02363253711043e-06,0.09438427183192875,0.849789894481376,True,0.9441741663133048
2026-02-12,599.22509765625,614.3593449076634,598.1576109292407,613.2619605146361,81378900,-0.0205485919210974,0.18187197029689134,8.017333117894229e-06,0.09398119474048365,0.849911967871229,True,0.9438931626117126
2026-02-13,600.5020141601562,605.0512695366964,595.0149707463246,599.0155339597561,69237500,0.0021286790529299,0.20079720092316655,8.048412331156904e-06,0.09468523428605788,0.8496101683798823,True,0.9442954026659403
2026-02-17,599.8834838867188,602.527265543405,591.9422745141455,596.9703796848319,69013800,-0.0010305528168839,0.1906682227660049,8.055047530558513e-06,0.09430712973292973,0.8497990471303943,True,0.9441061768633241
2026-02-18,604.3629760742188,608.333642172117,599.3049116850376,600.6916520079001,64250700,0.0074395283636675,0.18134690192392708,8.033769182560304e-06,0.09385345384152334,0.8500931011578264,True,0.9439465549993498
2026-02-19,602.04833984375,604.3928403408552,599.3347767407971,601.3899214380363,60960800,-0.0038372303708548,0.17675979384450988,8.027758432359982e-06,0.09374786488776841,0.8500217817460511,True,0.9437696466338196
2026-02-20,607.3757934570312,608.9121436812641,597.8183444916572,598.70626248816,74127300,0.008809958267303,0.17000312058144945,8.04029666132664e-06,0.09366370462431342,0.8498645796501955,True,0.9435282842745089
2026-02-23,599.9932250976562,606.5777139403463,597.6387991893799,605.1809875790976,63859100,-0.0122293354476327,0.16847538097531517,8.040862011743235e-06,0.09373700911342073,0.8496410169499968,True,0.9433780260634176
2026-02-24,606.4380493164062,607.5554060860559,598.3172099190714,600.9809641013653,55023700,0.0106842149453879,0.1722423759409765,8.05282000312027e-06,0.09381728395685242,0.8494455726219566,True,0.943262856578809
2026-02-25,615.227294921875,615.3769659271486,609.5606824638733,609.6305248735758,55710700,0.014389206171659,0.17304210825585148,8.0520037017773e-06,0.09363757468087518,0.8496707057794686,True,0.9433082804603438
2026-02-26,607.8048095703125,614.1398874724765,602.5571907580546,614.1398874724765,96178900,-0.0121379912336784,0.1799316477016848,8.074067015727993e-06,0.09393354067189669,0.8492976742987524,True,0.943231214970649
2026-02-27,605.8594360351562,606.8870389785335,600.7714740333364,601.5595911757949,68125200,-0.0032057881053393,0.18197452573995743,8.15742377082485e-06,0.09479154168580296,0.8482452321335231,True,0.943036773819326
2026-03-02,606.6575317382812,608.4831769130049,596.5812880631398,597.449233707877,75264600,0.0013164282885834,0.1741601078040805,8.10687277881925e-06,0.09442818014408474,0.8486724257702463,True,0.943100605914331
2026-03-03,600.162841796875,602.5372399706525,590.4756942596103,594.9252095120197,97015500,-0.0107634123272956,0.1666661046252371,8.085273474011682e-06,0.09426268218885703,0.8487336959459496,True,0.9429963781348066
2026-03-04,609.3112182617188,611.436205359631,602.0084551337541,602.7367159421393,70943900,0.0151281474183335,0.16849011731196736,8.135423752626112e-06,0.09458938161210016,0.8481902835661793,True,0.9427796651782795
2026-03-05,607.4755859375,611.3165531665334,600.8412876368789,605.9691941386595,89602400,-0.0030171821561889,0.17777999392383742,8.116006475544605e-06,0.09448556686977129,0.8485529482821649,True,0.9430385151519362
2026-03-06,598.337158203125,604.5724349663923,596.9205203720956,598.8958365654587,86302300,-0.0151575818760732,0.17034800473102985,8.067215601403326e-06,0.09418524353724166,0.8488881577452555,True,0.9430734012824972
2026-03-09,606.3283081054688,607.8347607375977,589.9370196014203,592.83015152989,93068200,0.0132671971453655,0.17928349040771877,8.078290509355375e-06,0.09426064962289238,0.8488371587226486,True,0.943097808345541
2026-03-10,606.3383178710938,611.8452732023572,603.9938171455258,606.3483040570791,64078900,1.6508684927659008e-05,0.18304110941849577,8.094584496587548e-06,0.09442691078444455,0.8485466596036628,True,0.9429735703881074
2026-03-11,606.2584228515625,610.9872467457833,603.6047159994632,607.5154643204306,60114800,-0.000131775085589,0.1745449617400909,8.105349638711915e-06,0.09435701547105449,0.8485030366589914,True,0.9428600521300459
2026-03-12,595.85302734375,602.716824803038,595.6435001258386,601.3400708370464,71836600,-0.0173122972801492,0.16681890344617828,8.077424053320716e-06,0.09418408544919847,0.8485421706228646,True,0.9427262560720631
2026-03-13,592.3213500976562,602.1780807449821,591.1740956767717,598.3172021392496,63145500,-0.0059447295176083,0.1811606840301985,8.098374225393896e-06,0.0940982821789087,0.8487362704616339,True,0.9428345526405426
2026-03-16,598.9656982421875,602.4374809704295,597.6986704778886,598.6264723831473,49077200,0.0111550227168346,0.1751555313573948,8.105668254917573e-06,0.09403805806429286,0.8484651595812344,True,0.9425032176455272
2026-03-17,601.8887939453125,604.4727195335382,600.4521836848432,601.7192114600242,47106600,0.0048683691413103,0.17614176836231937,8.087001691531786e-06,0.0937793308693785,0.848874858022746,True,0.9426541888921245
2026-03-18,593.4986572265625,601.7391485345295,593.1594313501803,600.0730994941966,56128000,-0.0140377489975822,0.17000105034851487,8.066213384189221e-06,0.09338975434821233,0.8491889330567941,True,0.9425786874050064
2026-03-19,591.623046875,594.3964663870662,585.6970372512312,588.1213056121308,75597600,-0.0031652646492486,0.17671760477278656,8.114093106479771e-06,0.09378349659616272,0.8485083156249713,True,0.942291812221134
2026-03-20,580.6888427734375,589.777367794347,577.177115328303,589.6676415345306,91964700,-0.0186546281476399,0.16963801222983818,8.0039788929859e-06,0.09254711989958717,0.8503984047356794,True,0.9429455246352666
2026-03-23,587.3545532226562,594.426798587646,585.316814476339,589.8718065319924,89936100,0.0114135876008421,0.1863121703031345,8.072831948747362e-06,0.09330454493093118,0.8495056909049554,True,0.9428102358358866
2026-03-24,583.3389282226562,587.2846043834495,581.291190762444,584.168034177979,57750900,-0.0068602769430481,0.18623129941150865,8.048984532357758e-06,0.09366925678585153,0.8497670773549416,True,0.9434363341407932
2026-03-25,587.1747436523438,590.7208345412774,585.0470769253521,588.4933019738706,60475500,0.0065540954417512,0.1804702964390655,8.027117886246847e-06,0.09347343602910187,0.8499342223660237,True,0.9434076583951255
2026-03-26,573.1600952148438,583.9882223389391,572.8005050402526,581.9604215239336,81492100,-0.0241573889130316,0.17514758452256185,8.019904889356622e-06,0.09347462071400119,0.8498015011295896,True,0.9432761218435908
2026-03-27,561.9624633789062,570.3932010852176,560.953562318283,570.1834096572744,82702200,-0.019730019448686,0.2050974114000545,8.052540633027878e-06,0.09396665108956709,0.8499156696520105,True,0.9438823207415776
2026-03-30,557.6671752929688,567.4264087803426,554.990063621082,566.7571613464482,70602600,-0.0076727321425188,0.21731732490183922,8.09915509877689e-06,0.0949012101515056,0.8490926585651716,True,0.9439938687166771
2026-03-31,576.54638671875,578.0048059355398,563.5906539497258,563.6705222317372,95878000,0.0332934747441379,0.20848696286601315,8.099596502648904e-06,0.09435051396923536,0.8494820176301797,True,0.943832531599415
2026-04-01,583.6685791015625,587.0948065489223,579.7828346644924,580.8416686249938,79435100,0.0122775210759136,0.2584536700324188,8.138782495940626e-06,0.09799416076814646,0.8471017678555343,True,0.9450959286236807
2026-04-02,584.3378295898438,585.4066623334502,571.2921684003409,573.3399058573888,50941700,0.001145970701089,0.24945617014374943,8.126625518425082e-06,0.09761315229623996,0.8473970454544146,True,0.9450101977506546
2026-04-06,587.85400390625,589.9616731281693,584.04818857967,585.5864761740653,35108500,0.0059993334915025,0.233690625230328,8.126421507926281e-06,0.09688939084580184,0.847760333785508,True,0.9446497246313098
2026-04-07,587.9439086914062,588.33343423744,577.7650922119919,584.9971348275072,49948200,0.0001529255739752,0.22168556826755748,8.136659008666271e-06,0.09625925690046798,0.8482110595374867,True,0.9444703164379546
2026-04-08,605.4246826171875,609.2304976949432,601.4590090396181,608.0418015962135,63086000,0.0292986165485728,0.2088703137396442,8.168566598377671e-06,0.09574469096265463,0.8482094651619467,True,0.9439541561246013
2026-04-09,609.5202026367188,609.8298599139192,602.3680889271087,605.2648690435934,37837500,0.0067419281026438,0.24603347212818544,8.074531647813861e-06,0.09745069129792223,0.848505641228876,True,0.9459563325267982
2026-04-10,610.3992309570312,612.9963525292593,608.9108762966896,611.1684052317679,34038500,0.0014411254517957,0.23312160226556408,8.068302760456142e-06,0.0966885960059232,0.8490194154585531,True,0.9457080114644763
2026-04-13,616.7122802734375,626.0519920071752,607.4424380458482,608.8109292631304,32972100,0.0102893746103027,0.21929915935802452,8.075535914996531e-06,0.09605847901293506,0.8492720708647534,True,0.9453305498776885
2026-04-14,627.909912109375,627.909912109375,619.4192432257902,619.5391066149297,49921100,0.017994109443091,0.21304517451356403,8.111867761303802e-06,0.09593677730769923,0.8490466240536224,True,0.9449834013613216
2026-04-15,636.7003173828125,637.1298380333551,627.5104045058445,628.389443361703,50102400,0.0139023813809591,0.2202776849366464,8.0565503083205e-06,0.0961614490459335,0.8494329804289704,True,0.9455944294749039
2026-04-16,639.7669067382812,641.4750515662109,634.5626649382287,638.508341093032,42320600,0.0048048162885672,0.21897972766583607,8.015480315715205e-06,0.09625060858872246,0.8496150974607208,True,0.9458657060494433
2026-04-17,648.1376953125,649.2864572780229,643.3629742993419,644.8813252169399,53488900,0.0129992647527287,0.20790961049746579,8.031640848091382e-06,0.09598600701478494,0.8494930208425692,True,0.9454790278573542
2026-04-20,646.0799560546875,648.0478251654257,641.8146849601577,647.3285838511964,37138500,-0.0031798994389941,0.20695474878793185,8.023396632967675e-06,0.0960187335752024,0.8494998571819756,True,0.945518590757178
2026-04-21,643.6226806640625,649.4862317832127,641.5050128476822,647.6981578004061,39580500,-0.003810612297942,0.1961926353799027,8.296268275136135e-06,0.09708188644891301,0.8466196250251004,True,0.9437015114740134
2026-04-22,654.390869140625,654.6106593494021,647.8081371457112,649.4363527672372,37368400,0.0165921773583235,0.18706484644533988,8.265770574620764e-06,0.09671846297749419,0.8469229100726016,True,0.9436413730500958
2026-04-23,650.7048950195312,656.1988574654163,644.8114082493845,652.8325617169355,40099800,-0.0056486029959206,0.19633134932954546,8.111712704795797e-06,0.09633585613431209,0.8485533922094969,True,0.9448892483438089
2026-04-24,663.1512451171875,663.7805584259092,655.8093378063087,657.7871447947734,45563100,0.0189468573480601,0.18836218593392048,8.063253886893094e-06,0.09618115871474404,0.8487966529255443,True,0.9449778116402884
2026-04-27,663.5008544921875,663.7006471456002,659.9647623025988,662.6718094811696,32717000,0.0005270551084132,0.20240519204871774,7.932769851761934e-06,0.0962581749139756,0.8499277539701722,True,0.9461859288841478
2026-04-28,656.8281860351562,658.9159186391063,653.0923012400261,656.6883250827437,34147900,-0.0101076702269595,0.19168918061520215,7.937828589890865e-06,0.09604779245449989,0.8497918738569908,True,0.9458396663114907
2026-04-29,660.84375,660.9935487523345,655.8692364466933,657.906975030037,31724900,0.00609495624219,0.18880968425133685,7.938631711965125e-06,0.09643393475300216,0.8492768249217189,True,0.945710759674721
2026-04-30,667.0069580078125,668.165718724101,656.8381407338443,664.6195670718752,40622200,0.0092830500147749,0.1818836410478764,7.986618173597417e-06,0.09690572357968702,0.8482434109900889,True,0.945149134569776
2026-05-01,673.4099731445312,675.2279215792395,668.0658095505829,668.425399726581,39172600,0.0095538390947103,0.17945217883958622,7.964946315361952e-06,0.09611020793157914,0.8490831516861671,True,0.9451933596177462
2026-05-04,672.141357421875,675.9871067346722,668.165745937857,673.9193717407993,34542000,-0.0018856450433876,0.17748233379960549,8.000186078573062e-06,0.09671536363225712,0.8481501415816628,True,0.9448655052139199
2026-05-05,680.8617553710938,682.0205161358222,676.7662804889583,677.2157986999623,37101100,0.0128906114414483,0.16978486348855407,8.097847086727493e-06,0.09741475344750358,0.8470544831072367,True,0.9444692365547404
2026-05-06,695.0062255859375,695.1660231170968,685.7263848294704,687.0250065058129,38778500,0.0205615200524752,0.17481910833715006,8.071703919546763e-06,0.09732948540430336,0.8474055089478538,True,0.9447349943521572
2026-05-07,694.1771240234375,700.4701959320079,691.0106209986512,695.8153383268437,43779100,-0.0011936533232645,0.1959839363569836,8.005649128581515e-06,0.09736043248374471,0.848314560197912,True,0.9456749926816567
2026-05-08,710.44921875,710.44921875,698.7321150158692,699.1516368844667,44320400,0.0231703225493159,0.18595845035716613,7.994733434555878e-06,0.0969647966525872,0.8485255167408582,True,0.9454903133934454
2026-05-11,712.5069580078125,713.805579696499,708.1317613118729,709.5801817559162,36019100,0.0028922052917906,0.21142597823144768,7.971679443439498e-06,0.09777656807544347,0.8485375236857098,True,0.9463140917611532
2026-05-12,706.463623046875,709.4003981235137,695.8752835015275,707.4425277497028,45873000,-0.0085179658852257,0.20015895666402153,7.954715833348067e-06,0.09742186192962766,0.8487179424988205,True,0.9461398044284481
2026-05-13,713.9254760742188,715.8633489513101,704.0563165931343,709.1806902070881,40012500,0.0105068698110206,0.19456440128588176,8.083022715584424e-06,0.09848562969024546,0.8470410641786135,True,0.9455266938688589
2026-05-14,718.9998168945312,721.2374091114184,713.4359241362712,713.8355094170396,33327500,0.0070825214082421,0.19187516380502928,8.042797762896636e-06,0.09812283457421712,0.8475607447070296,True,0.9456835792812467
2026-05-15,708.1517944335938,714.3450008365951,704.7754998097428,709.3604881552494,51792700,-0.0152026334230975,0.18556535721292233,8.019655599458394e-06,0.09778454553904518,0.8478660993491373,True,0.9456506448881824
2026-05-18,705.1051025390625,711.2883097073819,698.0827906816122,710.7588622671137,49834500,-0.0043115963146612,0.19225190126497174,8.023087662563392e-06,0.09796961250171093,0.8478594995762849,True,0.9458291120779958
2026-05-19,700.7599487304688,705.714465040699,694.4868131207006,699.0418050981273,46827500,-0.0061814861115354,0.183754674323467,7.965462057118072e-06,0.09744648681136794,0.8484888397994242,True,0.9459353266107922
2026-05-20,712.3671875,712.3671875,703.0174157954351,704.5157692199168,36779200,0.0164281040538753,0.17762295030115643,7.923293977949524e-06,0.097216964729476,0.84877126055825,True,0.9459882252877261
2026-05-21,713.7256469726562,716.3327671783537,705.9941534147096,708.2116871156971,36415400,0.0019051493012325,0.188210785124705,7.875365281421554e-06,0.09718134039362118,0.8492978682321688,True,0.9464792086257899
2026-05-22,716.7523193359375,721.3273088449104,715.1640988544713,717.2817668085307,33118600,0.0042317001047059,0.1791317291686849,7.860625176788389e-06,0.09702863047273977,0.8492311257522891,True,0.9462597562250289
2026-05-26,729.4783935546875,730.3673702569255,723.3650554496121,725.1631283460116,34254700,0.0175994087028353,0.17211704103648542,7.86876300894464e-06,0.09690231443538243,0.8490724487076949,True,0.9459747631430774
2026-05-27,728.6492919921875,732.515039000156,724.6436840304248,732.155448805963,35148700,-0.0011372140589216,0.18653858050416716,7.893124144281108e-06,0.09679713603167911,0.8494231667336694,True,0.9462203027653484
2026-05-28,734.79248046875,735.7913827320126,725.6125662306399,728.9289290608506,32840000,0.0083955845406445,0.17750602675730198,7.864442303856987e-06,0.09668275173090038,0.8494249604333294,True,0.9461077121642297
2026-05-29,737.49951171875,740.815874477768,734.4428732975097,737.0300569298091,37541700,0.0036773062882472,0.17439321470069039,7.875745609577247e-06,0.09696197988211162,0.8488948483552736,True,0.9458568282373853
2026-06-01,741.9246826171875,744.8315224447946,735.1820921097265,736.2309273283665,33890600,0.0059823059710672,0.16759965398066048,7.874342442635344e-06,0.09677974803947487,0.8488386426859228,True,0.9456183907253977
2026-06-02,745.3408813476562,745.6206032443648,738.4184960219842,741.5850600741305,30085200,0.0045939404787893,0.16316846006464347,7.923787543051913e-06,0.09739168524335885,0.8476956068172611,True,0.9450872920606199
2026-06-03,743.39306640625,747.828194840854,740.1965670083828,746.4896389980919,40270200,-0.0026167416357909,0.15851170726651537,7.800084129906448e-06,0.0964808321026011,0.8494293705324294,True,0.9459102026350305
2026-06-04,739.7969970703125,742.6838392688934,731.815777671541,734.6726235372454,40782600,-0.0048491106715828,0.1531721775573297,7.825839278717694e-06,0.09746603722395053,0.8486299871890209,True,0.9460960244129715
2026-06-05,704.2860107421875,730.8867822650427,703.5468328396532,729.2585667367451,99606600,-0.0491912813665213,0.14967232121729923,7.809281107432585e-06,0.0977863072716918,0.8483138436436036,True,0.9461001509152954
2026-06-08,715.283935546875,722.2363170978037,712.2872288217055,717.0220156925686,47401500,0.0154950376051726,0.27572769235494143,8.080934546604834e-06,0.087281476392237,0.8597248536457128,True,0.9470063300379499
2026-06-09,707.052978515625,724.863361278284,685.6165148330579,722.1863106332692,91932200,-0.0115739791782389,0.2694025274811741,8.08540594335116e-06,0.08704810225107378,0.8599040296712677,True,0.9469521319223414
2026-06-10,692.9285278320312,710.4992458337158,692.1693523412803,700.8897497708573,65334300,-0.0201787379107119,0.2591592174250819,8.064108024664305e-06,0.08648848892219277,0.8604293851406457,True,0.9469178740628384
2026-06-11,716.332763671875,717.5813914617661,694.2370511794155,698.5223198057862,71798900,0.0332179532980814,0.2625842710075255,8.068612087014237e-06,0.08718074012203457,0.8598511980817422,True,0.9470319382037767
2026-06-12,720.5481567382812,723.2152086039907,710.4992028084189,716.8222099862159,51168400,0.0058674384217572,0.2954027500145066,8.094612309190123e-06,0.09016506090054814,0.8576314753879601,True,0.9477965362885082
2026-06-15,743.1832885742188,743.9424640540115,736.5705604269921,737.2897407963812,46710200,0.0309304503252722,0.27800005919567417,8.061655253667665e-06,0.08912226063391815,0.8587111804591554,True,0.9478334410930735
2026-06-16,729.0587768554688,743.4029984406948,728.8390476265988,741.4351902855873,45348700,-0.0191883460283912,0.3016617493275478,8.028153395447691e-06,0.0908963709524186,0.8579202197827834,True,0.9488165907352021
2026-06-17,721.7168579101562,734.8723831709506,720.058646070882,734.38293083454,51669300,-0.0101214570291398,0.2976483250771769,8.035250307601903e-06,0.0911083582046751,0.8576523251753138,True,0.9487606833799889
2026-06-18,739.8070068359375,741.005701773832,731.7059239216511,736.390778085872,50154600,0.0247564521932661,0.28317482509070624,8.063332890192277e-06,0.09069442951713265,0.8578203061573324,True,0.9485147356744651
2026-06-22,737.9500122070312,745.4500122070312,734.3900146484375,742.02001953125,43518600,-0.0025132624409153,0.29194078715579735,8.025789766193051e-06,0.09135605269307331,0.857727562408531,True,0.9490836151016043
2026-06-23,713.6500244140625,723.6099853515625,712.1099853515625,715.739990234375,53354200,-0.0334834078836868,0.27369520847848366,8.071787902208816e-06,0.09065508486033114,0.857776875969007,True,0.9484319608293381
2026-06-24,710.6199951171875,719.9299926757812,704.4500122070312,715.3699951171875,52480400,-0.0042548587368711,0.30527041266805893,7.905167002190136e-06,0.09217667670618715,0.8583300540792419,True,0.950506730785429
2026-06-25,716.3800048828125,726.8300170898438,705.2999877929688,725.9000244140625,49668000,0.0080729376991719,0.28636120420622885,7.942488702048487e-06,0.09146878150098071,0.8584451425001743,True,0.949913924001155
2026-06-26,706.52001953125,715.5599975585938,702.8099975585938,707.1300048828125,47081800,-0.0138592213166709,0.271290016453799,8.001738109157538e-06,0.0911762349315956,0.8580428383537839,True,0.9492190732853796
2026-06-29,724.0800170898438,724.5800170898438,705.1699829101562,713.989990234375,44939100,0.0245503691895225,0.2636402662679632,8.019043617652209e-06,0.09096134268412247,0.8580915596314965,True,0.949052902315619
2026-06-30,736.4000244140625,737.6199951171875,723.9099731445312,724.1799926757812,42121800,0.0168715753911211,0.27555310526730004,7.910147189308312e-06,0.09130262868745244,0.8588770820362928,True,0.9501797107237452
2026-07-01,725.1699829101562,731.9199829101562,724.5999755859375,729.1900024414062,40803800,-0.0153673959523471,0.27155258497938023,7.911856362594114e-06,0.09124891461488913,0.8589073471334432,True,0.9501562617483323
2026-07-02,712.5999755859375,730.8300170898438,707.5599975585938,725.5800170898438,50959800,-0.0174858676486448,0.2659333198972285,7.914846458757393e-06,0.0909883224788329,0.8591270689419649,True,0.9501153914207978
2026-07-06,722.8200073242188,726.0800170898438,718.4500122070312,719.9299926757812,30220400,0.0142400197284626,0.2642925137643472,7.949139776547277e-06,0.0912621874540783,0.8588587308433466,True,0.950120918297425
2026-07-07,709.4299926757812,716.3499755859375,704.9000244140625,714.1699829101562,42483100,-0.0186984182598605,0.25801509495856384,7.975060128739731e-06,0.09123322856841068,0.8586354869719858,True,0.9498687155403964
2026-07-08,711.4400024414062,712.260009765625,700.9099731445312,704.9500122070312,35603200,0.0028292681432302,0.2594495897599067,7.949306263791567e-06,0.09144095702767643,0.8586947196461561,True,0.9501356766738325
2026-07-09,723.280029296875,724.22998046875,715.1300048828125,718.3300170898438,33654700,0.0165053744116638,0.24429824890973723,8.120456182503532e-06,0.09172551326387293,0.857203482712001,True,0.9489289959758739
2026-07-10,725.510009765625,726.3900146484375,717.0,720.7000122070312,26415900,0.0030784063524384,0.24403048866772098,8.095753495020347e-06,0.09159819321896359,0.8575185167138707,True,0.9491167099328343
2026-07-13,711.739990234375,718.739990234375,710.0800170898438,717.719970703125,36552400,-0.0191622068255203,0.23043047410852177,8.162427244858245e-06,0.09134362511758094,0.8570252993848129,True,0.9483689245023939
2026-07-14,719.6900024414062,722.2899780273438,714.3400268554688,720.219970703125,29448100,0.011107904669584,0.23709947628668068,8.083763673067422e-06,0.09134309470739903,0.8577575003520546,True,0.9491005950594535
2026-07-15,717.739990234375,724.3599853515625,710.22998046875,723.8499755859375,32627600,-0.0027131942608764,0.23025705696952845,8.093778985523463e-06,0.09128523763066126,0.8575994718407268,True,0.9488847094713881
2026-07-16,705.9400024414062,713.5999755859375,702.6099853515625,712.010009765625,39402000,-0.0165771213658908,0.21788218001849763,8.156172550629754e-06,0.09133237682123256,0.8568464390709126,True,0.9481788158921451
2026-07-17,695.3300170898438,702.2999877929688,686.760009765625,691.6500244140625,54109300,-0.0151436739091277,0.22169607575856315,8.097867336853228e-06,0.09145682985739896,0.8571942503150187,True,0.9486510801724177
2026-07-20,696.0599975585938,705.7999877929688,695.510009765625,702.1599731445312,29687600,0.0010492824126091,0.22247472738916838,8.080920001893904e-06,0.09131842590178885,0.8574879843727187,True,0.9488064102745075
2026-07-21,708.969970703125,710.0499877929688,702.7999877929688,706.5700073242188,33728300,0.018377311188778,0.21054563843923121,8.216220545376589e-06,0.09106143091472338,0.8566759584244314,True,0.9477373893391549
2026-07-22,705.3499755859375,709.6500244140625,703.6199951171875,703.6199951171875,23692200,-0.0051190722888647,0.2190167522745407,8.102864336426989e-06,0.09125993923996209,0.8574421319353037,True,0.9487020711752658
2026-07-23,691.9600219726562,698.6599731445312,687.7899780273438,694.6699829101562,44028600,-0.0191659166748133,0.20892549976903507,8.155402673739483e-06,0.0911661318624279,0.8569528489157374,True,0.9481189807781654
2026-07-24,684.22998046875,692.6300048828125,682.47998046875,690.4099731445312,42876700,-0.0112340923671931,0.2192224987333953,8.062234254955942e-06,0.09126955600789184,0.8577176345290773,True,0.9489871905369692
2026-07-27,682.1199951171875,692.2999877929688,675.9500122070312,691.6799926757812,42681500,-0.003088501579388,0.2146995974436732,8.094395887253344e-06,0.09181681223466279,0.856884369278318,True,0.9487011815129808
2026-07-28,675.489990234375,679.4000244140625,667.8800048828125,676.22998046875,51398700,-0.009767249301847,0.20417573115779186,8.259514248936086e-06,0.09214447440936022,0.8556018451213281,True,0.9477463195306883
2026-07-29,661.72998046875,680.0499877929688,661.1400146484375,675.510009765625,57233300,-0.0205807507433664,0.1998155906819201,8.260244990892664e-06,0.09215156103704952,0.8554812149901331,True,0.9476327760271825
2026-07-30,683.5499877929688,685.1199951171875,673.2999877929688,674.760009765625,66753700,0.0324422002785048,0.2150863447758258,8.123630277510687e-06,0.09215971237087649,0.8567383099046565,True,0.948898022275533
2026-07-31,687.989990234375,695.77001953125,680.0499877929688,692.1099853515625,50540500,0.0064745002298461,0.2586631000687618,7.926908692582455e-06,0.09342247169902748,0.8579576808329795,True,0.951380152532007
2026-08-03,700.0700073242188,701.5900268554688,685.8200073242188,688.2999877929688,44965100,0.0174060517562998,0.24544017313064653,7.918709964974092e-06,0.09302424657498422,0.8581379859042929,True,0.9511622324792771
2026-08-04,723.8499755859375,725.6599731445312,707.530029296875,708.1599731445312,59778600,0.033403814366122,0.24674842832801933,7.923127880329134e-06,0.09356220650573636,0.8576380758219841,True,0.9512002823277205
2026-08-05,717.2999877929688,728.5399780273438,716.9199829101562,726.25,33540200,-0.0090900087576224,0.2856493890816046,7.835905698790078e-06,0.0952968339912839,0.8576251893479293,True,0.9529220233392132
2026-08-06,714.6500244140625,719.3200073242188,708.5,710.8200073242188,33035900,-0.0037011995969725,0.2716272052610528,7.838657151987539e-06,0.09504086858818056,0.8576262680098778,True,0.9526671365980584
2026-08-07,723.030029296875,723.6300048828125,716.510009765625,720.1500244140625,31070400,0.0116578090760504,0.2556973714978168,7.879372570032343e-06,0.09477824678534261,0.8573233430191756,True,0.9521015898045182
2026-08-10,720.8699951171875,724.6699829101562,720.3300170898438,722.3900146484375,26141400,-0.0029919464706749,0.24783389466057137,7.942666615584955e-06,0.09559978990850407,0.8564255543427124,True,0.9520253442512164
