date,Close,High,Low,Open,Volume,log_return
2015-01-05,93.1740493774414,94.2580029056781,92.90765324669557,94.1477678489708,36521300,-0.014777629514902786
2015-01-06,91.92476654052734,93.46802262439127,91.51139725365552,93.31186151676388,66205500,-0.013498755252918663
2015-01-07,93.10975646972656,93.33021959634728,92.31056799918137,92.53103813419852,37577400,0.012808486874781824
2015-01-08,94.89186096191406,95.07557908432202,93.79871921091448,93.899766280758,40212600,0.018958963188973627
2015-01-09,94.26719665527344,95.21335817236523,93.71602834655542,95.18580115860857,41410100,-0.006604670008925739
2015-01-12,93.28428649902344,94.55195814143683,93.0454473750687,94.45091108931737,34129800,-0.010481592985089
2015-01-13,93.2567367553711,95.18581203961072,92.50348125686503,94.1937173805841,56162300,-0.00029537464062342025
2015-01-14,92.74231719970703,93.21999550417516,91.92475968731779,92.31975993553705,51354200,-0.005531435309550735
2015-01-15,91.53892517089844,93.32101284986905,91.42869012552494,93.17403979776607,51005400,-0.013060571106947947
2015-01-16,92.61370849609375,92.73312456205078,91.27254672240595,91.41951980293796,35362200,0.011672877086546504
2015-01-20,93.34857177734375,93.58740385003729,92.12682637255548,93.17403471711839,30964100,0.007903399607242893
2015-01-21,93.82625579833984,94.26718900786439,92.74230229200408,93.0730004470486,40128800,0.005104159189056196
2015-01-22,95.56242370605469,95.66347076034374,93.36695954176741,94.1937049821341,40887200,0.01833495591574901
2015-01-23,95.7737045288086,96.06765768048183,95.27765727128576,95.5532344087567,34783000,0.0022084789796654736
2015-01-26,95.66345977783203,95.83799685309307,95.17660057673041,95.66345977783203,19960900,-0.0011517592580619458
2015-01-27,93.18325805664062,94.21209078056867,92.87092883087868,94.15697674418604,45253200,-0.026268334073657622
2015-01-28,92.70556640625,94.78161458223036,92.68719739955827,94.6805675244351,43591700,-0.005139552668528844
2015-01-29,93.59660339355469,93.77114047529614,91.82369659018758,92.63206595331418,46539700,0.009565575993312134
2015-01-30,92.87091827392578,94.23045608679824,92.74231419805363,93.51394566168301,42927600,-0.007783540820924306
2015-02-02,93.67931365966797,93.76198472152281,91.63082202346828,93.08221918214623,43624700,0.008666839354898929
2015-02-03,94.57952880859375,94.64383085028072,93.40371604151952,94.01917944172293,30750400,0.00956366243970611
2015-02-04,94.49685668945312,95.12150809094359,93.98243335338067,94.19371549275992,34073200,-0.0008744838673669998
2015-02-05,95.3144302368164,95.37873228858547,94.49687257501067,94.73570476249687,23605500,0.008614646860610817
2015-02-06,94.73568725585938,95.69103685445486,94.3958080486299,95.46138571080392,34169300,-0.00609044369515146
2015-02-09,94.43251037597656,94.88262445166707,94.20285933615989,94.36820836516364,22604700,-0.003205371127476369
2015-02-10,95.9023208618164,96.03092494409887,94.80917915401865,94.95615925285395,23686500,0.015444779010699745
2015-02-11,96.25138854980469,96.4718516907278,95.82883127620335,96.01254939223979,20303600,0.0036332171056105904
2015-02-12,97.37205505371094,97.40880006643667,96.72903485199708,96.87600789450543,22520300,0.011575860827412448
2015-02-13,98.20800018310547,98.22636918748914,97.46392585025178,97.64765093606553,29030200,0.008548419919068977
2015-02-17,98.29985809326172,98.36416012045945,97.95997194470499,98.20799905560716,17675300,0.0009349032415559869
2015-02-18,98.43765258789062,98.49276661016704,98.05183340676926,98.18043746434455,15149600,0.0014007955746094525
2015-02-19,98.92453002929688,98.98883206992917,98.34580465520935,98.37336167142365,19828100,0.004933857364352324
2015-02-20,99.58590698242188,99.64102100407538,98.54787951864475,98.86020866093726,28336700,0.006663421936294121
2015-02-23,99.68695068359375,99.71451470382912,99.31032650779191,99.53078961090507,17868000,0.0010141241613654773
2015-02-24,99.76043701171875,99.8798600697782,99.25520879385205,99.5583429212139,19745000,0.0007368994129182051
2015-02-25,99.51242065429688,99.99927988609036,99.29195054268061,99.61346770335541,19472300,-0.0024892149225922535
2015-02-26,100.01763916015625,100.07276018689527,99.33787390313184,99.61345801164187,22255500,0.0050640949641895085
2015-02-27,99.57671356201172,100.04520374578087,99.42055250355368,99.98089471282104,27757600,-0.00441822435750962
2015-03-02,100.47696685791016,100.51371188227155,99.75126839566522,99.76964441204431,22988600,0.009000178061715778
2015-03-03,100.00847625732422,100.2748724081779,99.37463689810697,100.17382535066801,20788900,-0.004673570769500909
2015-03-04,99.62263488769531,99.82472895778933,99.08066170734745,99.67775591215396,21007400,-0.003865548289216445
2015-03-05,99.79720306396484,100.10034426361753,99.38383379781803,99.87988112223236,15381000,0.0017507608335520452
2015-03-06,98.66730499267578,99.86148654424619,98.4192778723711,99.6685804553401,30990400,-0.011386522358139155
2015-03-09,98.95207977294922,99.20009990904629,98.46522049988721,98.86940172198601,26237100,0.0028820550952376083
2015-03-10,97.11487579345703,98.27231950842693,97.11487579345703,98.24475548440664,34234500,-0.01874112593087295
2015-03-11,96.55452728271484,97.38127280055666,96.51778225876667,97.26184972062596,25459700,-0.005786665993391309
2015-03-12,97.18834686279297,97.2985749037634,96.4167155340236,96.48101756072144,21473200,0.006542917709993405
2015-03-13,96.76580047607422,97.48231791614882,96.15952511403766,97.09649867660201,42021100,-0.004357185046278436
2015-03-16,98.01509094238281,98.05183596098945,97.0230034735864,97.12405052265574,25674100,0.012827825033364338
2015-03-17,98.17127227783203,98.32743337169705,97.51906387839877,97.74871501939907,19603800,0.0015921735423316374
2015-03-18,99.13579559326172,99.58591684265095,97.3996336553208,97.90486893182049,40622200,0.009776953344463818
2015-03-19,99.28277587890625,99.55835302341582,99.08986977523071,99.23684285062325,31314000,0.0014815176970368476
2015-03-20,99.92543029785156,100.42261839747583,99.90701904579777,100.10036880267704,31761400,0.006452110189016365
2015-03-23,99.73208618164062,100.14640610917021,99.6952566509357,99.8701951656554,17268500,-0.0019367583054902813
2015-03-24,99.37297821044922,100.18320657737127,99.3545669626951,99.72284811387887,22445300,-0.00360722477534774
2015-03-25,97.09884643554688,99.62160989199997,97.0620169002938,99.52953956612508,41581400,-0.02315073265818495
2015-03-26,96.76736450195312,97.31979334961089,95.97554724465523,96.29779682041276,47846300,-0.0034197011952695334
2015-03-27,97.15406036376953,97.38423962707164,96.60163153674719,96.7489496370271,33878400,0.003988175877263573
2015-03-30,98.26814270019531,98.35100387040211,97.74333421534281,97.74333421534281,30570200,0.011401922488986152
2015-03-31,97.22773742675781,98.19449332153769,97.20011703396666,97.99193440838268,30488100,-0.010643856997730908
2015-04-01,96.72134399414062,97.24615251349388,96.09525602153369,97.22773423589427,32970500,-0.005221933299464053
2015-04-02,96.78577423095703,97.09881464133224,96.47272679606851,96.81339461722386,19164200,0.0006659211277429934
2015-04-06,97.57759857177734,97.84460034160628,96.06761610819778,96.21493421177192,24451100,0.008147921185708068
2015-04-07,97.41187286376953,98.24051264159276,97.41187286376953,97.5223544210718,19379400,-0.0016998430396535148
2015-04-08,98.18529510498047,98.32340410881498,97.4395163185961,97.44871843420687,25866900,0.007908358594300866
2015-04-09,98.80217742919922,98.83900696645743,97.80780802129135,98.13925980758333,23114700,0.006263183468901205
2015-04-10,99.20728302001953,99.2164921593218,98.5443654805573,98.76533565220635,17164300,0.004091785868361394
2015-04-13,98.95868682861328,99.78732668131306,98.84819823681312,99.28093644072038,17783500,-0.00250897085916612
2015-04-14,98.67325592041016,99.1428236368236,98.11161789330168,98.85740356631467,23755700,-0.002888511874047829
2015-04-15,99.29013061523438,99.50189864312195,98.81136080474796,98.93105150124103,21128600,0.006232230133779961
2015-04-16,99.15204620361328,99.32697771027085,98.88503734927602,99.02314634628017,16195300,-0.0013916843296252136
2015-04-17,97.60520935058594,98.47067853807793,97.18168038127855,98.20367679453601,46514000,-0.01572362571896408
2015-04-20,99.06917572021484,99.24411424736986,98.05638813963806,98.09321767296098,28945900,0.014887484286455003
2015-04-21,99.49270629882812,99.81496296407555,99.37301558213201,99.64002443431441,22759800,0.004265987173503977
2015-04-22,100.03592681884766,100.2016561985352,99.10600046479449,99.75049970551557,21429200,0.005445051706859038
2015-04-23,100.4134521484375,100.8646087983711,99.67688233493382,99.69529359485155,29473200,0.0037667941693684532
2015-04-24,101.77606201171875,101.91417097203413,101.30649435645188,101.47222370392763,32508100,0.01347874540777785
2015-04-27,101.51827239990234,102.34691921918696,101.29729523175031,102.15356244092537,31121300,-0.0025361233084634253
2015-04-28,101.31571197509766,101.78527966967334,100.45944477887804,101.59192289433727,36849200,-0.0019973032898507825
2015-04-29,100.68040466308594,101.34332204095368,100.12797585636727,100.75406371051866,34043900,-0.0062903130753778624
2015-04-30,99.0968017578125,100.51470726117826,98.5719931709739,100.10959642058492,44080500,-0.015854021621272873
2015-05-01,100.40419006347656,100.46863997147135,99.46505480468048,99.48347307811507,32874300,0.01310677214938114
2015-05-04,100.56993865966797,101.19602661058208,100.5146908532981,100.72645889126788,23507300,0.0016494524426972554
2015-05-05,98.9310531616211,100.35816752801789,98.88502151966543,100.17402691116668,47843300,-0.016430217727686772
2015-05-06,98.24974060058594,99.39142806667049,97.5960321714361,99.1060079562782,42687200,-0.0069105642534917225
2015-05-07,98.83900451660156,99.11522252693375,98.14846651528691,98.2221255879776,29335800,0.0059796988561011104
2015-05-08,100.07275390625,100.28451492680857,99.71367476311615,99.86098586117672,33023300,0.012405151117955022
2015-05-11,99.68604278564453,100.33975814401839,99.61239075224152,100.13719924700275,19679300,-0.003871785474276208
2015-05-12,99.23490905761719,99.7413063803186,98.3326100410962,99.09680005828811,33665000,-0.0045358168388171995
2015-05-13,99.43745422363281,100.18323288246542,99.29013610486787,99.66763351581714,20738400,0.002038987535491629
2015-05-14,100.8921890258789,100.97505019928988,99.87940154527355,100.24768279311948,23904200,0.01452366559428431
2015-05-15,100.8921890258789,101.28809768937636,100.64359145661692,101.14998870917687,23937400,0.0
2015-05-18,101.33413696289062,101.53669587916595,100.65280817365868,100.72646723857972,17631100,0.004370831922481556
2015-05-19,101.22364044189453,101.60113080096787,101.05791108255369,101.44461057951098,14212900,-0.0010910124841633797
2015-05-20,101.2881088256836,101.89577857105236,100.75409112327311,101.29731094073132,21131900,0.0006366878583591893
2015-05-21,101.81291198730469,101.95102097536207,100.96585382984131,101.11316493245823,16771800,0.005167914248070138
2015-05-22,101.71162414550781,102.07991240845934,101.6287559496994,101.69320586887734,13543800,-0.0009953379782466137
2015-05-26,100.54232788085938,101.62877459238017,100.1372170393625,101.49067261489012,25488400,-0.011562783130950022
2015-05-27,102.16277313232422,102.27326171808008,100.62517719258857,100.84614733958598,30572700,0.015988544572716482
2015-05-28,101.93260192871094,102.2088199027432,101.61956144768826,101.96943146021623,17302400,-0.0022555268694897843
2015-05-29,101.32492065429688,102.00624934808648,101.0855322390952,101.86814037683497,30383000,-0.00597944004494246
2015-06-01,101.66558837890625,101.94180634012882,100.83694151975311,101.86814728053419,24570200,0.003356492341077563
2015-06-02,101.34335327148438,101.84054145810146,100.79092429452614,101.28811248114322,19449600,-0.003174592955630839
2015-06-03,101.64717864990234,102.02466904308271,101.39858107617277,101.80369888550116,20507200,0.002993495336201785
2015-06-04,100.87377166748047,101.72083680897848,100.55152206042314,101.07633057034923,31374600,-0.00763783441691806
2015-06-05,100.63441467285156,100.99349389704385,100.01752867595532,100.7541054060769,22641700,-0.002375656409284465
2015-06-08,99.61238861083984,100.66200557779834,99.4098297181787,100.58834652146442,24549200,-0.01020775282978748
2015-06-09,99.44669342041016,99.80577266278993,98.70090751164577,99.37303433876387,27554600,-0.0016647844148347754
2015-06-10,100.80929565429688,101.10392479370884,99.67681775339048,99.78729929034948,30297900,0.013608814094320324
2015-06-11,100.95663452148438,101.41699308562747,100.78169601926544,101.14998427548277,17593500,0.001460493287931492
2015-06-12,100.12799835205078,100.63439563628094,99.98988936321393,100.42262758346243,27201800,-0.008241712437889773
2015-06-15,99.63081359863281,99.78733384653594,98.8021666619174,99.38222302987579,31238800,-0.004977860803351609
2015-06-16,100.17403411865234,100.3397634955483,99.48349621900496,99.5295278642726,16456900,0.005437524310948531
2015-06-17,100.45027160644531,100.77252130652798,99.83339260564183,100.3397900089979,23296700,0.0027537806185618354
2015-06-18,101.91416931152344,102.0891007688601,100.76327303516968,100.81851380859037,43032400,0.014468186551267767
2015-06-19,101.41033172607422,102.04709009229002,101.33650324057953,101.96403128594054,27877600,-0.004956004949217247
2015-06-22,102.15782928466797,102.4623665172776,101.92712054008591,102.15782928466797,19120900,0.007343986549917076
2015-06-23,102.24088287353516,102.3331649585217,101.81637965005959,102.26856679496395,18127900,0.0008126625902980641
2015-06-24,101.71488952636719,102.55466583658226,101.68720559887386,102.12093923806472,15815900,-0.005157927202694826
2015-06-25,101.51185607910156,102.213212692491,101.34574548752704,102.11170027315808,18326700,-0.001998098372435285
2015-06-26,100.83814239501953,101.72406988369083,100.4597838373329,101.49336121366953,32311700,-0.006658919482090099
2015-06-29,98.4572525024414,100.2752382853493,98.4111079436247,99.72153174223354,50874900,-0.02389421160663023
2015-06-30,98.80792236328125,99.40776639511196,98.50338518764354,99.1955112919088,34809900,0.003555318169657922
2015-07-01,99.59232330322266,99.9891425224605,99.1309059339075,99.78611775345459,21293000,0.007907298948974408
2015-07-02,99.6200180053711,99.96146943027675,99.3154878595591,99.87841767432923,20499400,0.0002780420343933197
2015-07-06,99.3893051147461,99.9614652252207,98.78023780807253,98.99248586923498,24311000,-0.00231861493086567
2015-07-07,99.63848114013672,99.73076321816866,97.66361509943408,99.5000545027532,44230800,0.0025039333478731754
2015-07-08,97.90354919433594,99.04786951662702,97.71898503431294,98.9278964760078,39691500,-0.017565644661463955
2015-07-09,97.84819793701172,99.29704866481352,97.83896761524487,99.20476656916277,28381000,-0.0005655250551840526
2015-07-10,99.34317016601562,99.71230550357994,98.78947068000464,99.14937569794533,26415800,0.015162944365225297
2015-07-13,101.08731842041016,101.17037016761651,100.19216759472211,100.20139791352403,25780700,0.017404460707542518
2015-07-14,101.75177764892578,102.02862389344416,101.1703871581613,101.22576203960219,21977200,0.006551612762432604
2015-07-15,101.8625259399414,102.25934527614405,101.57644933965777,101.94558475204876,28631500,0.001087824381537788
2015-07-16,103.30213928222656,103.32059288203155,102.49927039761688,102.70229519882885,29838900,0.014033966020092577
2015-07-17,104.8248062133789,104.8248062133789,103.95734625046454,104.13268008260441,35926800,0.014632359064300457
2015-07-20,105.18470764160156,105.56306622701305,104.72329026774779,105.04628102131134,26539000,0.0034274807264526763
2015-07-21,105.1201171875,105.38773308813937,104.81558000869822,105.22162253976303,35468900,-0.000614255580535888
2015-07-22,103.92964935302734,104.4372042278093,103.51436950202006,103.51436950202006,35575000,-0.011389447814799253
2015-07-23,103.54204559326172,104.37259819184642,103.27442973879468,104.03115387513415,25698300,-0.0037364538889352664
2015-07-24,102.52694702148438,104.28033458638072,102.37006679195615,104.09577043877938,30844700,-0.009852106031840049
2015-07-27,101.67794036865234,102.38852007949748,101.45646198406918,101.94556331033115,35994800,-0.00831529113390313
2015-07-28,102.55464172363281,102.75766653174578,101.31804631519437,102.13013850697462,33553500,0.008585375859560426
2015-07-29,102.94220733642578,103.16368567955948,102.37927764043087,102.77609681890812,26714100,0.0037719904133455646
2015-07-30,103.43132019042969,103.6066540048003,102.08398230394882,102.70227989501812,25438100,0.0047400824675808894
2015-07-31,103.31135559082031,103.80968723998691,103.09910752436308,103.7543194036365,22081700,-0.0011605210450156595
2015-08-03,102.98837280273438,103.61590081252783,102.30547695229406,103.3298242482903,25001800,-0.003131201911794348
2015-08-04,102.79457092285156,103.12679202416967,102.37006774687195,102.94222787484672,22132300,-0.0018835568553101888
2015-08-05,103.58818817138672,104.28031415026014,103.24673682050147,103.36670982953471,28989900,0.007690769943670636
2015-08-06,101.92709350585938,103.81890752593338,101.46567613907744,103.68048090776475,42125400,-0.016165521371284783
2015-08-07,101.79788208007812,102.03782104653943,100.95810625846741,101.6779161171821,30006800,-0.0012684889786871995
2015-08-10,102.96067810058594,103.1821564806522,102.43466254750935,102.4438928668744,21500800,0.011357850139069134
2015-08-11,101.6410140991211,102.81301812017139,101.07808436441253,102.41619891440422,36123300,-0.01290001356005396
2015-08-12,101.99169158935547,102.19471635711493,99.86917592793898,100.93966055702941,41889000,0.0034442191956567457
2015-08-13,101.8255844116211,102.58231567663483,101.60410603979808,102.09320733788121,22510500,-0.0016299620696469646
2015-08-14,101.98247528076172,102.13012518697788,101.3826312552075,101.58565603684161,17924900,0.001539594659484712
2015-08-17,102.83146667480469,102.85915058815928,101.47489859507154,101.73329117394077,21224900,0.008290414691484413
2015-08-18,102.30548095703125,102.77612874296766,102.16705430932386,102.69306993807452,13984400,-0.005128153426683266
2015-08-19,101.63179779052734,102.53617902624758,101.04118405969123,101.99170281273462,42511400,-0.006606792256377359
2015-08-20,98.8171615600586,101.01350606026286,98.80793123978468,100.69051525739037,57747300,-0.028085166888257827
2015-08-21,94.49830627441406,98.25424447721839,94.49830627441406,97.42369156147014,97763400,-0.04468937835331245
2015-08-24,90.8623275756836,94.61826550928825,78.20103104058234,86.95873971245753,150829900,-0.03923643414807205
2015-08-25,90.52088165283203,94.81206580538947,90.44706020383893,94.19376804595439,75088300,-0.003764916583241463
2015-08-26,95.07965850830078,95.26422967366138,91.29603762678408,93.16939095100636,104103800,0.04913449027491321
2015-08-27,97.4882583618164,97.55285650999606,95.31036787937343,96.45468095027174,69377700,0.0250168928329838
2015-08-28,97.46981811523438,97.82049281900053,96.75923134726395,96.97148645787969,49919600,-0.00018917140515793722
2015-08-31,96.26089477539062,97.46058281969962,96.02096279906539,96.92533695127433,39549400,-0.012480613054729812
2015-09-01,93.25249481201172,95.31964357857925,92.86489869773312,93.86156235043786,73155500,-0.03175134705144598
2015-09-02,95.8825454711914,95.90099907090197,93.85230451013096,94.94124995051054,43963600,0.02781314554207272
2015-09-03,95.41191101074219,96.91612954066744,95.14428801326977,96.26091752920286,45131800,-0.00492053370154087
2015-09-04,94.2768325805664,94.91358398073903,93.75080984026967,94.10149166713416,49379600,-0.011967942397801141
2015-09-08,96.93458557128906,97.0545515821006,95.68875977663738,96.08557909322576,37343500,0.02780089383120008
2015-09-09,95.84561920166016,98.10656155835647,95.59644987247634,98.07887764192951,47146700,-0.011297611738704678
2015-09-10,96.888427734375,97.52518602603129,95.6241485115075,95.73488418611132,47686700,0.010821323221676445
2015-09-11,97.4236831665039,97.4236831665039,96.1686270998926,96.44548039484313,29106100,0.005509247812476948
2015-09-14,97.12836456298828,97.80203707780493,96.75922922777386,97.7835764386752,19718800,-0.0030358850886588237
2015-09-15,98.27266693115234,98.57720407717984,96.99915755776931,97.35906253373996,30020200,0.011712481156097845
2015-09-16,98.82638549804688,98.91867462005794,97.9496951643137,98.29114661000877,31329100,0.005618697977486982
2015-09-17,98.86328125,100.33982243798678,98.4110942075309,98.72486167421265,56139800,0.0003732694074348962
2015-09-18,97.4571762084961,98.61352620398799,97.29066152683326,97.34617112592105,48384000,-0.014324835059235177
2015-09-21,97.76245880126953,98.56728097598665,96.8836355873628,97.99372881101347,35772600,0.0031275833663827702
2015-09-22,96.30081939697266,96.59684469255433,95.40349073473452,96.26381535279998,47359700,-0.015063818948114918
2015-09-23,96.37483215332031,96.81887364710025,95.87528811949291,96.55984532534522,21775100,0.0007682627191604706
2015-09-24,96.02330017089844,96.38408078128056,94.60792194039958,95.44049529428132,38284300,-0.003654218150160701
2015-09-25,95.20928192138672,97.14270380710641,94.61723097499504,97.05019717007096,44700000,-0.008513435913212719
2015-09-28,92.49877166748047,94.86698189260635,92.22125182882343,94.80222655780615,44077500,-0.028882071059086495
2015-09-29,92.01769256591797,93.67358632198867,91.35163395366618,92.73000093536561,49315500,-0.005214496100872715
2015-09-30,94.13611602783203,94.2378753635416,92.97051358284862,93.33129411571043,41411400,0.022760908657380126
2015-10-01,94.56169128417969,94.57094406159226,93.05380616698598,94.30266997903755,39339100,0.004510661612606655
2015-10-02,96.21756744384766,96.21756744384766,92.95203635407005,93.24806165535243,59370900,0.017359515432365625
2015-10-05,97.595947265625,97.85496855566004,96.71712402332027,96.92988848679155,32853500,0.014224013877920697
2015-10-06,97.13337707519531,97.6884235326367,96.37481193653906,97.36464702061244,33051500,-0.004750913218211882
2015-10-07,97.71620178222656,97.92897329620087,96.47659792020404,97.74396011189323,37389300,0.005982321836504689
2015-10-08,98.10474395751953,98.27125865194087,96.4025929636791,97.34617858466694,50188900,0.003968346529168077
2015-10-09,98.54876708984375,98.73378731667448,97.88270838885309,98.15098242440766,23916200,0.0045157992300143305
2015-10-12,98.789306640625,98.97431984109042,98.38226913023965,98.73380409204562,16162000,0.0024378434973336134
2015-10-13,98.15098571777344,99.22408189599848,98.0584791301541,98.224993810989,26999600,-0.006482402869167462
2015-10-14,97.99372100830078,98.6412741609024,97.58668356506546,98.1509829085326,30902600,-0.001603558370723542
2015-10-15,99.60335540771484,99.61260818329524,98.2249882738276,98.35449890075394,38393800,0.016292447581528827
2015-10-16,100.0196304321289,100.0751329615863,99.33506629909336,99.8161117470534,27091100,0.004170618188633386
2015-10-19,100.59320068359375,100.65795600350893,99.66812065177677,99.89014494102923,23776300,0.005718196699050005
2015-10-20,100.07514953613281,100.63019609603052,99.73286741292593,100.4174316593397,23404700,-0.005163268625089768
2015-10-21,99.4645767211914,100.68568177157238,99.42757974015451,100.58392948702281,30195200,-0.006119831193589717
2015-10-22,101.49053955078125,101.57380043199271,100.06591531297384,100.35269495070082,42778700,0.02016401981703324
2015-10-23,104.33052825927734,104.75606424084562,103.67372226221758,104.21952316883392,53170900,0.027598428075177324
2015-10-26,104.39527130126953,104.59879002021025,103.85872323457131,104.25650789673725,25918000,0.0006203645568000906
2015-10-27,104.60804748535156,104.75605661443441,104.08999788906094,104.1177562174517,31390500,0.002036104104245917
2015-10-28,105.47760772705078,105.47760772705078,103.92347320339017,104.76529930519781,42221900,0.008278196877578067
2015-10-29,105.31108093261719,105.48684835292646,104.88554507200415,104.99655718869403,24913300,-0.001580035723331948
2015-10-30,104.83934783935547,105.53315803620636,104.8115965607298,105.35739052784074,27199200,-0.004489487728887916
2015-11-02,106.0234603881836,106.15297107367101,104.89486122224771,105.11687853196858,22176900,0.011231236137064303
2015-11-03,106.39344024658203,106.77271933185945,105.65337351061712,105.81063539822483,20418400,0.003483529148896565
2015-11-04,106.40272521972656,106.81901555896633,105.95869066056663,106.74500744650565,28633000,8.726635773784678e-05
2015-11-05,106.11590576171875,106.75421309876006,105.56085927889102,106.49519187729372,25004100,-0.0026992422342290118
2015-11-06,106.18992614746094,106.31018399770684,105.23709494759015,105.91239934498606,29924900,0.0006972996273892951
2015-11-09,105.06134033203125,105.93091783203035,104.4137871242451,105.79215441384741,33479800,-0.010684873718810816
2015-11-10,104.79304504394531,104.89480439281229,104.1917417254948,104.50627254684704,35452100,-0.0025569676209846186
2015-11-11,104.6635513305664,105.58863133671092,104.48778387090283,105.0798345102113,22748800,-0.0012364731607266348
2015-11-12,103.64598083496094,104.74682847176648,103.57197272910142,104.23803156623414,31196900,-0.009769870624459595
2015-11-13,101.61078643798828,103.32219012845303,101.55528389505012,103.21117798477626,52836000,-0.019831366577640477
2015-11-16,103.07244110107422,103.09094665868402,101.27779019204917,101.50906025755569,33980600,0.014282357445376434
2015-11-17,103.13714599609375,103.8772126668931,102.87812477865363,103.24815811405331,30579500,0.0006275643926550088
2015-11-18,105.1168441772461,105.21860354798638,103.45170431184295,103.55346368258321,32966500,0.019012916065275765
2015-11-19,105.19084930419922,105.67189487189236,104.98733056846754,105.17235080904203,26188100,0.0007037795791740445
2015-11-20,105.90316772460938,105.98642154175432,105.58863683608236,105.69039620668221,22727600,0.006748851853768112
2015-11-23,105.59786224365234,106.32867614409109,105.14457511070134,105.9401372580485,20696200,-0.0028870374112365243
2015-11-24,105.5053939819336,105.75516251712244,104.38604078902392,104.91334325026976,26374400,-0.0008760477624631606
2015-11-25,105.59786224365234,105.79212815777421,105.37584506434149,105.66261754835963,14159900,0.0008760477624630603
2015-11-27,105.74588775634766,105.95865925215156,105.38510713729752,105.82914862263613,8828000,0.0014008035430484187
2015-11-30,105.47760772705078,106.06041258454825,105.13533267898359,106.06041258454825,25041600,-0.0025402493500780855
2015-12-01,106.53223419189453,106.53223419189453,105.77366168820606,105.90317940327107,28639400,0.00994892646769887
2015-12-02,105.8753890991211,107.07799576233619,105.71812721390354,106.61545582383798,22395500,-0.006184779777400478
2015-12-03,104.08075714111328,106.34720041304305,103.46094815119156,106.16218722840411,42754300,-0.017095719260761175
2015-12-04,106.51370239257812,106.68946983747206,104.18250407841518,104.39526850958177,40037300,0.023106529051592162
2015-12-07,106.03267669677734,106.65247862953667,105.52387985179546,106.5877233090663,25892100,-0.004526320505818032
2015-12-08,106.04192352294922,106.38420568203881,104.88557346118793,104.92257751010037,30792600,8.720352336545159e-05
2015-12-09,104.43225860595703,106.16216038185173,103.79395128210841,105.57935558779906,48509200,-0.015295902654762827
2015-12-10,104.9040756225586,105.60713841356069,104.35827474099894,104.67280561768426,30154600,0.004507748903464291
2015-12-11,102.48960876464844,103.96973527680305,102.42485345029793,103.69220846798659,56022200,-0.02328495156928498
2015-12-14,103.26668548583984,103.31294231237621,101.18525533211809,102.62838503800306,53098500,0.007553406019739243
2015-12-15,103.89573669433594,104.79306545945124,103.76622605378327,104.21952035351818,48428000,0.006073042931780862
2015-12-16,105.44060516357422,105.61636553702955,103.50718459317193,104.59877910630165,44944100,0.014759945664443306
2015-12-17,103.90499114990234,105.90316744980466,103.88649265429615,105.90316744980466,45668800,-0.01467087518169249
2015-12-18,101.91187286376953,103.81407507966829,101.91187286376953,103.58209868167884,53746100,-0.01936848667098516
2015-12-21,103.04389190673828,103.06244689881399,102.11598655712103,102.87686866063294,26432800,0.011046584179979264
2015-12-22,103.72126770019531,103.86973596689681,103.04390070160038,103.5913615065098,26540300,0.0065521504502311124
2015-12-23,104.49140167236328,104.5656357849461,104.07384717795553,104.25942538005795,25656900,0.007397604445383449
2015-12-24,104.47283935546875,104.76049477120272,104.42644834473106,104.49140142324752,11468600,-0.00017766022408477084
2015-12-28,104.41718292236328,104.43574499291728,103.47072262542372,104.2223236576803,19183600,-0.000532877863821108
2015-12-29,106.05960845947266,106.29158484973453,104.9739535727353,105.03890667883432,27725700,0.015607030728764616
2015-12-30,105.10384368896484,106.00391307803838,105.08528869550281,105.96679601175781,19520100,-0.009052431067719389
2015-12-31,103.79548645019531,104.92753203826761,103.77692437993038,104.73267277661911,29886800,-0.012526362297929888
2016-01-04,101.60562896728516,101.6984180801513,100.32512221927914,101.55923087117432,50807600,-0.021323549816605357
2016-01-05,101.4292984008789,102.23657834016672,100.95607192414293,102.10667219996229,38795200,-0.0017369485440187466
2016-01-06,100.45503997802734,101.0396178279198,99.66632180867381,99.66632180867381,41891100,-0.009651724287415307
2016-01-07,97.30943298339844,99.55496214782487,97.25375385050748,98.31156534381103,61386300,-0.03181433209252672
2016-01-08,96.51143646240234,98.62705950636933,96.40936630858323,98.01463858345471,69344000,-0.008234418020393347
2016-01-11,96.80834197998047,97.4857087469241,95.32369521747982,97.19806042775798,50024100,0.003071654161966819
2016-01-12,97.93112182617188,98.43219151525668,96.57638099835978,97.73626257142034,46734200,0.011531225006743437
2016-01-13,94.55354309082031,98.57137438213765,94.40507485791154,98.33011704333839,69870700,-0.035098125455517534
2016-01-14,96.56710052490234,97.41149771308947,93.41222121196718,94.92471132281769,78445700,0.021071841333680334
2016-01-15,93.56999206542969,94.59069383175063,92.33588306685918,93.36585879152302,91443900,-0.031528374443920267
2016-01-19,93.77408599853516,94.98964647869167,92.67915771069609,94.84117826640988,56563800,0.0021788146810374502
2016-01-20,93.48644256591797,94.48858181306417,90.23877458596053,92.29872512308738,86675000,-0.0030721226843938593
2016-01-21,93.5792465209961,94.97110444767235,92.6235052107086,93.88545696391019,61660100,0.0009922072096141055
2016-01-22,96.28873443603516,96.32585149931944,95.13813379164617,95.46289924618871,42229800,0.028542694215586847
2016-01-25,94.85977172851562,96.49288012800366,94.77625656162748,95.94541934256715,38881500,-0.014951613868902666
2016-01-26,95.71344757080078,96.12172115051898,94.42365957529422,95.25877588733073,36143900,0.00895909252585091
2016-01-27,93.32872772216797,95.56497607625482,92.92972811318398,95.15670251031888,54524700,-0.0252308391187016
2016-01-28,94.64632415771484,94.9154174974897,93.03177119842012,94.87830044241512,47641500,0.014019073294243886
2016-01-29,96.62278747558594,96.65990454138611,94.5906794483604,94.61851547787143,54245100,0.020667567848053663
2016-02-01,96.88259887695312,97.2444813892059,95.78767030467768,96.15882677309172,32750300,0.0026853160254375176
2016-02-02,94.78553771972656,96.47432525909775,94.49788223269331,96.43720819369487,44928100,-0.0218830826933299
2016-02-03,94.33086395263672,95.41651154386093,92.67918643616547,95.41651154386093,61572900,-0.004808410472114855
2016-02-04,94.32156372070312,95.0731646571484,93.19879929340478,94.08030638974542,49321600,-9.859647242102793e-05
2016-02-05,91.04608917236328,94.02466494394093,90.6749255607161,93.9875478748405,70749900,-0.03534398225600442
2016-02-08,89.65420532226562,90.05320485189698,88.00252807631965,89.34799489919516,91673100,-0.015405745548737231
2016-02-09,89.37581634521484,90.73055690222735,88.31800512837832,88.45719230519447,73778400,-0.0031099722698759956
2016-02-10,89.71919250488281,91.57500365886955,89.6542393976676,90.40584064963774,59421700,0.0038345745380813805
2016-02-11,89.58926391601562,90.30374791694457,88.32731208012171,88.57784340842367,76839200,-0.0014492190072982888
2016-02-12,90.9532699584961,91.04606614745819,89.75627840966416,90.60066851024807,49186500,0.015110367246553097
2016-02-16,93.00397491455078,93.00397491455078,91.72346074509602,92.29876472552913,40565900,0.022296375574292104
2016-02-17,95.11029052734375,95.24019669927657,93.44005820341408,93.68131555672734,41766500,0.02239493787867665
2016-02-18,94.0246353149414,95.42576706533384,93.90400310853933,95.4072120763092,38991500,-0.0114803453830993
2016-02-19,94.30303192138672,94.5906874357892,93.36585247838156,93.5699857384853,28257900,0.0029565152408992192
2016-02-22,95.83406066894531,95.92684978541502,95.09174065783189,95.1845297743016,23979100,0.016104820136452987
2016-02-23,94.25665283203125,95.53716001533402,94.19169972300918,95.27734757924574,29869700,-0.016596750215264886
2016-02-24,95.15669250488281,95.2773176467829,92.57710979282831,93.15241363439829,40739100,0.009503516716852973
2016-02-25,96.09386444091797,96.09386444091797,94.49786629455896,95.35154449613006,29389300,0.009800540738983217
2016-02-26,95.97325897216797,96.8454923423446,95.74128261451305,96.82693026929249,30925000,-0.0012558680783929174
2016-02-29,95.11029052734375,96.59493754897267,95.11029052734375,95.88045360334218,27553900,-0.009032429156431196
2016-03-01,98.16310119628906,98.16310119628906,95.72271283917603,96.01964224794779,37699800,0.031593222047590956
2016-03-02,98.20023345947266,98.2187884531753,97.43935128924477,98.04249123525194,29209800,0.0003781995624721685
2016-03-03,98.0146255493164,98.12597672395394,97.30942268134368,98.0981407001333,25474600,-0.0018918849108060817
2016-03-04,98.0517349243164,98.68271070577661,97.40220415488137,98.12596903492452,31655400,0.00037853893297636336
2016-03-07,97.4485855102539,98.11667828083016,96.75265672079593,97.55065563238938,25861200,-0.006170335949988835
2016-03-08,96.64132690429688,97.62490413979371,96.47430368700923,96.7805140985957,28898500,-0.008318446341370156
2016-03-09,97.2630386352539,97.28159362736234,96.46503946682712,97.00322626959979,31047400,0.006412582405634102
2016-03-10,97.11456298828125,98.22804641211187,95.8618852872781,97.67130470019656,44236100,-0.0015277035482434054
2016-03-11,98.8126220703125,98.8126220703125,97.85688085373602,98.163091266626,31454000,0.017334007008607825
2016-03-14,98.97966766357422,99.21164401438189,98.41364480125497,98.44148083065487,25374900,0.0016891015640948896
2016-03-15,98.94253540039062,99.05388658024312,98.31155953993711,98.62705100984152,26524600,-0.0003752207993283543
2016-03-16,99.8240737915039,100.08388619464884,98.6734658927806,98.70130900399501,31693100,0.00887014347734098
2016-03-17,99.76836395263672,100.00034025255196,99.16523123634093,99.53638765272146,29623700,-0.0005582359827212715
2016-03-18,99.92473602294922,100.17601051857507,99.39426133186717,100.00849182137253,37682300,0.0015661242405806976
2016-03-21,100.31560516357422,100.40866952354907,99.69206614135167,99.74790333726547,17288600,0.003904004904840257
2016-03-22,100.62271881103516,100.85538324928642,99.72928822019291,99.74789825109674,18840300,0.0030567975339453766
2016-03-23,99.79444885253906,100.50174373798444,99.57108584627146,100.42729650291813,20912900,-0.008265506230493708
2016-03-24,99.8223648071289,99.85028340708323,99.14298144003088,99.31050014011285,19017300,0.0002796954250500254
2016-03-28,99.6827621459961,100.1201724683255,99.50593488368696,100.10155533526355,13892300,-0.0013994896878090244
2016-03-29,101.28349304199219,101.34863880588435,99.32911302487133,99.49663171778774,29963900,0.015930681974744766
2016-03-30,101.77674865722656,102.40959631414366,101.56269421576442,101.88843016151415,23807200,0.004858229077972243
2016-03-31,101.62783813476562,102.08386561037102,101.46962799850556,101.70229246960196,21447200,-0.0014641808369483776
2016-04-01,102.70738983154297,102.74461699357599,100.87399292845893,101.01359301099396,26389000,0.01056657485894549
2016-04-04,102.3165512084961,102.78188024677326,102.07457812049182,102.70742589656307,17163000,-0.0038126190970875855
2016-04-05,101.33000946044922,101.90701979991898,101.19971794836813,101.52544672857087,20107900,-0.00968883994224637
2016-04-06,102.99591064453125,103.03313781349772,101.43240504972205,101.43240504972205,25056000,0.016306674138203078
2016-04-07,101.51616668701172,102.58642470527116,101.07875633256475,102.40028886276373,28567200,-0.014471221458148135
2016-04-08,101.44168090820312,102.39094855951855,101.08803356758644,102.14898268979069,22898000,-0.0007340024841149384
2016-04-11,101.06944274902344,102.39097521363149,101.06013418227099,101.87911764794269,25772100,-0.003676228462710994
2016-04-12,101.91633605957031,102.11177334244692,100.52965084717295,101.14388839366124,28564100,0.008344409441407628
2016-04-13,103.2192611694336,103.37747129313126,102.56779644187839,102.6980879673183,25356700,0.01270323287359824
2016-04-14,103.22856140136719,103.61013450727707,102.37235793003765,103.23786996746037,17199700,9.009765105843826e-05
2016-04-15,102.96795654296875,103.35883103182141,102.70737355040032,103.1447837595062,21353300,-0.0025277342193402784
2016-04-18,103.51708221435547,103.55430228235589,102.6050343405053,102.67018011004056,17126100,0.0053188063332913855
2016-04-19,102.88420104980469,103.7124857500405,102.26065505832554,103.7124857500405,42481400,-0.006132550515186375
2016-04-20,102.96795654296875,103.44259390820642,102.53054633386286,102.88420076693777,18078300,0.000813744181895041
2016-04-21,102.9772720336914,103.34953651969495,102.51194320127559,102.91212628116737,20216000,9.046571064923425e-05
2016-04-22,101.42311096191406,102.11179588700864,100.62274452179457,101.63715832359894,39074000,-0.015207320069493808
2016-04-25,101.42311096191406,101.43241242956508,100.92985626248839,101.11599212086327,14351900,0.0
2016-04-26,100.92984008789062,101.80466073116494,100.62272839641325,101.6371420356519,19118300,-0.0048753610808859775
2016-04-27,100.12018585205078,100.35285034393581,99.29190082896864,99.89682282758426,33059800,-0.008054300008405072
2016-04-28,98.9102783203125,100.81812904232768,98.71484109665073,100.23181027098913,29818200,-0.01215816323266086
2016-04-29,98.38914489746094,99.11505685385481,97.60738864417519,98.91031099941436,67502800,-0.005282677731918789
2016-05-02,99.31980895996094,99.45940906044432,98.23094095683156,98.64042559113177,24813800,0.009414555267833842
2016-05-03,98.3984603881836,99.05922662833285,98.13787021851297,98.61250772353932,38569400,-0.009319879683809274
2016-05-04,97.76559448242188,98.16577757848918,97.52362149168576,97.80281454220763,27474500,-0.006452436986000394
2016-05-05,97.73766326904297,98.33329069730928,97.54222601460509,98.11923631367482,20788100,-0.00028573655385786173
2016-05-06,98.25887298583984,98.27748302161488,97.16069626582944,97.25376064541872,30758500,0.0053185730256948074
2016-05-09,98.53803253173828,98.99405990686718,98.22161232893498,98.26814095268891,19289600,0.0028370337674255524
2016-05-10,99.88749694824219,99.93402557503379,98.71486620762587,98.89169345035712,21178900,0.013601931421117841
2016-05-11,98.98475646972656,100.03639714572475,98.956837873957,99.73858695692451,20966300,-0.009078658922684274
2016-05-12,98.54734802246094,99.33840568541868,97.84935471390615,99.21742273473036,29196300,-0.004428739959252853
2016-05-13,98.18438720703125,99.06850918060195,97.9889499423584,98.4635873567666,21059300,-0.003689910291582859
2016-05-16,99.41288757324219,99.77584362629891,98.24025650163591,98.33332798219985,18311900,0.012434545937456059
2016-05-17,98.16578674316406,99.61761062241222,97.90519659785181,99.32910897983224,29932700,-0.012624008096298316
2016-05-18,98.51944732666016,99.04992205353217,97.75630812132927,97.94243686395382,27524400,0.003596212662519083
2016-05-19,98.007568359375,98.3798328907612,97.29096499424975,98.13785988030686,27334600,-0.005209259633269285
2016-05-20,99.087158203125,99.48734142636009,98.34262896443184,98.39847327256591,29549600,0.010955144866870721
2016-05-23,98.95682525634766,99.55244555800284,98.86376091553042,99.19879112240164,15729800,-0.0013162022225191568
2016-05-24,100.93915557861328,101.06013855020015,99.4780229509907,99.50594155209873,29931300,0.01983426880981472
2016-05-25,101.66506958007812,101.9721883989339,101.14390341500638,101.32073069259421,37951700,0.0071658634678163045
2016-05-26,101.96284484863281,102.09313634519836,101.52543463858247,101.76740760378449,21885900,0.0029247019658506204
2016-05-27,102.49332427978516,102.50263284436997,102.00938542668987,102.02799545550515,19870000,0.005189186746420908
2016-05-31,102.68878936767578,102.84700660708499,102.1676232153338,102.63295216574093,24366100,0.0019052844670117862
2016-06-01,102.69807434082031,102.93073876257132,102.28858978677974,102.37234557043985,19571500,9.041447912684296e-05
2016-06-02,102.91213989257812,102.92144135820143,101.93494637511711,102.49333962779964,15696600,0.0020822470313602483
2016-06-03,102.42821502685547,102.76325246775,101.75814014506642,102.71672382895497,20269900,-0.004713401433679247
2016-06-06,102.80047607421875,103.07036773115578,102.43752004256196,102.6143473247792,12502400,0.003627772058915371
2016-06-07,102.53988647460938,102.95867968443756,102.4933507400257,102.85630674863845,12184300,-0.0025381248603012787
2016-06-08,102.7166976928711,102.93074499764941,102.33512460991524,102.7166976928711,14568700,0.0017228315740745613
2016-06-09,102.54918670654297,102.66086109989709,102.10246783205955,102.2979051207849,17571600,-0.0016321370110175379
2016-06-10,101.38585662841797,101.81395833745394,101.03220214243015,101.61852106378676,32965000,-0.011408953338629213
2016-06-13,100.5389633178711,101.3765567772696,100.40867179089308,100.8088549381415,25154700,-0.008388253376492611
2016-06-14,100.5389633178711,100.90191930021783,99.80374278686328,100.26907169760071,24588500,0.0
2016-06-15,100.2504653930664,100.92054018550145,100.08294669495766,100.78094008701815,24605700,-0.0028736385693870626
2016-06-16,100.54825592041016,100.64132026771092,99.11504225084367,99.75719831782175,32079900,0.0029660621712537375
2016-06-17,99.36971282958984,100.48014764263515,99.13642868360668,100.34017573119182,29208800,-0.01179040334345046
2016-06-20,99.99491882324219,101.00270091389142,99.92026618859644,100.52680638637572,20562800,0.006272005600993307
2016-06-21,100.31220245361328,100.51749368143852,99.93894632295543,100.12557794791863,22804100,0.0031679741958749027
2016-06-22,100.0695571899414,100.95604114468085,99.98557832141447,100.36816058792594,22724200,-0.0024218310359359297
2016-06-23,101.49726104736328,101.51592776545368,100.42415969297623,100.84406829953925,18714200,0.014166297273214886
2016-06-24,97.31682586669922,99.37905708907108,97.10220129637639,97.8860398148729,68012700,-0.04205991140571442
2016-06-27,95.38522338867188,96.67294932020283,94.94664805219813,96.67294932020283,48222600,-0.02004822660368439
2016-06-28,97.47544860839844,97.52210828621388,96.39301385189987,96.43966641044801,28260600,0.021676861796617694
2016-06-29,99.20173645019531,99.40702761392508,98.1939544671153,98.24060701933895,31356700,0.017554981525959495
2016-06-30,100.34952545166016,100.41484473841457,99.0337992365477,99.36972903107562,36300800,0.011503827623146095
2016-07-01,100.8534164428711,101.2266725474584,100.26553576438396,100.3028620867695,19902800,0.005008794006038476
2016-07-05,100.23754119873047,100.46149912946062,99.69632021170116,100.32152720257126,21167900,-0.006125359160852548
2016-07-06,101.05868530273438,101.10533785594596,99.44435603316388,99.76162614362852,24579300,0.008158609558482082
2016-07-07,101.3573226928711,101.58127353349519,100.88142092718465,101.15203145593699,19161700,0.002950731118310075
2016-07-08,102.92498016357422,102.98096608703088,101.73055921544433,101.89852410508229,29457900,0.015348253107948597
2016-07-11,103.51283264160156,103.8954149061051,103.26088891807646,103.27021515724168,20218500,0.00569521696610736
2016-07-12,104.035400390625,104.31534422600089,103.89542847293706,104.14737934862885,21906100,0.0050356376987243465
2016-07-13,103.78346252441406,104.34334310767431,103.77412916423383,104.2780238249484,21107800,-0.0024245921289163573
2016-07-14,104.49262237548828,104.68858017487372,104.23133819037491,104.4739556597757,20871000,0.006809832170123455
2016-07-15,104.32467651367188,104.79124482165919,104.09139235967821,104.73525178359888,17999300,-0.0016085439177878113
2016-07-18,105.01518249511719,105.20180694728761,104.37131603237614,104.38998274915309,20713900,0.006597009179030972
2016-07-19,104.63259887695312,104.95920236514254,104.44597441450223,104.65126559475836,18936700,-0.003649779075706795
2016-07-20,105.85502624511719,106.05098409173118,105.07118773939341,105.20182630380275,24997900,0.01161532523494172
2016-07-21,105.6124038696289,106.13495810328095,105.32313379303831,105.92966690598408,18885400,-0.002294655794664827
2016-07-22,106.05096435546875,106.17226953719722,105.36044534077367,105.68704169101684,20003400,0.0041439491122980026
2016-07-25,106.06033325195312,106.08832621717276,105.70573670778727,105.96701387552913,12968100,8.833943873944058e-05
2016-07-26,106.18158721923828,106.56416942467803,105.64969977900664,106.02295574672097,21223800,0.001142601614306604
2016-07-27,106.9188232421875,107.19876002892643,106.47091441642826,107.07745479993315,27646100,0.006919169818674861
2016-07-28,107.29205322265625,107.41335842204141,106.75083226675162,107.08676202426018,16939700,0.003484700350514682
2016-07-29,107.52530670166016,107.81457669726458,107.18937703999963,107.53463293945897,22385300,0.002171645445745627
2016-08-01,108.09452819824219,108.36513863619102,107.4693284550155,107.59996699481611,13990100,0.005279874360335408
2016-08-02,107.27340698242188,108.02924552147708,106.58288773539282,107.93593326419243,21278400,-0.0076253244833435025
2016-08-03,107.62799835205078,107.63733171372851,107.12411072975745,107.18943002296355,15011300,0.003300040694257517
2016-08-04,107.93590545654297,108.03855104889205,107.33869862065762,107.59064948161156,12835300,0.0028567613450741617
2016-08-05,108.97167205810547,109.2142895253077,108.36513194973288,108.48644424296702,23196600,0.009550376119456836
2016-08-08,108.8503646850586,109.05565583629257,108.5051016471409,109.02765576354312,12358200,-0.0011138210568753875
2016-08-09,109.1023178100586,109.44758087780049,108.8690336851897,108.93435295538232,13276500,0.0023119994151659783
2016-08-10,108.82241821289062,109.19566724445183,108.53314095838108,109.16767427901164,14688400,-0.0025687744878181962
2016-08-11,109.28898620605469,109.52227040952788,108.97171598731133,109.19566682925029,12969800,0.004278260516084155
2016-08-12,109.36361694335938,109.37295030363076,108.9810346034475,109.10233980990385,19379000,0.0006826421375998465
2016-08-15,109.83018493652344,110.0821358281711,109.46626219904832,109.50358852074677,11777800,0.004257134041237424
2016-08-16,109.22362518310547,109.63420038324817,109.20495846716896,109.6248741445461,14161400,-0.005538011900638637
2016-08-17,109.41960906982422,109.45693539132942,108.64510391694412,109.25164418268479,15980300,0.001792728138854579
2016-08-18,109.44758605957031,109.60621756336757,109.13031593270897,109.316947513,10036300,0.00025565265623234037
2016-08-19,109.41960906982422,109.66221948070618,108.95304072991108,109.25164418268479,18743000,-0.00025565265623232546
2016-08-22,109.5035629272461,109.69019449211834,109.05566141008524,109.26094545254531,14500600,0.0007669709950891715
2016-08-23,109.69954681396484,110.11946259532026,109.65289425110399,109.93283098607297,11997900,0.0017881492572920845
2016-08-24,108.9903335571289,109.77416471005188,108.6264109333767,109.62486658918041,17728700,-0.006486040798402454
2016-08-25,108.81305694580078,109.14898668347055,108.57977280126717,108.71041135266462,24266300,-0.0016278594200601932
2016-08-26,108.97167205810547,109.68085774416876,108.3184793994064,108.85036688413736,23896000,0.0014566231624715774
2016-08-29,109.12101745605469,109.41028758001926,108.98104551504102,108.99970511818412,11184900,0.0013695591688628916
2016-08-30,108.76639556884766,109.26095680844473,108.39314663884254,108.94369379408698,19843300,-0.0032550957891926777
2016-08-31,108.65443420410156,108.76640604618241,108.19719211804583,108.59844116379347,16169800,-0.0010299047681816425
2016-09-01,108.93435668945312,109.06499523431644,108.15985877898258,108.69174631714513,20944700,0.0025729509192793025
2016-09-02,109.28898620605469,109.69956156306465,108.87840372977584,109.47561072112568,18088200,0.0032501548557885046
2016-09-06,109.97014617919922,109.97014617919922,109.23296741562613,109.4755849234613,18525200,0.006213307122872322
2016-09-07,110.03548431396484,110.22211593631049,109.61557562240691,110.07281063843396,17546900,0.0005939678592777855
2016-09-08,109.39159393310547,109.73684987832091,109.10231677989823,109.7088569226836,20125300,-0.005868849315677628
2016-09-09,106.63884735107422,108.71974505944473,106.6201877519294,108.47712755495928,50813300,-0.025486182103735374
2016-09-12,108.5517807006836,108.70107885234583,106.03230764825369,106.04164100750357,39646000,0.017779433591810414
2016-09-13,107.58130645751953,108.32781137567748,107.05875230288231,108.0105483872953,45863900,-0.00898039979084646
2016-09-14,108.09452819824219,108.6824087466114,107.66528626471641,107.69328633975924,28221800,0.004759204574297107
2016-09-15,109.77420043945312,109.94216532964393,108.1132182582707,108.12255161863352,38521400,0.015419427389252505
2016-09-16,109.7218017578125,109.83406126389222,109.17922485074962,109.65631883020863,27596500,-0.000477445439656856
2016-09-19,109.24472045898438,110.33922400616727,109.02956530207047,110.00245258594104,16222900,-0.004357579861245979
2016-09-20,109.45051574707031,109.89954664430714,109.26342370319897,109.63760779094167,18078600,0.0018820286385797383
2016-09-21,110.52632904052734,110.68535801483524,109.27278932414121,109.91826910317388,31546800,0.009781228307199366
2016-09-22,111.40564727783203,111.52726352238973,111.05952630388423,111.17177866857928,22614400,0.007924255469625791
2016-09-23,110.69468688964844,111.32145302148649,110.53565795537966,111.32145302148649,22213400,-0.00640217691920964
2016-09-26,109.7685546875,110.19887916085644,109.60952576396984,110.06791332534891,16403900,-0.008401742108416871
2016-09-27,110.8537368774414,110.90986306793626,109.59084763157502,109.69375040555198,20238400,0.009837545734662086
2016-09-28,111.04080963134766,111.10629255457485,110.47016967018078,110.99404019310158,14794300,0.0016861414682910335
2016-09-29,110.23629760742188,111.05951963027009,109.75921081192917,110.85371412455804,27207500,-0.007271566217475211
2016-09-30,111.05951690673828,111.38693150456768,110.41403731594389,110.52629680824381,25543200,0.007440024100689082
2016-10-03,110.90052032470703,111.04083580962849,110.47019571393113,110.91922667699488,19216400,-0.0014326597815505046
2016-10-04,110.73213195800781,111.47115775504528,110.31116410199401,111.22793235848874,21239700,-0.0015195269953690515
2016-10-05,111.12503814697266,111.48051595618527,111.01277861596084,111.05955520482546,14481300,0.003541977927054614
2016-10-06,111.06890106201172,111.30276970919796,110.52632408763453,110.98470463773023,11987100,-0.0005052980864844598
2016-10-07,110.82568359375,111.33084076423975,110.28310658058264,111.17180464858366,19984200,-0.002192190188340972
2016-10-10,111.52726745605469,111.77049281664532,111.34952502288033,111.39630160122215,19687300,0.006310563338759155
2016-10-11,109.93695831298828,111.45242954771643,109.45051472121969,111.43372319834621,27774400,-0.014362016919089319
2016-10-12,109.84341430664062,110.2176055348434,109.50664291496854,110.03986309559868,14267800,-0.0008512499171912726
2016-10-13,109.45051574707031,109.74986729952687,108.458915067765,109.09503800887316,22821000,-0.003583309213154079
2016-10-14,109.58146667480469,110.43275177377149,109.5159837546613,109.99307767976472,21313300,0.0011957244041601062
2016-10-17,109.28211975097656,109.7311506058843,109.14179716274894,109.48792526209664,14182700,-0.0027354674697514085
2016-10-18,110.25502014160156,110.76953394811324,110.19889395801982,110.58243477433457,19276700,0.008863254391731776
2016-10-19,110.24566650390625,110.40469545326967,110.0492177187331,110.17082683228679,13702900,-8.483998706055806e-05
2016-10-20,110.11470031738281,110.35792568086576,109.47857738473013,110.1334138037836,18132200,-0.0011886547824620684
2016-10-21,110.52632904052734,110.59181197918971,109.83407981222442,110.19891434721549,15707800,0.0037312117505816753
2016-10-24,111.85469818115234,111.92953786242191,111.21857516457078,111.23728865344059,19143000,0.011946926920194802
2016-10-25,111.49919891357422,111.93887303492146,111.33081323172003,111.92015954965797,20341800,-0.003183285113004451
2016-10-26,110.74149322509766,111.34955321195784,110.41407850512851,110.7789130698235,20463700,-0.006818810876182368
2016-10-27,110.23629760742188,111.31209457276016,110.07726867559097,111.21854856210099,19099800,-0.004572373503530629
2016-10-28,109.5440673828125,110.48889866812175,109.20729597690236,109.91825862683535,35369300,-0.006299311712307343
2016-10-31,109.44114685058594,109.94630387746696,109.385020671078,109.94630387746696,18749400,-0.0009399770679939512
2016-11-01,108.6179428100586,109.64696331410796,107.67311158368327,109.62825696477059,23498700,-0.007550319984614394
2016-11-02,107.74796295166016,108.79569705588602,107.47667446564351,108.54311492123739,26960100,-0.008041789613983845
2016-11-03,106.69087219238281,107.92569827713587,106.56925593665821,107.57021339068451,36205200,-0.009859215298871026
2016-11-04,106.31670379638672,107.14927572967149,106.12960456934726,106.42895619550464,26997500,-0.0035131969284056693
2016-11-07,108.84244537353516,108.95470487126461,107.86020153253969,108.03793681589889,26591200,0.023478970005350874
2016-11-08,109.55340576171875,110.04920604366662,108.47760879190751,108.7301908725509,20777900,0.006510772947044913
2016-11-09,110.0585708618164,110.2363061547188,108.14084537764633,108.27181123014438,70234400,0.004600532255523752
2016-11-10,108.28114318847656,110.74143786824028,106.83115526286133,110.59176570125986,72825400,-0.016281664067749835
2016-11-11,108.32796478271484,108.56183343972666,107.42990285913706,107.81345088244684,41115200,0.0004323141848102057
2016-11-14,107.23342895507812,108.4589052843357,106.6721457369901,108.35600252835751,35906000,-0.010155299288746696
2016-11-15,108.72085571289062,109.09504696846832,107.88828391621014,108.04731288027168,31796600,0.01377560331436303
2016-11-16,109.36630249023438,109.44113500911372,108.20630923382423,108.20630923382423,16538100,0.005919180819153693
2016-11-17,110.16148376464844,110.18019011511164,109.08568661685395,109.31019850793402,20598600,0.007244502081087689
2016-11-18,109.74983978271484,110.4795085628139,109.6469370432545,110.29241656585084,16428700,-0.003743731392064429
2016-11-21,110.89114379882812,110.9940465608177,109.9837324269767,110.02115226198234,20268500,0.010345441512039642
2016-11-22,111.22792053222656,111.49920899625175,110.95663206820137,111.33082329917075,18850600,0.0030324005954243016
2016-11-23,110.77887725830078,110.98468276920933,110.29243370832877,110.86307366599215,22926000,-0.004045316546717402
2016-11-25,111.13438415527344,111.18115360251416,110.77889924329945,110.90986511494101,7162800,0.00320401943386806
2016-11-28,110.88180541992188,111.39631931508295,110.7695530334176,110.99406494353109,13479000,-0.002275319154005292
2016-11-29,111.26533508300781,111.79855524224796,110.66663199674183,110.98468988883774,18553000,0.0034529370333467166
2016-11-30,109.91826629638672,111.44308733607672,109.88084645566302,111.40566749535303,30405300,-0.012180699052713233
2016-12-01,108.01921081542969,109.89015928123887,107.85082516802278,109.88080254052126,39796600,-0.01742796671040543
2016-12-02,108.23439025878906,108.66471478345294,107.78536652268426,108.084718059122,32876800,0.0019900664155993323
2016-12-05,109.07633972167969,109.5066571922304,108.2998940709207,108.7957016167666,21419700,0.007748845865452594
2016-12-06,109.33824920654297,109.52534837548527,108.8798687325655,109.38502578305443,27293300,0.0023982794527127754
2016-12-07,110.72274780273438,110.86307038666703,108.78631612835235,109.11373073279316,26622400,0.012583028183679722
2016-12-08,110.91921997070312,111.19986519778799,110.55438545775554,110.76954775013456,18578400,0.0017728792196120672
2016-12-09,111.78919982910156,111.82661966457631,111.32146259132288,111.33081933446753,21863100,0.007812765089192904
2016-12-12,111.28404235839844,111.51791097645251,110.82566186540153,111.29339910150968,23259300,-0.004529080487248484
2016-12-13,112.68722534179688,113.29528502115868,111.62078528628318,111.62078528628318,54477900,0.012530190651091141
2016-12-14,112.45338439941406,113.19241008202187,112.12596976461408,112.82757561222992,28746000,-0.002077288737375307
2016-12-15,112.63113403320312,113.29532008829634,112.33178247123006,112.60307093944068,22762300,0.0015794037899787177
2016-12-16,112.21363067626953,113.13311007559616,111.98845482349596,112.9079270646113,26283900,-0.003713707431083491
2016-12-19,112.67333221435547,113.36763554780819,112.16668849067032,112.32618770583821,21138700,0.004088295492727911
2016-12-20,113.10491943359375,113.31132637503683,112.89850533394221,113.02985845950074,11461800,0.003823111763580853
2016-12-21,113.02050018310547,113.22691433048833,112.76717828472387,113.15185333903817,7079300,-0.0007466586866116584
2016-12-22,112.70148468017578,113.05801359838556,112.2605103697898,113.02986752039651,16645000,-0.0028266251116742785
2016-12-23,112.77653503417969,112.82344993485817,112.41062171515577,112.51382877008137,9007500,0.0006656999814933697
2016-12-27,113.35828399658203,114.01504987190074,112.9736088862414,113.02051664407206,16110600,0.005145162945427486
2016-12-28,112.476318359375,113.70541882611197,112.4012645263839,113.60221175276284,17975200,-0.00781076160973238
2016-12-29,112.31685638427734,112.71091598150284,111.9603272951037,112.44820958335251,13267500,-0.0014187441591769882
2016-12-30,111.16278839111328,112.54199654351892,110.8437827530598,112.5326192881425,41749000,-0.010328262811570272
2017-01-03,112.15731048583984,112.57951599910017,111.54745251030087,111.90398145131604,22307600,0.008906754693036352
2017-01-04,112.76718139648438,112.97359554956313,112.26991484127299,112.27929209680542,19749100,0.0054229079290276086
2017-01-05,113.40518951416016,113.48024335211136,112.68273995297145,112.68273995297145,20644300,0.005641801493423188
2017-01-06,114.39971923828125,114.69995605573881,113.23630246540947,113.52715486907482,24074300,0.008731471573830819
2017-01-09,114.77501678466797,114.98143093835793,114.41848064349064,114.49354163723432,18909200,0.003275211643173212
2017-01-10,115.02835083007812,115.37550259412087,114.5592303069879,114.82193665460464,16176600,0.002204790562150384
2017-01-11,115.33796691894531,115.33796691894531,114.48416416928347,115.07526058311421,20686000,0.002688034243207306
2017-01-12,115.1596908569336,115.23475185002951,114.09009675905264,114.92513062216653,19622500,-0.001546879905685316
2017-01-13,115.55376434326172,115.75079409316355,115.21599701251266,115.21599701251266,16930800,0.003416132528736263
2017-01-17,115.20662689208984,115.43180275445681,114.86885951943358,115.25353465271834,14538500,-0.003008642091207404
2017-01-18,115.44116973876953,115.55376123205801,115.08464074733847,115.37549315723722,12499700,0.002033775574270167
2017-01-19,115.38488006591797,116.01349981106274,115.14093540429064,115.61005589915284,12710700,-0.0004877237557460777
2017-01-20,115.63816833496094,116.18234966862494,115.32854718047537,115.89149017886186,22091000,0.002192754119417754
2017-01-23,115.7320327758789,115.90091645221428,115.00020589782936,115.56314909954354,17434200,0.0008113788691614802
2017-01-24,116.51074981689453,116.68901787021132,115.76015426860138,115.95718398943116,17640900,0.006706085335909555
2017-01-25,117.68355560302734,117.71170168452952,117.1393741666189,117.24258123760015,15036200,0.010015748147264483
2017-01-26,117.8055419921875,118.04948666543794,117.59912781929953,117.84307249254996,16052200,0.0010360258824467345
2017-01-27,118.03070831298828,118.143292639953,117.64602610729885,118.05885439472947,15053000,0.0019095146647476891
2017-01-30,117.1112289428711,117.63664155665305,116.46384043073974,117.63664155665305,25006700,-0.007820672631573563
2017-01-31,116.8766860961914,116.90483218208479,116.20115140190586,116.69841800791853,19091100,-0.0020047439218627587
2017-02-01,117.68355560302734,117.91811582649203,117.14875857985626,117.70231727129215,22861900,0.006879876006241765
2017-02-02,117.58036804199219,117.93689706386128,117.14877801818923,117.47716095388593,15101400,-0.0008772068921853649
2017-02-03,117.9180908203125,118.04005953369338,117.5897080087421,117.7022923108757,16957200,0.0028681547341715165
2017-02-06,118.05884552001953,118.0776071870333,117.608486771385,117.721078248096,11630100,0.0011929531638362448
2017-02-07,118.4904556274414,118.73440028943142,118.19021879661166,118.30280313429114,17541100,0.0036492230947312953
2017-02-08,118.6874771118164,118.85636076478615,118.10576516087397,118.33094813697375,12569100,0.0016613816253271253
2017-02-09,119.11907196044922,119.38177828512168,118.74377414311262,118.80945072428074,17542700,0.003629801821591783
2017-02-10,119.51311492919922,119.68199856574826,119.17534765610114,119.38176178501769,13915700,0.0033025161611720043
2017-02-13,120.18867492675781,120.33878260265578,119.83213877410513,119.87904652804693,19120200,0.005636685371717815
2017-02-14,120.59210205078125,120.60147930589487,119.85089087883476,120.23556592658343,16333500,0.0033509942662357088
2017-02-15,121.30516052246094,121.36146700265323,120.44198060630688,120.50766434165452,17891400,0.0058955651622385665
2017-02-16,121.26765441894531,121.6241905953973,120.95803315777735,121.38023876248926,15098300,-0.00030923583768914325
2017-02-17,121.79305267333984,121.80244424513664,121.07060314958726,121.08937197676042,15563700,0.004323192168631121
2017-02-21,122.39354705810547,122.46860806311118,121.96196417485122,122.02763360646692,18479600,0.0049183337326657375
2017-02-22,122.44046783447266,122.52490610048582,122.07455436532543,122.28096855986217,12110900,0.00038328642335261717
2017-02-23,121.98067474365234,122.62806315172644,121.49279986151282,122.62806315172644,17489000,-0.0037623065528022996
2017-02-24,122.21521759033203,122.21521759033203,121.38957558271153,121.4270989081606,18624500,0.0019209407378652783
2017-02-27,122.36540222167969,122.37477947874268,121.78369732246745,121.99011150923754,12008700,0.0012280993509555587
2017-02-28,121.9900894165039,122.39352614349458,121.65232210990733,122.33723397846522,16598600,-0.0030718613917041
2017-03-01,123.32242584228516,123.54759456818181,122.53430666879771,122.76886696922311,25813800,0.010862466799963088
2017-03-02,122.7031478881836,123.31299876714968,122.55302590318809,123.29424425634059,19951400,-0.005034267394386145
2017-03-03,122.92833709716797,122.96586043710876,122.2903257868052,122.61871585607709,13722700,0.0018335538059121817
2017-03-06,122.65624237060547,122.86265653667515,122.16836735664222,122.52488920278128,12026200,-0.002215895138763154
2017-03-07,122.44982147216797,122.98462568660503,122.23403006184004,122.41229813331906,15500900,-0.0016843397833785528
2017-03-08,122.6656265258789,123.05029443354746,122.40292020611568,122.52488179402103,15776000,0.0017608446243061791
2017-03-09,122.75943756103516,122.92832836983118,122.1026717855399,122.63747597757043,20855300,0.0007644780705186937
2017-03-10,123.27548217773438,123.47251908338018,122.74069226198937,123.32239709016635,21922600,0.00419489537493033
2017-03-13,123.48187255859375,123.51001863734818,123.1628741217645,123.22854353338535,10731600,0.0016728208908621152
2017-03-14,123.181640625,123.2473243594354,122.68437409669153,123.2004094514701,14019700,-0.002434345298858526
2017-03-15,123.94166564941406,124.23251812469141,123.0409478170615,123.43500739483316,22709100,0.006150997509313076
2017-03-16,123.857177734375,124.17619052517944,123.57571691369488,124.17619052517944,18457300,-0.0006819072854355381
2017-03-17,123.81394958496094,124.14300834417429,123.74812922539905,124.01138197124922,21234500,-0.0003490770225896713
2017-03-20,123.9267578125,124.20881840142971,123.5976990805799,123.77632358557781,10105200,0.0009106959976077703
2017-03-21,122.04637908935547,124.50967870647618,121.97116197215048,124.39686020376782,35841900,-0.01528959933040287
2017-03-22,122.87372589111328,122.99595547284713,121.92412254907956,122.08396785420615,29177900,0.006756080304764465
2017-03-23,122.5634994506836,123.05240358587626,122.35665594526361,122.71393369938896,20311700,-0.002527950723098793
2017-03-24,122.81733703613281,123.43785311314932,122.34724083906725,122.95836015677352,22967600,0.0020689282800457217
2017-03-27,123.01477813720703,123.23103273247011,121.66089869816177,121.94295930566261,18472400,0.0016063087883256585
2017-03-28,123.76690673828125,124.13358114051769,122.74210063282493,123.01475007194632,23721900,0.006095516612188354
2017-03-29,124.34042358398438,124.3874360651644,123.71989326327616,123.85151960286319,13710000,0.004623143269977614
2017-03-30,124.54731750488281,124.67894389781976,124.18064295697269,124.29346148057554,16092400,0.0016625484859079287
2017-03-31,124.46265411376953,124.80112389617057,124.22760605227424,124.36862915069335,19841400,-0.0006800000323304415
2017-04-03,124.38748168945312,124.8669747424953,123.69173401290145,124.56612057574344,23700300,-0.0006041582124141448
2017-04-04,124.5848617553711,124.60366961607879,123.98313932847326,124.03015180714536,13400000,0.001585558496482304
2017-04-05,124.07722473144531,125.49691046331554,123.84217656977268,124.76356134659304,32011200,-0.004082952381774464
2017-04-06,124.14299774169922,124.47207081900666,123.82333576992468,124.19942133630425,18832200,0.0005299569159833674
2017-04-07,124.07722473144531,124.453296051641,123.63533303980466,124.10542936314992,16743100,-0.0005299569159833987
2017-04-10,124.12419128417969,124.64129991767417,123.78572148281928,124.19940838961487,15619300,0.0003784551599173212
2017-04-11,123.5882797241211,124.19941335036837,122.69509987397134,124.01136340617134,33778400,-0.0043268907212264205
2017-04-12,123.08998107910156,123.67289574692232,122.9583547235873,123.56947401428992,15955200,-0.004040074882760447
2017-04-13,122.60106658935547,123.6446805856258,122.58227307316723,122.92074286509802,23683000,-0.003979918191912103
2017-04-17,123.61646270751953,123.63527056788624,122.90192182171901,122.94893429953876,13325500,0.008248006366353823
2017-04-18,123.42842102050781,123.78569861878447,123.11815589771912,123.2027697458815,12841100,-0.0015223284165158555
2017-04-19,123.62592315673828,124.37806571729985,123.4566810382721,123.96439304747088,17764800,0.0015988561460981963
2017-04-20,124.6600570678711,124.93272078880521,123.93611953836579,124.12415507400104,21977900,0.008330231858502903
2017-04-21,124.63191223144531,124.8199478572672,124.31225023292825,124.77294971046072,22454900,-0.00022579818053876063
2017-04-24,126.13619232177734,126.2584075555884,125.79772254700283,126.01396274177146,22469900,0.011997523663390226
2017-04-25,127.0481948852539,127.2738318642052,126.4370612594689,126.54989409514108,19384400,0.007204287105363078
2017-04-26,126.86956787109375,127.4054700922488,126.79435075570048,127.09520487107572,25398500,-0.0014069676866083811
2017-04-27,127.63113403320312,127.63113403320312,127.10462851969193,127.17984564250771,16136500,0.005984804203290057
2017-04-28,127.85679626464844,128.18585506545088,127.64995274588097,128.1388425664218,22771900,0.0017665201629335104
2017-05-01,128.99436950683594,129.16361156618441,128.22341934769992,128.27982858541782,24815500,0.008857897738692002
2017-05-02,129.21063232421875,129.26705591801087,128.8251643502548,129.15422307662388,18345100,0.0016751253184054595
2017-05-03,128.7969970703125,128.96622486216359,128.44911603228292,128.9192123601378,23827600,-0.0032063827667042377
2017-05-04,128.84393310546875,129.21060749055954,128.39264486524806,128.77812711132142,14630100,0.00036435232277324484
2017-05-05,129.31405639648438,129.31405639648438,128.693540315533,129.1730332749494,19330700,0.0036421403157957475
2017-05-08,129.59609985351562,129.59609985351562,129.11660695748682,129.37985964701585,13279900,0.002178698376931711
2017-05-09,130.04742431640625,130.33888167546345,129.68073549491075,129.79356834237015,28426100,0.0034764966227711536
2017-05-10,130.1226043701172,130.16961685283482,129.66191933959263,130.1226043701172,20499400,0.0005779301803748855
2017-05-11,130.0191650390625,130.0567807586208,129.16360109272452,129.7653234899151,27232100,-0.0007952535783938495
2017-05-12,130.3107147216797,130.3389193551487,129.96283366522482,130.07566654530308,19738600,0.00223984895452902
2017-05-15,130.72434997558594,130.79956709200192,130.24485699790685,130.3670866053576,20481300,0.0031691956832832014
2017-05-16,131.26963806152344,131.28844592355944,130.6773266962447,131.0627946177133,21786000,0.0041626060001323795
2017-05-17,127.93196868896484,130.47048494126273,127.91316082668538,130.22602577021627,55642200,-0.025754885596348448
2017-05-18,129.0508270263672,129.48332192100517,127.74395992758305,127.88499742083896,41319900,0.008707706708430794
2017-05-19,129.59609985351562,130.1414130950245,129.4268721300451,129.51148599178038,36730100,0.00421635502522086
2017-05-22,130.686767578125,130.7525879443764,129.84060000135102,129.8875981530161,19509700,0.008380683054775115
2017-05-23,130.818359375,131.08161207799913,130.47988956454452,131.0722153193907,19687500,0.0010064185701857914
2017-05-24,131.42013549804688,131.48595587374462,130.84661737266134,131.21329195471424,15891900,0.0045895411323948285
2017-05-25,132.53897094726562,132.8774409055774,131.6363796097,131.9184402993269,23928600,0.008477390038254118
2017-05-26,132.77398681640625,132.83039607136223,132.38850444594152,132.5671433174349,13851600,0.0017716129102040875
2017-05-30,132.8868408203125,133.04667186744493,132.62358799607048,132.7082019011048,20306400,0.000849609720023093
2017-05-31,132.8397216796875,133.35683015014035,132.16279663659364,133.35683015014035,33229400,-0.00035464381637687693
2017-06-01,133.3568878173828,133.4132970665176,132.54832177198946,133.11244295573277,20120700,0.003885600116009251
2017-06-02,134.8800048828125,134.90820950646147,133.6107394338209,133.82697966386195,37222900,0.011356628986759947
2017-06-05,134.85182189941406,135.08687005667824,134.66378624284295,134.87062976893148,15727500,-0.00020897039728091699
2017-06-06,134.3158416748047,135.13380419698558,134.11839502486825,134.69191276987362,22393000,-0.003982506114553749
2017-06-07,134.84237670898438,134.95519519316798,134.07142649007,134.69194249927568,18842400,0.003912462409629654
2017-06-08,134.98342895507812,135.19966918886269,134.2500656889179,135.14325994058822,25417400,0.0010455060708155681
2017-06-09,131.60812377929688,135.2936761437743,129.84996864026886,135.14325626786277,109783700,-0.025323274591647772
2017-06-12,130.9029998779297,131.13804800673608,129.2482662157643,130.49872398255832,104454000,-0.00537215785274514
2017-06-13,131.96539306640625,132.1534286589689,130.94998365113256,131.6363200197745,51193000,0.008083124494559082
2017-06-14,131.39190673828125,132.5013270431693,130.32948458317355,132.5013270431693,60093800,-0.0043552028748078085
2017-06-15,130.8089599609375,130.94998306818266,129.26704515487407,130.0662000062568,55145200,-0.004446573691268392
2017-06-16,130.2413787841797,130.83531804008547,129.7605797202837,130.74103694428993,48087400,-0.004348449221345327
2017-06-19,132.41925048828125,132.5417987423156,131.30679314243807,131.5047778378571,39626500,0.016583540684980098
2017-06-20,131.38217163085938,132.45691039961582,131.33503106326938,132.28722161862973,40935100,-0.007862612656357508
2017-06-21,132.68316650390625,132.74915178533934,131.5989910720844,131.68383545618997,35743400,0.009853662800718841
2017-06-22,132.64541625976562,133.13565211387734,132.30602442003857,132.89054137945996,24099100,-0.0002845546755810455
2017-06-23,133.15451049804688,133.32419922436208,132.12689824267846,132.4945715349716,21654300,0.003830662160273703
2017-06-26,132.5323486328125,134.14444979038612,132.24009721742098,133.91819805474535,34411100,-0.004683430746289726
2017-06-27,130.12828063964844,132.19291336309357,130.11885828217612,132.03264697439272,65957800,-0.018306018188647924
2017-06-28,132.0044403076172,132.11756620249406,129.8549619932366,130.60915380613125,57427200,0.014314822649515911
2017-06-29,129.71347045898438,131.45757045494628,128.45018402816515,131.45757045494628,88769400,-0.017507616196272724
2017-06-30,129.76058959960938,130.73162454207605,129.33635340678123,130.08112233327716,68898300,0.00036318960848964716
2017-07-03,128.39366149902344,130.5054211198311,128.30881709681958,130.3545914221188,32797000,-0.010590109361936618
2017-07-05,129.6569366455078,130.00575096888545,128.36536846627087,128.79902718420811,42116600,0.0097909886462481
2017-07-06,128.4879150390625,129.213839526651,128.02597486219148,128.66704057102555,48430500,-0.009057159887183686
2017-07-07,129.87374877929688,130.22257744169153,128.91215033126056,128.92157268986787,36970400,0.010727961810829264
2017-07-10,130.72219848632812,131.03330885500446,129.62860101800086,129.95857048379355,24853500,0.0065116339212847076
2017-07-11,131.08995056152344,131.2502170201606,130.04349301430508,130.5337291370854,31517700,0.002809283819664695
2017-07-12,132.64541625976562,132.7962602741503,131.9477878674712,132.2117577000059,36045800,0.011795791764024786
2017-07-13,132.93775939941406,133.2583067477811,132.5512411252466,132.80577439195244,31073600,0.0022015194072251727
2017-07-14,133.984130859375,134.1538339799057,133.10737695667896,133.53161318008924,34544800,0.00784032226832892
2017-07-17,134.0501708984375,134.5215478187441,133.79562333359297,134.12559293192038,25343200,0.0004927730515515569
2017-07-18,134.94578552246094,134.97406698714022,133.53165474736798,133.95589110283944,25748500,0.00665896949064583
2017-07-19,135.73765563964844,135.9356402198318,135.28513795172952,135.34170086455967,33752300,0.005850911107119117
2017-07-20,135.91677856445312,136.17132605267966,135.3039945066134,136.08648168503004,36139400,0.0013187559502876207
2017-07-21,135.86021423339844,135.86021423339844,135.14372671637932,135.41711891548684,39697100,-0.00041625548424183693
2017-07-24,136.48248291015625,136.576749666762,135.68113635995334,135.8414027929374,26712700,0.004569755430710864
2017-07-25,136.13363647460938,136.4541836841385,135.76596308555244,136.02993298614302,28120900,-0.002559251644689392
2017-07-26,136.5767364501953,136.65215847935085,136.2562036152452,136.4730329582666,18610600,0.003249604045191996
2017-07-27,135.71888732910156,137.6043955397097,134.15391206182812,137.4724105403786,80665900,-0.006300886862008787
2017-07-28,135.605712890625,135.83197899759656,134.6912404880449,134.90808423504023,38013200,-0.000834236519272964
2017-07-31,135.0305938720703,136.161895313104,134.73834255820842,135.99220657032419,33848600,-0.00425013104236627
2017-08-01,135.34173583984375,135.5302837264284,134.92692185818856,135.4925799032241,20149400,0.002301582454502628
2017-08-02,135.70941162109375,136.24678821178068,134.44612493512778,136.21850674756368,41769700,0.002712964030643766
2017-08-03,135.18142700195312,135.9167735986053,134.93631626482812,135.8413515905798,27112800,-0.0038981405971997255
2017-08-04,135.42657470703125,135.72826282148628,134.87035342944597,135.48315201745237,29472900,0.0018118294403169667
2017-08-07,136.28451538085938,136.28451538085938,135.483183115308,135.67173103747984,17933900,0.00631511599192265
2017-08-08,136.04876708984375,137.142364697214,135.66223466883355,136.0204856332116,30810400,-0.0017313223544646852
2017-08-09,135.86961364746094,135.93561328953948,134.61574991544458,134.92686025965392,36169500,-0.0013177003174228558
2017-08-10,132.95654296875,135.19086446319452,132.82455803627815,135.0965977315882,63331700,-0.021673372453358375
2017-08-11,133.96530151367188,134.2575528480966,132.83398560776038,133.13567368541126,45862500,0.007558492258079231
2017-08-14,135.69058227539062,135.8979893153239,134.9929534913287,135.03065732345974,34161000,0.012796340875481068
2017-08-15,135.7848358154297,136.03938338271638,135.41716238947433,136.02994663763923,25509200,0.0006943799515186844
2017-08-16,136.02049255371094,136.66157250230572,135.567974839295,136.1241960283978,31913000,0.0017340116085498786
2017-08-17,133.23944091796875,135.70002973572383,133.23944091796875,135.49262267941603,70191000,-0.020657737662667264
2017-08-18,133.14511108398438,134.05958339290717,132.59831217043296,133.3148142431532,60751900,-0.0007082230348440849
2017-08-21,132.97544860839844,133.42796648020735,132.1552428832203,133.13571505497066,37111500,-0.0012750799770518179
2017-08-22,135.0023193359375,135.14374101411573,133.644751782989,133.69189234238175,36294200,0.015127444304745547
2017-08-23,134.52159118652344,134.82326503242822,134.2293397033609,134.32360648664323,25702300,-0.003567243130772178
2017-08-24,134.12562561035156,134.974098519513,133.37141947704947,134.82325441579547,38160800,-0.002947850103434116
2017-08-25,133.8427734375,134.98349761014808,133.66364789337766,134.6441200132211,26380400,-0.002111086821470221
2017-08-28,134.25758361816406,134.5686941250642,133.82391050346857,134.24814687277512,15362100,0.00309444206806194
2017-08-29,134.78549194335938,135.0117580004974,132.98482899999394,133.10739157910362,24498300,0.003924345583674044
2017-08-30,136.3693084716797,136.5955745243116,134.81377071751228,134.89861509276963,33642700,0.0116821427327347
2017-08-31,137.83059692382812,137.8400336680139,136.68043618506394,136.75585821214628,38480700,0.010658663681237319
2017-09-01,137.6420135498047,138.1982346726422,137.27434025340466,138.00968684620474,22293600,-0.0013691626413178555
2017-09-05,136.40699768066406,137.52887657710423,135.3793998824348,137.2366253120368,44794300,-0.009013163188176953
2017-09-06,136.8218231201172,137.1329335083125,135.83192904590976,136.75582346870738,30722700,0.0030364714598336484
2017-09-07,137.1424102783203,137.49122461623537,136.64275186471335,137.07641060072405,22721100,0.002340358816588045
2017-09-08,135.9545440673828,137.0292829207293,135.81312235348193,136.96328324385235,27890100,-0.008699281945515672
2017-09-11,137.51950073242188,137.75518919704058,136.98213851343806,137.01984233825286,27126300,0.011445135490649122
2017-09-12,137.84942626953125,138.0285517470241,137.19892401348997,137.90598918131263,30256700,0.0023962449109307337
2017-09-13,138.03799438476562,138.05685348655612,137.38749203315098,137.61375809879775,28450900,0.0013669934218201645
2017-09-14,137.2272491455078,137.91545543335027,137.14240475083182,137.50065581984018,35296400,-0.005890664387982144
2017-09-15,137.69863891601562,138.19829735608272,136.97271435042845,137.19898047594853,46422400,0.0034292167665612174
2017-09-18,137.51817321777344,138.29291597645866,137.10245126184856,137.85830805291477,24858200,-0.0013114440408494006
2017-09-19,137.75433349609375,137.9527370100079,137.29136793568645,137.7637764768824,20871200,0.0017158294453660172
2017-09-20,137.3292236328125,137.85831910394157,136.27101827378408,137.70714485025601,34236200,-0.0030907714451299433
2017-09-21,136.48829650878906,137.24413872127352,136.00643051904922,137.2346957394856,28841800,-0.006142264143071253
2017-09-22,136.3560028076172,136.55440631361122,135.91193764327858,136.05365443327432,21702400,-0.0009697377725732023
2017-09-25,134.91990661621094,135.8930672334917,134.25853742244252,135.81748012323715,54947700,-0.010587815262936947
2017-09-26,135.26950073242188,135.86474028712573,134.79709204882045,135.60963556128564,29628800,0.0025877721464467817
2017-09-27,136.48829650878906,136.99849144389268,135.6474097931489,135.98753013870726,33249400,0.008969780889063332
2017-09-28,136.4410400390625,136.58275683649245,135.84580065632727,136.1575920274379,24149400,-0.0003462908809769414
2017-09-29,137.4237060546875,137.52763655905298,136.35607205541075,136.715092911315,43102400,0.0071763178494112165
2017-10-02,137.54649353027344,138.10393223374822,136.93235368313844,137.63152362061365,27351300,0.000893096662349329
2017-10-03,137.83935546875,137.99997263330084,137.42363367025902,137.72598203889382,19715200,0.0021269215534857502
2017-10-04,137.97166442871094,138.26455547497233,137.4425690655591,137.57484290634704,26381100,0.0009594175762746317
2017-10-05,139.32276916503906,139.39834186432483,138.33070808988597,138.47242492200715,31562400,0.009744987745204265
2017-10-06,139.51171875,139.51171875,138.85034955761876,138.85034955761876,23561100,0.00135528151697072
2017-10-09,139.3511199951172,139.8424146506299,139.17160238696988,139.69125482719394,13704800,-0.0011518119327813144
2017-10-10,139.4550323486328,139.9652273220184,138.8408924839502,139.8235105007355,19223100,0.0007454093638432265
2017-10-11,139.87069702148438,139.899054793829,139.2093280299693,139.3888455598297,12439100,0.002976202590510413
2017-10-12,139.61566162109375,140.1636574053724,139.47393037079138,139.66290537119454,14513500,-0.0018250298327060837
2017-10-13,140.15415954589844,140.3147767164598,139.62506429775183,140.18250290442313,18409900,0.0038495831149435067
2017-10-16,140.63604736328125,140.67383370827392,140.20142510364988,140.50377353065718,21809400,0.003432372487543532
2017-10-17,140.81553649902344,140.8344368780207,140.3714857183254,140.58878961811635,13138200,0.0012754531888685063
2017-10-18,140.64547729492188,140.9761690541806,140.43761637483328,140.95726867505476,17218200,-0.0012084034126302328
2017-10-19,140.1258544921875,140.144754875292,139.14325082227697,139.82352044635664,27680300,-0.0037013992324522104
2017-10-20,140.50376892089844,140.81554590296676,140.33369433209515,140.6927294731952,30173300,0.002693334029140725
2017-10-23,139.58729553222656,140.80610335252504,139.3888775808093,140.7966603707494,29297100,-0.00654413350297726
2017-10-24,139.82354736328125,140.11643848232737,139.3038948536328,139.86133371999614,20289500,0.0016910717201070763
2017-10-25,139.29446411132812,140.0030773737139,138.25517330989322,139.54956892248364,36179100,-0.003791112460616047
2017-10-26,138.850341796875,139.55895469555574,138.81254103555622,139.20936252880549,28230200,-0.00319346385376975
2017-10-27,142.89413452148438,143.15868213971694,140.96669968377392,141.184003566587,60165100,0.028707362681077233
2017-10-30,143.2154083251953,143.79174745591712,142.657969577203,142.79024342277353,31733400,0.0022458107167451914
2017-10-31,143.75396728515625,143.96182827465566,143.26267259794855,143.67839457694737,26319300,0.003753429027706267
2017-11-01,143.70672607421875,144.39643870961083,143.139829892097,144.33029457443016,29481600,-0.00032867945047170856
2017-11-02,143.43270874023438,143.60278334708093,142.45010511398695,143.54608220028703,31017400,-0.0019086017728151775
2017-11-03,144.81214904785156,144.83103501344485,143.46105283601557,143.95236186002572,26199200,0.009571382117410243
2017-11-06,145.30348205566406,145.36018321773167,144.65157006798668,144.6987994112192,28693900,0.00338715618797748
2017-11-07,145.38845825195312,145.57741878637844,144.87824895056363,145.1900403199095,21333100,0.0005846477794989779
2017-11-08,145.97425842285156,146.01204476773913,145.14281466766036,145.31288926157058,17373500,0.004021111327606
2017-11-09,145.20896911621094,145.28455622812663,143.71615609360302,144.77434682688764,40594500,-0.005256422735505919
2017-11-10,145.19949340820312,145.31288127016307,144.61371138567853,144.8688160541313,20150800,-6.525779537419315e-05
2017-11-13,145.37904357910156,145.56801858582853,144.65154458692456,144.65154458692456,12522400,0.001235811809166714
2017-11-14,144.8499298095703,145.02944739315663,144.15077427362414,144.8688301912023,25173800,-0.003646185627524704
2017-11-15,144.169677734375,144.5570563126229,143.40437797822648,144.2263644693832,24808000,-0.0047073161375298395
2017-11-16,146.01210021972656,146.34279213433933,144.86887903893637,144.89722241255782,34790600,0.01269857298693127
2017-11-17,145.45462036132812,146.15379035293043,145.31290353312326,146.04985987332424,28725800,-0.0038253460779316207
2017-11-20,145.34127807617188,145.69085593857764,145.1334170723709,145.5585820649562,21143900,-0.0007795315649554654
2017-11-21,146.91909790039062,146.9852420349285,145.9648375670872,146.03096728485642,20147800,0.010797462010498152
2017-11-22,147.0986328125,147.2403496649445,146.76794093443573,147.05138905609505,17299000,0.0012212524325531068
2017-11-24,147.63711547851562,147.68435921706782,147.1647069265236,147.2497514226235,8280600,0.0036540071455811404
2017-11-27,147.5709991455078,147.92057689228326,147.2308643805922,147.58989952599373,22653400,-0.0004479303300824751
2017-11-28,147.94894409179688,148.04343159268387,147.10805723426927,147.90170034135338,25227300,0.0025578317876462204
2017-11-29,145.36959838867188,147.81667187088763,144.6704283579951,147.7788855201772,71986300,-0.01758778814401455
2017-11-30,146.5884552001953,146.87190338351823,145.64363753363452,145.98377247026735,56595500,0.00834958226112198
2017-12-01,145.96485900878906,146.67347212526303,143.85790562906485,145.69085386369417,59015800,-0.004263134995035856
2017-12-04,144.2830047607422,147.04186856264545,144.14127356623686,146.88125140894962,51319100,-0.011589219299091498
2017-12-05,144.3775634765625,146.02155115768616,143.70675110818945,144.25473258512605,40604200,0.0006551550825248572
2017-12-06,145.0294647216797,145.25622607805656,143.66892541695617,143.839000038431,28647800,0.00450508995409499
2017-12-07,145.5207061767578,145.93642792858734,144.86878019473085,145.0199543620801,32666200,0.0033814602252094797
2017-12-08,146.16323852539062,146.94743864175874,145.93649159221226,146.58840344186845,28081700,0.0044056822434062675
2017-12-11,147.29701232910156,147.34425607778414,146.21992117627119,146.22937857606848,20821500,0.007726971141770641
2017-12-12,147.0986328125,147.53324077117668,146.78684132035178,147.23090668037165,20310300,-0.0013477070731312902
2017-12-13,147.38201904296875,147.8544275750956,147.16470073812013,147.69381040418418,24418500,0.0019246515257404294
2017-12-14,147.27810668945312,148.0150629368005,147.11748949880214,147.63712741459284,24594700,-0.0007053031526743253
2017-12-15,148.95045471191406,149.1110863538334,147.60881575762795,147.85447750402048,49816200,0.01129105027220539
2017-12-18,150.1992645263672,150.32235225870707,149.65959994402485,149.9341636004943,26844500,0.008349110752464401
2017-12-19,149.30926513671875,150.0667024866021,148.89267387193712,149.91521212724228,31415000,-0.005943082891364031
2017-12-20,149.14834594726562,149.85844091538132,148.56133872997077,149.83003827241023,38972600,-0.001078338759477006
2017-12-21,149.16725158691406,149.83000384883698,148.99682132132486,149.35660731218977,18638700,0.00012674925367648442
2017-12-22,148.99685668945312,149.05366197582842,148.59920523790686,148.94005140307783,23330400,-0.0011429606131717254
2017-12-26,148.19204711914062,148.38140283322556,147.65236816473785,148.16364448437363,21918700,-0.005416161420621778
2017-12-27,148.2109832763672,148.60864908564062,148.06897009228095,148.2015205464001,22388200,0.00012777303408162077
2017-12-28,148.39085388183594,148.7127744620466,148.2109609111954,148.68435738260155,25393800,0.0012128760175074073
2017-12-29,147.47244262695312,148.55178585059014,147.4156373699583,148.52338322209272,33186000,-0.006208368632696675
2018-01-02,150.0572509765625,150.09511634577575,147.86068394235434,148.2299326915804,32573300,0.017375565777393617
2018-01-03,151.5153045654297,151.6478550267392,150.17086004445693,150.19926268281492,29383600,0.009669745626422926
2018-01-04,151.78041076660156,152.23486744305097,151.56265238264498,152.03604896763068,24776100,0.0017481702199291893
2018-01-05,153.30471801757812,153.40886582354656,152.21591186629269,152.49995265047153,26992300,0.009992751473546361
2018-01-08,153.90127563476562,153.97702084314014,153.24798585359156,153.30479114814213,23159100,0.003883767760846823
2018-01-09,153.91062927246094,154.36508575365644,153.4467100645215,154.2041327175437,24782400,6.077502233718737e-05
2018-01-10,153.55087280273438,153.57928988222977,152.54727459308208,153.22896666886737,34004000,-0.0023401735272846782
2018-01-11,154.60182189941406,154.6112990753957,153.57929817742095,153.81599642632787,20473500,0.006820989655069422
2018-01-12,155.7379913330078,155.8989444151264,154.27045924121256,154.46927768804107,37762700,0.007322131813731871
2018-01-16,155.29298400878906,157.5652813144813,154.82905026148993,156.7699787021804,41231800,-0.0028615003851616533
2018-01-17,156.9688262939453,157.2055245758842,155.27407295190625,156.03151034349398,33849900,0.010733674881543795
2018-01-18,156.9972381591797,157.357009711862,156.35341134131488,156.7226600709863,26432200,0.00018098685513298702
2018-01-19,157.48956298828125,157.74520117399135,156.73212560830981,157.4611603506375,38937600,0.0031309754781047804
2018-01-22,159.17481994628906,159.17481994628906,157.25283148822055,157.43272445323709,26081400,0.010643905405290604
2018-01-23,160.49087524414062,160.63290286141776,159.59142478904369,159.6671699622086,37989700,0.008233994158332276
2018-01-24,159.4494171142578,161.18205008697086,158.5310267224878,160.83172684314468,54287400,-0.006510351045137404
2018-01-25,159.39254760742188,160.6044410375954,158.88127148871507,160.54763579038556,28925000,-0.0003567253607199332
2018-01-26,161.83534240722656,161.85428231492003,159.9701732365444,160.28260225544508,32038200,0.015209400962346846
2018-01-29,161.0495147705078,161.81641488277137,160.70866867095552,161.49450869067098,37277800,-0.004867550588412664
2018-01-30,159.72401428222656,160.40570656046702,158.89084606753565,159.58200107714234,44987700,-0.008264447734294226
2018-01-31,160.3867645263672,160.94538350177467,159.38316603195054,160.62346282965103,42449200,0.004140761479894241
2018-02-01,159.02334594726562,160.69915902176442,158.51206967779103,159.1558963788121,38037900,-0.0085371553073788
2018-02-02,155.8516082763672,158.7771954037756,155.71905782406466,158.39848395345868,68478100,-0.02014669575231895
2018-02-05,149.70693969726562,156.93097660692078,149.59332913359566,154.3935777055045,105372200,-0.040224677832203536
2018-02-06,153.6740264892578,153.86338227007374,146.847654518825,147.5198697077596,118537900,0.02615400019136639
2018-02-07,151.68572998046875,154.84801548957472,151.67625280337535,153.18165037576267,91028300,-0.013022833342488124
2018-02-08,145.28541564941406,152.24435154392032,145.28541564941406,152.07392125317836,94184800,-0.043110623082445745
2018-02-09,147.79441833496094,148.8737619615305,142.1420620032916,147.339947215519,113836600,0.017122051333544115
2018-02-12,150.41702270507812,151.4395610379046,148.13526219949108,149.30927645624536,63050600,0.017589345176295644
2018-02-13,151.19337463378906,151.49634087769093,149.3281912908301,149.55542680894234,31785600,0.0051480562352258265
2018-02-14,154.0242462158203,154.26094441650622,149.59326283349762,150.30335743555534,52107400,0.01855038875488395
2018-02-15,156.88363647460938,156.88363647460938,153.79709572301584,155.40664133646132,51633900,0.018394328614617532
2018-02-16,156.18299865722656,157.88721470724101,155.91788329377826,156.37235439090412,62256300,-0.00447597353721203
2018-02-20,156.49542236328125,157.8114641710341,155.5675691868948,155.63385163723748,36785600,0.0019983714194710942
2018-02-21,156.05039978027344,158.79609318396643,155.95571471935494,157.26229343608807,41161800,-0.0028477288910817087
2018-02-22,156.031494140625,157.56529422530033,155.6338428018912,156.73211173638282,37074400,-0.0001211581962287678
2018-02-23,159.2222137451172,159.2222137451172,156.64693503627942,157.29076193694786,50096900,0.020242924861010196
2018-02-26,161.33351135253906,161.33351135253906,159.83759121918314,159.97014165303418,39266700,0.013172924221506496
2018-02-27,159.33578491210938,161.6459621044509,159.26005418667816,161.38086122469835,42209900,-0.012459891290092628
2018-02-28,158.31326293945312,160.76545332752212,158.20911513219966,160.24471429125478,42936300,-0.0064380832332956795
2018-03-01,155.7285614013672,159.12756040359994,154.32731133134888,158.39852550125303,76809900,-0.016461246259338782
2018-03-02,157.15821838378906,157.43278207246712,153.34264270282299,153.853904706434,57445100,0.00913855761497101
2018-03-05,158.9003448486328,159.307459093515,155.8327289006005,156.41975065760187,38540200,0.0110241854595761
2018-03-06,159.572509765625,160.11218879098223,158.56891134680296,159.67665758910184,29480900,0.004221181839061138
2018-03-07,159.94178771972656,160.0743526528289,158.07661818091043,158.35118188553227,34609400,0.0023114966774844836
2018-03-08,160.82223510742188,160.93584562713653,159.9606501411526,160.60447679566468,25828400,0.005489702935463223
2018-03-09,163.94671630859375,163.94671630859375,161.73122365637659,161.96792195973956,38310500,0.01924184925865126
2018-03-12,164.8177490234375,165.19646049487721,164.06031163364145,164.429560374716,37635000,0.005298837585815408
2018-03-13,162.57386779785156,165.88764401964545,162.15727647560493,165.19647457731904,55638900,-0.013707842513670035
2018-03-14,162.54541015625,163.54902283986516,161.8353154287449,163.42593513075172,40536400,-0.0001750597002633682
2018-03-15,162.4034423828125,163.35023561745697,161.80695802197263,162.6590806013036,28810400,-0.0008737854056778903
2018-03-16,161.92054748535156,163.0377563224348,161.84480230957922,162.67798479616,31176700,-0.0029778571391018776
2018-03-19,158.4657440185547,160.47619639012854,157.08117764073106,160.3624015676919,71395100,-0.021567323409494053
2018-03-20,158.98741149902344,159.3572593708026,158.0011553310649,158.53221745768548,34075700,0.0032865822309398715
2018-03-21,158.29505920410156,160.03998091771751,157.60278315463395,158.57008269015287,43863500,-0.004364271321485552
2018-03-22,154.38803100585938,157.20457051417605,154.18887546259037,156.10450492452298,66607300,-0.024991639608494837
2018-03-23,150.3196563720703,154.86216134617078,150.24378829958258,154.20781188252477,80110400,-0.02670504606730848
2018-03-26,155.9053192138672,156.09499663565293,150.9360833227626,153.36380382992144,57481500,0.0364848257513935
2018-03-27,150.8602294921875,157.062296858714,149.5325597661083,157.062296858714,78889100,-0.032895119227327504
2018-03-28,149.124755859375,151.52402740333153,147.9772712438351,149.99721692350883,89369700,-0.011570532388040422
2018-03-29,151.85594177246094,153.35430347071113,148.53678995832982,149.93083487789318,68692600,0.018149076686382905
2018-04-02,147.47467041015625,151.48611339180113,145.92890363589106,150.77486648346974,85549400,-0.029275884948457766
2018-04-03,149.13426208496094,149.76016290246207,146.45998095528037,148.76441423286607,64090000,0.01119055302764589
2018-04-04,151.48609924316406,151.95077125217992,146.0806116684279,146.2513184350684,65768700,0.015646878541140205
2018-04-05,152.34902954101562,153.230982928381,151.23948648234338,152.99390070720273,43054900,0.005680268911234541
2018-04-06,148.5367889404297,152.1688910657311,147.82554212798996,150.67052937774895,59870900,-0.025341470946844556
2018-04-09,149.57994079589844,152.5671860613218,149.32390236456325,149.81702306440727,41810400,0.006998306427578272
2018-04-10,152.88015747070312,153.37327823853667,150.8507335512727,151.93182826591593,48296800,0.021823358998447707
2018-04-11,151.9982147216797,153.629342228899,151.8275223983075,151.9223466433955,41622100,-0.005785554434441193
2018-04-12,153.8284912109375,154.35955326601922,152.83274262248142,152.91808878054334,30467900,0.011969512835603408
2018-04-13,153.0318603515625,154.82420174967174,152.36803288380975,154.59661202950136,44604900,-0.005192151054887196
2018-04-16,154.19827270507812,154.75778323884242,153.13613458143377,154.10343403445557,28180800,0.007593122107391023
2018-04-17,157.5174560546875,157.85885508079815,155.44061318504376,155.75356349817457,35536100,0.021297024804218783
2018-04-18,157.8398895263672,158.3709514795451,156.76827306847767,157.51746112198816,29573900,0.0020448775876196375
2018-04-19,156.38894653320312,157.4131436398786,155.84839203092181,157.04329589055297,34705700,-0.009235010531610353
2018-04-20,153.91383361816406,156.10447177716878,153.37327902290036,155.99067690252605,49197100,-0.015953227410698104
2018-04-23,153.5250244140625,155.26994679198245,152.69998258251087,154.66301664008176,33040600,-0.002529344624012538
2018-04-24,150.2722625732422,154.49232493297612,149.25754330801686,154.25524261534662,70256800,-0.021414846595014494
2018-04-25,150.45240783691406,151.07830852374502,148.38505731843796,150.53776845446654,52089300,0.001198074537578196
2018-04-26,153.61984252929688,154.1319338977122,151.90335463156612,152.396489835845,43005500,0.020834188322211147
2018-04-27,153.7146453857422,155.91477562938294,152.84218443509744,155.87683436567752,51043400,0.0006169360301563903
2018-04-30,152.62403869628906,155.03278747043043,152.24469849579697,154.07498059609236,35615300,-0.007120297590928155
2018-05-01,154.3690185546875,154.38798918946975,151.86543016654926,152.2257998756392,36513500,0.01136832648431395
2018-05-02,153.4586181640625,155.11819404857624,153.27843332420161,154.63453695834895,38646800,-0.0059150182531330225
2018-05-03,153.439697265625,154.00868621395983,150.9930057178186,152.68103086415388,60337100,-0.0001233040229300837
2018-05-04,156.35101318359375,156.7113828700259,152.66201358471108,152.77582291589437,41543200,0.01879592595943649
2018-05-07,157.6502227783203,158.16231408633664,156.95793216942724,157.0812195735443,32500200,0.00827523499926097
2018-05-08,157.48904418945312,157.8304288250851,156.34155943949625,157.31833740128124,26040200,-0.0010229039654238593
2018-05-09,159.2055206298828,159.31931551044775,157.21402339785976,157.77353418777884,29122700,0.010840054988077668
2018-05-10,160.85557556152344,160.9693848921258,159.59429613580258,159.7175835479745,27067600,0.010310966063601379
2018-05-11,160.70387268066406,161.08319857271485,160.0021038629794,160.66593140924584,24688800,-0.0009435449211239485
2018-05-14,160.97885131835938,161.99357031662134,160.71332035010164,161.0736900086025,21821700,0.0017096268102499924
2018-05-15,159.1959991455078,159.79345110061075,158.351986837203,159.70810495569702,49361600,-0.011136855986210028
2018-05-16,160.2486572265625,160.61850501973626,159.328776784759,159.40464485391703,22941200,0.006590574425313854
2018-05-17,159.6322479248047,160.84610808198119,158.85461107423765,159.68914535867944,27480200,-0.0038539972521441958
2018-05-18,158.80722045898438,159.5658722726055,158.5701381496388,159.01583957848112,26217900,-0.005181702607460611
2018-05-21,159.69862365722656,160.74179151419202,159.01582550909544,160.0400227312921,22954600,0.005597420217530472
2018-05-22,159.489990234375,160.69437231211054,159.20550306435084,160.4288413065183,19477700,-0.001307273777846488
2018-05-23,160.8365936279297,160.8555497880315,158.25713775966346,158.2760939197653,26557800,0.008407740062877707
2018-05-24,160.78921508789062,161.0737167354747,159.1675658259098,160.78921508789062,27696500,-0.000294619020599952
2018-05-25,160.95042419433594,161.52890555356723,160.46678153806891,160.77023934091653,27460500,0.0010021091606602897
2018-05-29,160.23915100097656,161.14006064967222,159.28134392799413,160.22018036943027,41220500,-0.004429000260195956
2018-05-30,161.3866424560547,161.6711440857028,160.4762546056055,160.81765366711244,22665800,0.007135598868610545
2018-05-31,161.28231811523438,162.353920033033,160.86505104479156,161.38662041249307,35670900,-0.0006466339016355943
2018-06-01,163.81442260742188,163.90924686337894,162.04103682376441,162.08845618692195,45543300,0.015577859635096596
2018-06-04,165.29373168945312,165.33165847884885,164.12729118338703,164.23159347181294,20459600,0.008989865644863919
2018-06-05,165.8058624267578,166.08088597920042,165.07565941174363,165.6825894790961,24779300,0.003093517206443239
2018-06-06,166.7731475830078,166.80159629692582,165.14202045672715,165.97655465259714,25036600,0.005816890751219379
2018-06-07,165.41709899902344,166.8395931738626,164.58257892296194,166.80166636282485,39600300,-0.008164334325686655
2018-06-08,165.426513671875,165.84378074863625,164.23160986654014,164.63939886259396,31780300,5.691313051567578e-05
2018-06-11,165.87225341796875,166.28002800256507,165.2748014290116,165.30325014559486,22319700,0.0026908643154132687
2018-06-12,166.7447052001953,166.90591940863624,165.91966352454074,166.09983389607814,22511800,0.005245996997315971
2018-06-13,166.7352294921875,167.9870163809881,166.36536725123887,167.00076048285288,37858600,-5.6829254324416704e-05
2018-06-14,168.42323303222656,168.69824207011848,167.38006536363258,167.50335276183512,35916000,0.010072953551515143
2018-06-15,167.83526611328125,168.1671870588284,167.01022449538445,167.78784676815272,49615700,-0.0034971161750073886
2018-06-18,167.7383575439453,167.8809055883527,166.25579987680038,166.77850020850585,31633200,-0.0005775696610105279
2018-06-19,167.26319885253906,167.30120683532996,165.08688292987196,165.61908169691742,38236000,-0.002836757029778572
2018-06-20,168.45114135742188,169.14489940249942,167.88092012775402,168.03298105584255,33038000,0.007077132674109798
2018-06-21,166.98756408691406,169.049841102789,166.66443104883214,168.87876896482499,43469400,-0.008726402376176234
2018-06-22,166.61697387695312,167.61483938781103,166.01824296937448,167.54832178770778,30073200,-0.0022217345403160293
2018-06-25,162.86305236816406,165.3530033468988,161.3804943281424,165.10590067267472,77799700,-0.022787930412170854
2018-06-26,163.52825927734375,164.4691052867466,162.862996460954,163.46172719517452,39008100,0.0040761368729711174
2018-06-27,161.30441284179688,164.963300425591,161.19037441365197,164.2220216399969,52843500,-0.01369247228444125
2018-06-28,162.6919708251953,163.24318082362268,160.7722414515453,161.10487292516945,46407700,0.008565320704099787
2018-06-29,163.12908935546875,164.33604914463746,162.89149964507553,163.47121911848802,36408500,0.0026831831698226937
2018-07-02,164.22206115722656,164.26958201416406,161.24743242916057,161.59906066810476,31770000,0.006677696788252546
2018-07-03,162.3212890625,164.83973413041227,162.15972980355136,164.83973413041227,25512700,-0.011641906421717736
2018-07-05,164.3360595703125,164.46910923652052,162.53988182584095,163.37620229990637,31626200,0.012335837939271486
2018-07-06,166.89256286621094,167.01611419018047,164.4121250242315,164.7162468982091,37005600,0.015436794342464333
2018-07-09,168.39407348632812,168.43208145670576,167.09208660636367,167.75733484790302,27362100,0.008956638858079048
2018-07-10,168.5176239013672,168.89776160848643,167.93790447214974,168.7076927549268,23902500,0.0007334290945393558
2018-07-11,167.6623077392578,168.2800496968358,167.07308988859677,167.19662667905212,30280600,-0.005088453694706689
2018-07-12,170.5514373779297,170.5514373779297,168.2895782530866,168.40361669590965,27930100,0.017085053211997638
2018-07-13,170.6939697265625,170.96956743847082,170.06672934608991,170.54190881590372,28049800,0.0008353657160159045
2018-07-16,170.28530883789062,171.01708928605575,170.000212755396,170.73197870223444,21405300,-0.0023969848611153717
2018-07-17,171.32119750976562,171.68232401936834,168.47961926874322,168.47961926874322,31034100,0.006064825041705304
2018-07-18,170.99807739257812,171.48276973361803,170.47539157578655,171.34020719158946,23220800,-0.0018878295021141664
2018-07-19,170.14273071289062,170.95054147399696,169.94316349043083,170.3803204071779,31094100,-0.00501463590273332
2018-07-20,170.1047821044922,171.22619889223753,169.91469868166897,170.65599212775538,35897300,-0.0002230647227459101
2018-07-23,170.64646911621094,170.72249958055676,168.91682318166056,169.60108285944463,22184700,0.003179371850154339
2018-07-24,171.34970092773438,173.01282888973145,170.64643016904148,172.40459981511123,36900300,0.004112518585037105
2018-07-25,173.7446746826172,173.84920027260466,171.3402525823044,171.42579593071397,35026600,0.013880331735614886
2018-07-26,171.11209106445312,171.93889851346506,170.8839997503394,171.38768871368268,40873500,-0.01526798961141683
2018-07-27,168.80274963378906,172.30957642912713,167.83339395966874,172.1955379971898,59456100,-0.01358797372622116
2018-07-30,166.41738891601562,168.90732521237402,165.619090721946,168.81229799955406,60193000,-0.014231847704385818
2018-07-31,167.6907958984375,168.33704737895636,166.141721021214,167.0730685211876,47285100,0.007622759371913046
2018-08-01,168.32757568359375,168.83126477626385,167.3582199776968,168.08048757252087,37101900,0.0037901531660327037
2018-08-02,170.61793518066406,170.81751693378456,167.0635876111949,167.13961806470147,47178200,0.013514823384976195
2018-08-03,171.14065551757812,171.15015388738092,170.19029648949385,170.94107374109615,28934400,0.0030590057353624247
2018-08-06,172.14801025390625,172.19553109908531,170.81751359684836,171.02659371457545,24808800,0.005868866223544769
2018-08-07,172.77528381347656,173.09840242067412,172.26208178902985,172.6327212505397,29895700,0.003637181146536179
2018-08-08,172.98435974121094,173.29797997040825,172.0720086652435,172.5376898239901,22680700,0.0012093716378662365
2018-08-09,172.8798370361328,173.56409678653213,172.6232360044006,172.8798370361328,18852900,-0.0006044147340720946
2018-08-10,171.5587921142578,172.2240404417664,170.91254052373094,171.71083851674123,33818500,-0.007670750535132359
2018-08-13,171.36868286132812,172.97477683744975,171.29265242733592,171.87237179786922,26089200,-0.0011087433132531805
2018-08-14,172.442626953125,172.64220871132906,171.10261736592713,172.02446669885106,20913000,0.0062473080671788484
2018-08-15,170.3328399658203,171.61583041978747,169.27794089294196,171.07411882769944,58528000,-0.012310178726516512
2018-08-16,170.89353942871094,172.00545756947528,170.56090802277626,171.64431655746912,27711800,0.003286381132250092
2018-08-17,170.93154907226562,171.35920766883967,169.42048193041867,170.4468712629918,36092600,0.00022239235790473574
2018-08-20,170.7794647216797,171.37819537546903,170.1142164959825,171.31166330223746,24939000,-0.0008901343795696721
2018-08-21,171.40675354003906,172.43314302247376,171.18817502566702,171.29271509798892,26258700,0.0036663634451753893
2018-08-22,172.072021484375,172.2716032819431,170.82705334626445,171.04563188544515,18042400,0.003873711126318783
2018-08-23,171.8249053955078,173.01285411298045,171.53979480304895,171.76788617728147,25776200,-0.0014371523098049678
2018-08-24,173.4215087890625,173.56407134193836,172.35711133396256,172.39511931393284,23136100,0.009249131692140034
2018-08-27,175.18917846679688,175.18917846679688,174.02024093123205,174.29583866676296,29343600,0.010141311739269934
2018-08-28,175.44573974609375,175.83539033685028,175.07510039182705,175.65481984350825,20277000,0.0014634100128503595
2018-08-29,177.46995544433594,177.5649825956504,175.68327678430944,175.74979434009754,29175600,0.011471509620712857
2018-08-30,177.15643310546875,178.21133222574997,176.56720063651025,177.1279234942175,29315500,-0.001768184380380089
2018-08-31,177.38449096679688,177.88818004664083,176.74775221494372,176.9378211033388,28653200,0.00128649686001284
2018-09-04,176.6241912841797,177.1468770305292,175.67383247070833,176.8427697509072,29063500,-0.004295379688211871
2018-09-05,174.34335327148438,176.33911294479086,173.7446369705543,176.31060333528595,42623300,-0.012997612787806333
2018-09-06,172.78475952148438,174.62845821688447,171.6158220656286,174.4193780863962,46091400,-0.008979994223077869
2018-09-07,172.1195068359375,173.6020644503461,171.4827680913557,171.5397873070904,46629500,-0.003857612534347177
2018-09-10,172.69918823242188,173.20287719529824,171.75832787656364,173.1078355225081,26132000,0.003362241960005312
2018-09-11,174.02969360351562,174.31480413524167,171.55876949831267,172.0054392810412,30116500,0.007674652856370066
2018-09-12,173.51649475097656,173.89663243387557,172.02442461788567,173.7730956626611,36204000,-0.002953272069942581
2018-09-13,175.36973571777344,175.70236715049,174.52391683312533,174.5999472892127,31133200,0.010623855203332531
2018-09-14,174.85650634765625,175.76884259933814,174.16273404017358,175.49324495075095,31224100,-0.0029308468404379874
2018-09-17,172.3380584716797,174.68544582910246,172.176499218501,174.56189454671465,33071200,-0.01450766977950907
2018-09-18,173.763671875,174.60949097918564,172.39515231287254,172.48069566150338,31877300,0.008238164337406671
2018-09-19,173.630615234375,174.20083652960201,172.49968551635038,173.7921745510457,31843400,-0.0007660266853469611
2018-09-20,175.55030822753906,175.7878979675069,174.40988037595886,174.82804063851455,33295800,0.010995516680700259
2018-09-21,174.59043884277344,176.2725636446367,174.3718458561419,176.0254755526097,38605400,-0.005482776839519445
2018-09-24,175.07598876953125,175.14264058066502,172.61013325117406,173.32418508658094,34945600,0.0027772196613698222
2018-09-25,175.31398010253906,175.4472691776588,174.39998749641833,174.9997955981669,25277500,0.0013584371172043288
2018-09-26,175.43780517578125,177.07536545180778,175.09505966388213,175.46636609115419,36210600,0.0007060552994077566
2018-09-27,176.92303466796875,177.5514038744574,176.05664814333358,176.15186088156187,33113300,0.008430211989042348
2018-09-28,176.88490295410156,177.35142201991485,176.10421388494765,176.42791387636706,28076800,-0.00021555035916445155
2018-10-01,177.24671936035156,178.54153403985828,176.79924567885433,177.91316488787203,27371300,0.0020434014323940483
2018-10-02,176.8468475341797,178.20829946800947,176.43746476607902,177.09438028739714,25618600,-0.0022585668509135094
2018-10-03,177.0372772216797,178.00839194130631,176.76118352642777,177.5894791396076,29128700,0.0010762263269763802
2018-10-04,173.6383514404297,176.4374366662725,172.38161336865528,176.32317850593466,80557300,-0.019385619908728013
2018-10-05,171.51527404785156,174.20011637600757,169.87771373296724,173.61935353727043,83325600,-0.012302372119258404
2018-10-08,170.46800231933594,171.98178894204224,168.44960562830366,170.9154760295584,66864500,-0.006124714713662849
2018-10-09,171.02017211914062,172.34354754864228,170.1823466866776,170.59172941463584,49097900,0.0032339057241749817
2018-10-10,163.4988250732422,170.0585806953768,163.2798532444409,169.95385251161585,114471100,-0.04497571093916409
2018-10-11,161.470947265625,165.0887987187315,159.7667352080754,162.8228838293248,143084500,-0.012480570827207048
2018-10-12,165.9646759033203,166.47878677388903,162.73714803046397,165.8218568361367,102078400,0.027449736561278866
2018-10-15,163.95582580566406,165.69809947137276,163.33697217533367,165.38392945307362,64885300,-0.012177933251026401
2018-10-16,168.72567749023438,169.13506020684252,165.37439038071759,165.6790594485922,71979700,0.028677149275064793
2018-10-17,168.7923583984375,169.71586677393614,167.05959984113684,169.5445012745279,66987600,0.0003951250124757529
2018-10-18,164.8792724609375,168.21151335491683,164.1747508266147,168.15439154969255,82486200,-0.023455786949996726
2018-10-19,164.72702026367188,167.63083428577764,164.12721200720088,166.2122459202444,82923700,-0.0009238428479980271
2018-10-22,165.5743408203125,166.85010992890815,164.3176026339909,165.71714537447562,52909300,0.0051306020207290415
2018-10-23,164.9650115966797,165.78379157683545,160.72830714656826,162.46106529729448,77567000,-0.003686882723040599
2018-10-24,157.41513061523438,165.05073027682008,157.12950692693505,164.77463657883274,102997400,-0.046846940689889566
2018-10-25,162.8609619140625,163.8320766068038,159.14789768802768,159.86194961822082,83481100,0.03401038261227946
2018-10-26,158.6718292236328,161.81365995182347,156.35829390901748,157.2818020372794,130970900,-0.026058740250053464
2018-10-29,155.40623474121094,161.7184575073842,152.41673835569682,161.09961840488236,111871900,-0.02079554442917553
2018-10-30,157.96726989746094,158.0815135165082,154.24467701770706,154.949213232475,92584000,0.016345301291648337
2018-10-31,161.68035888671875,163.04181053584207,160.46169724420298,160.53786450482394,73828600,0.023233433807480268
2018-11-01,163.81301879882812,163.9843988034086,160.6902330885115,161.91841045116647,52706800,0.01310435527926002
2018-11-02,161.261474609375,164.27953202168183,160.15707092705455,163.30841743706063,75966800,-0.015698534594618896
2018-11-05,160.86160278320312,161.5280482529188,159.0717082124624,161.47092643086057,39573500,-0.0024827282466530222
2018-11-06,162.0802459716797,162.98470869533497,160.63309689737844,160.87111416820463,34410400,0.007547172827827258
2018-11-07,167.16429138183594,167.16429138183594,163.63210869088113,164.0224605015983,51169600,0.030885551457697176
2018-11-08,166.0979766845703,166.89771121842776,165.30775761156076,166.38358578421858,40296500,-0.006399274315163807
2018-11-09,163.29885864257812,164.94593374009796,162.00404438248265,164.5460665531091,50602700,-0.01699582461301023
2018-11-12,158.35765075683594,162.4610661397075,158.21483167934176,162.15641159041132,62578400,-0.030725923321874227
2018-11-13,158.49095153808594,161.35667443118766,158.04347787828496,159.1002752090499,64128100,0.0008414162988192469
2018-11-14,157.2818145751953,160.61405647097243,156.37735182325446,160.06185464209588,75270700,-0.0076583100398153305
2018-11-15,160.03330993652344,160.4617381753091,155.62523937523443,156.9962068338639,73254300,0.017342787109023625
2018-11-16,159.47157287597656,160.24274651594462,157.83401287589223,158.47189742410555,65390700,-0.0035163008114039765
2018-11-19,154.29232788085938,158.90033919246005,153.7972478431284,158.70992826330897,67280500,-0.03301664381907196
2018-11-20,151.53134155273438,153.64493639742926,149.5986421854341,150.7791987285593,102652800,-0.01805655754939922
2018-11-21,152.6833038330078,154.20662007342565,151.5979457331217,153.6163419307884,42965800,0.007573388091313578
2018-11-23,151.57887268066406,153.1307348706751,151.46461455156793,151.46461455156793,23503700,-0.007259765348909483
2018-11-26,155.08251953125,155.15868679488534,153.05460790329147,153.70202238048194,42012600,0.022851258094005584
2018-11-27,155.6061553955078,155.9965071613296,153.4544702172646,154.23517374890815,36608100,0.003370810733239449
2018-11-28,160.61402893066406,160.61402893066406,155.63471239073593,156.72958587207154,70141000,0.031675980880637195
2018-11-29,160.0904541015625,161.14725165264412,158.8242146603999,159.93813404763316,44885700,-0.0032651573143895386
2018-11-30,161.251953125,161.3471658544162,159.50966477412817,160.3094139299248,36722800,0.007229074380435671
2018-12-03,164.070068359375,165.00309200180993,161.38522654690811,164.81268108890382,50771700,0.01732551466869603
2018-12-04,157.77688598632812,163.6701957996208,157.58647507956982,163.21319219049573,70594700,-0.03911166163053964
2018-12-06,158.8908233642578,158.9098688153558,154.01623385760004,154.5969966329966,71715500,0.007035399819638538
2018-12-07,153.64495849609375,159.10982734381093,153.14987835950515,158.1958488904134,80432200,-0.03357284443543561
2018-12-10,155.2539520263672,155.9299131127408,151.76937480522503,153.3593288369929,73960800,0.010417699948028271
2018-12-11,155.76803588867188,157.82450876138103,154.4541757987595,157.78641785961466,59058300,0.0033057748355101364
2018-12-12,157.1390380859375,159.56681766340148,157.05335533703771,158.04350099942525,53780000,0.008763055134809149
2018-12-13,157.18666076660156,158.8242212657047,156.1679395547786,158.16729106778908,46378500,0.0003030148740766767
2018-12-14,153.3592987060547,155.9584433887387,152.9975077843354,155.3872106215959,56547400,-0.024650495354363332
2018-12-17,149.88424682617188,153.92102545443825,148.68464486689876,152.702378043532,74834100,-0.022920217499632925
2018-12-18,150.8267822265625,152.28344675982314,149.5129222446328,151.04575404774369,63642100,0.006268732410154307
2018-12-19,147.12326049804688,153.0165714982704,145.9902957626341,150.59830746038915,81856500,-0.024861298558824418
2018-12-20,144.99061584472656,148.39902541261333,143.18169012867574,146.7614651838538,99002100,-0.014601720203722161
2018-12-21,140.4969024658203,146.70438511857574,139.68763758343397,145.71423923502985,141129400,-0.03148357998986785
2018-12-24,137.01283264160156,141.29030236182734,136.97464732160364,139.47620099765257,56163300,-0.025110851665890048
2018-12-26,145.56777954101562,145.6441501772813,137.57615044806383,138.52140097296882,98982100,0.060567226553953454
2018-12-27,146.1310577392578,146.25517091060647,140.43094290299098,143.57220516546255,85824300,0.003862057892481263
2018-12-28,146.05470275878906,148.55625603731846,144.86121137491256,147.18135163205488,77856600,-0.0005226468399875812
2018-12-31,147.28639221191406,147.9738444740807,145.80647442293244,147.48690519212428,53015300,0.008397709783041819
2019-01-02,147.8782958984375,148.70896087334498,144.0591251536967,144.1641529319363,58576700,0.004010672711120107
2019-01-03,143.04708862304688,146.33156417582867,142.73200519716977,145.7014118930589,74820200,-0.03321574333311489
2019-01-04,149.16732788085938,149.9025226764872,144.8803160150912,145.453183156539,74709300,0.04189481463206112
2019-01-07,150.94322204589844,151.6784167360542,149.05273598305433,149.53967516877606,52059300,0.011835071405441554
2019-01-08,152.30860900878906,152.87193347680324,150.09348188380213,152.32769438232393,49388700,0.009005031790243758
2019-01-09,153.5498046875,154.218156819009,152.26082841538826,152.90053792476,46491700,0.008116189952705103
2019-01-10,153.989013671875,154.07494154520555,151.5256459868379,152.38496842709827,38943400,0.0028562851695943044
2019-01-11,153.42568969726562,153.58800275919504,152.5663672547756,153.08196363406662,30176600,-0.0036649164725340204
2019-01-14,152.06985473632812,152.7286641054348,151.42058805047586,152.12713997381877,30710200,-0.00887635769349787
2019-01-15,155.0392303466797,155.24928588866442,152.68089140901589,152.76681924828804,40874200,0.019338197996158244
2019-01-16,155.01065063476562,156.3759976427261,154.95335081635352,155.2970768819006,33812200,-0.00018435557468715283
2019-01-17,156.23280334472656,156.92979824504928,154.26593184281046,154.51417280990142,39329000,0.007853395634624422
2019-01-18,157.779541015625,158.51473569452943,156.41419403807296,157.33078714646118,57183200,0.009851524681917115
2019-01-22,154.61917114257812,156.71971269824772,153.49250789671987,156.6433275147163,56711700,-0.020233615379202985
2019-01-23,154.8196563720703,156.11817524401582,153.072398259532,155.41163785199,38106100,0.001295798973614681
2019-01-24,155.8222198486328,156.0513754210594,154.73375637533113,155.32572339286796,32417800,0.006454808795931179
2019-01-25,157.68405151367188,158.1614479936636,156.53830287548863,157.07298460204183,36515900,0.011877616007387624
2019-01-28,155.73626708984375,155.74580977380063,154.43774819153273,155.6503392272823,33491200,-0.012429376043291442
2019-01-29,154.26593017578125,155.86043292533694,153.71214842226706,155.82223304220537,30784200,-0.009486048503645065
2019-01-30,158.19009399414062,158.76297560995488,155.52622798926913,156.01316716442196,41346500,0.025119503896829227
2019-01-31,160.55801391601562,161.35049395073642,158.94441121860712,159.16400955601583,37258400,0.014857898285323254
2019-02-01,159.88006591796875,160.97808647874677,159.44086934884416,159.76549543367247,32143700,-0.004231388541167708
2019-02-04,161.8660430908203,161.8660430908203,159.76550157375559,159.9087146846299,26718800,0.012345152525870711
2019-02-05,163.2982177734375,163.4891734270724,162.01879886820296,162.08562679093305,28156400,0.00880898743291877
2019-02-06,162.81138610839844,163.62295181413384,162.07619105932702,163.33652542916377,27970000,-0.00298569573477246
2019-02-07,160.62478637695312,161.7896347418811,159.40265277587818,161.3886235198704,42036200,-0.013521264663911984
2019-02-08,160.9398956298828,160.96853825256312,159.0398670034973,159.22126542414452,29020700,0.0019598505148309387
2019-02-11,160.78713989257812,161.91380324012394,160.38612856958278,161.5223346025623,21434100,-0.0009495984602936696
2019-02-12,163.16456604003906,163.40326427665735,161.67509137457841,161.9615321723172,29722100,0.01467792134917015
2019-02-13,163.2790985107422,164.37711888489432,163.097700131099,163.89016527143403,26094100,0.0007016982581677644
2019-02-14,163.4796142578125,164.06203841250434,162.15245293075813,162.69667721718565,30326800,0.0012273017636814261
2019-02-15,164.16708374023438,164.75905064076144,163.40324655211333,164.72086533739756,32521700,0.004196413365231448
2019-02-19,164.49171447753906,164.98821084925265,163.6324067221351,163.66104934271635,19487700,0.001975488528767109
2019-02-20,164.46311950683594,165.25559956681644,163.5751688735849,164.6063326512354,32593000,-0.00017385347665386781
2019-02-21,163.861572265625,164.47263921132222,162.99272169602946,164.02388532959307,25207400,-0.0036643476984129274
2019-02-22,165.07420349121094,165.188774018497,164.12895293413467,164.21489539858794,27735400,0.007373091092084099
2019-02-25,165.6756591796875,166.76412244440644,165.56107413093946,166.33446857630366,32608800,0.0036369257818310084
2019-02-26,165.84759521484375,166.37273444971683,164.99782975077264,165.27472796961015,21939700,0.0010372488101056895
2019-02-27,165.7424774169922,165.94299031384597,163.99520485777023,165.08366805887778,25162000,-0.0006340226083281454
2019-02-28,165.3605499267578,165.95251673826425,164.8926962592567,165.22687953161184,25085500,-0.002307001918353935
2019-03-01,166.50637817382812,166.75461914997274,165.35107204275877,166.5541207455064,31431200,0.006905375035613308
2019-03-04,166.53501892089844,167.84308086997248,164.67317519838758,167.60438258326627,38063500,0.00017199511766862802
2019-03-05,166.65907287597656,167.17465453654785,165.83795055063655,166.65907287597656,22319900,0.0007446348171496211
2019-03-06,165.7138671875,166.85007316411867,165.4465263187644,166.82143054025303,27194600,-0.005687636522692766
2019-03-07,163.68017578125,165.35106372300547,163.06910877388177,165.29377846746885,39407400,-0.012348233314127528
2019-03-08,163.43190002441406,163.5178278894257,161.6846272575929,161.84694030338719,39303200,-0.0015179861758342623
2019-03-11,166.8309783935547,166.94556346155164,164.0811844343748,164.10982705912775,30518400,0.02058480450511853
2019-03-12,167.74755859375,168.17721246359633,166.86915091769131,167.2701621674801,33953500,0.005479027443935307
2019-03-13,169.00790405273438,169.88631186636658,168.37775174379246,168.6164499943116,42426100,0.007485261463892356
2019-03-14,168.7214813232422,169.3229910201753,168.67373875834647,169.1224926441927,23751500,-0.0016961674675882738
2019-03-15,170.28733825683594,170.79337738392996,169.26570274844815,169.38027324696452,38192000,0.009237919363040283
2019-03-18,170.69290161132812,171.20943636618364,169.87028462013257,170.2146362582028,32935100,0.0023788096688357237
2019-03-19,171.26678466796875,172.1754857011812,170.5398121650014,171.39112370492626,36893300,0.003356440062572261
2019-03-20,171.94595336914062,172.9981429772888,170.49203721397245,171.27638479827368,50105000,0.003957717837460777
2019-03-21,174.63381958007812,174.8825123115078,171.41030114675652,171.42943584778968,42428500,0.01551111929242842
2019-03-22,170.79811096191406,174.34684610443443,170.6163678026732,173.87814083036588,70794500,-0.022209100777615832
2019-03-25,170.47288513183594,171.0659294347799,169.23895248122832,170.17636298036396,46336500,-0.0019059687594619248
2019-03-26,171.26678466796875,172.83549406498187,170.39633843178245,171.79287934893281,33248100,0.004646232407188553
2019-03-27,170.16677856445312,171.90767116676668,168.92330052908386,171.5250647859604,37096700,-0.0064434784850956155
2019-03-28,170.55902099609375,171.1998949421939,169.53554053144225,170.60685045978843,30368200,0.0023023945085477323
2019-03-29,171.8502655029297,172.0128739292504,170.82677090753327,171.8789602490159,35205500,0.007542147241158875
2019-04-01,174.12686157226562,174.3372995173104,172.91207795691824,173.6199014125218,30969500,0.013160574789988912
2019-04-02,174.786865234375,174.95904836432905,173.87816391303824,174.31817449358627,22645200,0.0037831956647015022
2019-04-03,175.79119873046875,176.88164306929457,175.24598385880543,175.772064031051,31633500,0.005729601175173486
2019-04-04,175.72425842285156,176.47991124137732,174.7103236373424,175.83903743439978,28530800,-0.00038086694092195076
2019-04-05,176.63296508789062,176.73818405021353,176.02078601496646,176.2312239396123,25674700,0.00515788307427613
2019-04-08,177.08253479003906,177.22600855815838,175.64773872684444,176.34600205752574,22697500,0.0025419861124851644
2019-04-09,176.46078491210938,177.06340394232524,176.08773851138068,176.4799196134418,25631900,-0.003517252253155077
2019-04-10,177.4077606201172,177.4651501302414,176.49905932031487,176.69036255256256,24563000,0.005352145481756608
2019-04-11,176.98692321777344,177.70432144124564,176.66170619272037,177.70432144124564,20654100,-0.0023749656490107485
2019-04-12,177.7521209716797,177.8668999975429,177.0155881662201,177.77125567449082,24989100,0.004314151223301062
2019-04-15,177.78079223632812,177.98167010054664,176.59468894229946,177.76165753604545,21073000,0.00016128613495663792
2019-04-16,178.39297485351562,178.78515594190452,177.84774535080425,178.4312296593462,27195700,0.0034375536695172345
2019-04-17,179.0147247314453,179.76081755175247,178.48864449326794,179.58864902191283,29651600,0.0034792227802664184
2019-04-18,179.24432373046875,179.62693025005456,178.1921339083531,179.311287898923,28580900,0.0012817486756736664
2019-04-22,179.751220703125,179.81818484802227,178.32598491736357,178.4599132071581,17936000,0.0028239754915309286
2019-04-23,182.03733825683594,182.25733621064163,179.95210853054982,180.2103612867787,33665600,0.012638033598443581
2019-04-24,181.4634246826172,182.41995527278428,181.4060205869884,182.1903826767647,24977100,-0.003157704795207703
2019-04-25,182.1999053955078,182.90774314157488,181.21468025714833,182.82165890901817,29517500,0.004050349093942202
2019-04-26,182.36256408691406,182.40083348670908,180.39211326695803,181.91299351006978,26359500,0.0008923502324898582
2019-04-29,182.71646118164062,183.00342325228686,182.066012848476,182.3625349697948,21716200,0.0019387430177144412
2019-04-30,181.30081176757812,181.59734852731626,180.02863885561794,181.2434222642415,31495300,-0.007777963608326162
2019-05-01,180.71731567382812,183.00343777423998,180.59297662322922,182.4869030869885,34797100,-0.0032235766929934163
2019-05-02,179.93296813964844,181.5973366046341,178.7468649650669,180.65992612668325,44110100,-0.004349636232068591
2019-05-03,182.80258178710938,182.93649550064933,181.09995831688713,181.4251752504127,30386200,0.015822400173956398
2019-05-06,181.68345642089844,181.932149166214,178.64168098880194,178.91908308502047,38371800,-0.006140860092076764
2019-05-07,178.14427185058594,180.4686343025898,176.48946333274444,179.70340687061966,58818100,-0.019672184374217836
2019-05-08,177.6947021484375,179.03383921429318,176.91991466065676,177.5607884418519,37165300,-0.002526816758137375
2019-05-09,176.73818969726562,177.35036878974984,174.17467971308113,175.71469479510404,55351700,-0.005397437965251684
2019-05-10,176.9581756591797,177.80948737988223,173.16074769496163,176.10686393847715,58526400,0.0012439256482529822
2019-05-13,170.8172607421875,173.380756111166,170.31986067227348,172.45292012875942,67185800,-0.035319074482788385
2019-05-14,172.69203186035156,173.73466132962173,171.08506742321788,171.7163811358771,43360600,0.010915511010400801
2019-05-15,175.13121032714844,175.57122089118548,171.51552528430372,171.55379468752477,40944500,0.014025620813562394
2019-05-16,176.8911895751953,177.98164842601463,174.99726315184745,175.20770104283034,39281200,0.009999329094037794
2019-05-17,175.08335876464844,177.51295471989218,174.930324957589,175.1407628622321,44702300,-0.01027259906634009
2019-05-20,172.12770080566406,173.3042295090404,171.54421648040417,172.64423556992722,38608300,-0.017025548428703494
2019-05-21,173.9259796142578,174.40424496613264,173.05553317092557,173.6103227305604,31613800,0.010393156307679651
2019-05-22,173.15118408203125,174.15554419367925,172.89291671720758,172.95988086921724,24332600,-0.004464694888058896
2019-05-23,170.5015869140625,171.23811959504536,169.43983731776225,171.16159539223554,45351300,-0.015420505206425527
2019-05-24,170.41549682617188,172.03203589088756,170.20505892452258,171.41985688486199,25903300,-0.0005050500184741232
2019-05-28,169.77464294433594,171.85031285768633,169.75550824317358,170.8937821365755,24763800,-0.003767626188961247
2019-05-29,168.37808227539062,169.30591813563825,167.47894116583115,168.72243387914747,42178800,-0.008259987308020696
2019-05-30,169.0859375,169.56420285445284,168.1294067910943,168.82767012185536,30354800,0.004195151016254054
2019-05-31,166.38853454589844,167.67028235199257,166.31201032822835,167.09637261272013,45446200,-0.01608146855108295
2019-06-03,162.7249755859375,166.38848941347524,161.91193336029482,165.9389188787971,75842300,-0.022264113618036523
2019-06-04,167.30679321289062,167.36418272131644,163.92066626076243,164.55198004444745,47797800,0.0277677027210516
2019-06-05,168.55027770996094,168.93288414413587,166.7998248123859,168.90418939134773,34412700,0.007404877173285783
2019-06-06,169.88938903808594,170.30069016261885,168.09110696031976,168.83719961056366,29913200,0.007913483246648466
2019-06-07,173.17027282714844,173.8685505909432,170.5780833826128,170.7980813077346,45888300,0.01912777388341315
2019-06-10,175.18862915039062,176.8147433628599,174.28950236125888,174.32775717538019,41385300,0.011587927836223753
2019-06-11,175.42774963378906,177.34081130742035,174.8347051855241,177.01559432582357,41260300,0.0013640008564416396
2019-06-12,174.41380310058594,175.3129442875019,174.08858616780785,174.94945795351458,27758100,-0.00579662058091852
2019-06-13,175.44683837890625,175.87727422362002,174.79640458609404,175.14075618096476,23715800,0.005905427235992247
2019-06-14,174.70079040527344,175.15036106352287,174.0312217426154,174.54774196937956,22844100,-0.004261340310550675
2019-06-17,175.75296020507812,176.2407856191689,174.89207379753492,175.08337702293323,20379500,0.006004632333685134
2019-06-18,178.30685424804688,179.55990686945484,177.36944384802652,177.8285889974028,48177300,0.014426592530384919
2019-06-19,178.97647094726562,179.3782121146909,177.50342000003965,178.54603502470292,31672900,0.0037483836273818328
2019-06-20,180.6407928466797,181.51122451914128,179.02425394775526,181.4729697207188,40922000,0.009256139510981724
2019-06-21,180.37301635742188,181.5208503753842,179.9903952877668,180.43040586899477,39980400,-0.0014834697817002703
2019-06-24,180.3787078857422,180.91554692736818,180.28283750212321,180.7334019751522,19375200,3.1553713749974936e-05
2019-06-25,177.2823486328125,180.35960787630998,177.01392899741512,180.25415626042007,33921100,-0.017314921796297806
2019-06-26,178.10670471191406,179.58302667260116,177.81912282273677,178.46141342151023,22595700,0.004639183733021737
2019-06-27,178.7873992919922,179.20920568438441,178.29849531595787,178.7490599053068,19709200,0.0038145511390015206
2019-06-28,179.0174560546875,179.41048957088825,178.37516536047264,179.21876340702494,21179200,0.0012859344470033042
2019-07-01,181.43324279785156,182.68908069525745,180.58964470132267,182.44941931928807,31025600,0.013404456825958849
2019-07-02,182.15223693847656,182.17141394538373,180.85807421376495,181.37573637809552,18035800,0.0039550263578678625
2019-07-03,183.5230712890625,183.5230712890625,182.42062034101198,182.61236111651115,15792100,0.007497584558674387
2019-07-05,183.1492156982422,183.48473282825694,181.55786074448602,182.26726364174047,21415600,-0.0020391817633186936
2019-07-08,181.86465454101562,182.018026712597,181.11689755111894,181.96051031978268,17598800,-0.007038452864585262
2019-07-09,182.7753448486328,183.00541039466066,180.84845813403743,181.00184491656844,19193500,0.004995020856929584
2019-07-10,184.59678649902344,185.1048674750675,183.55186635038723,183.88739814714253,28374500,0.00991613908683103
2019-07-11,184.46253967285156,185.34449165472935,183.87776541415604,184.8747647868996,23736100,-0.0007275081406852503
2019-07-12,185.5266876220703,185.53626881237355,184.49134858623512,184.66391240609337,20211900,0.005752334419722555
2019-07-15,186.1210174560547,186.1593714674989,185.44038734449927,185.95804947684044,15606100,0.0031983533464789303
2019-07-16,185.16238403320312,186.0635131999019,184.5967866635587,185.89096402045934,20190900,-0.0051639020179162
2019-07-17,184.25164794921875,185.48830874029272,184.23247094492385,185.1623581783531,16765100,-0.004930716487648801
2019-07-18,184.46253967285156,184.817233777583,182.80408728452522,183.37926572778426,28877000,0.0011439307393635173
2019-07-19,183.11090087890625,185.8142886411855,182.91917467389686,185.72801404309706,29387900,-0.007354420842495255
2019-07-22,184.56800842285156,184.9610565703683,183.52308838676257,183.52308838676257,18954900,0.007926019879029538
2019-07-23,185.7759246826172,185.7951016904235,184.33795628033505,185.57461729784944,23786700,0.006523236565355374
2019-07-24,187.0796661376953,187.0892619546044,185.04734232964356,185.06651933569205,20422900,0.006993306795484532
2019-07-25,185.30618286132812,186.4757315717548,184.95147407028406,186.44697337623364,23434700,-0.00952504876120432
2019-07-26,187.21388244628906,187.4631396502938,186.38944669071915,186.4853170965318,20431200,0.010242220162390368
2019-07-29,186.5716094970703,187.1084487142245,185.39247945740863,187.04135112596603,20451700,-0.0034365891409575563
2019-07-30,185.76632690429688,186.49489223039717,185.00900338294062,185.14321317005832,18705000,-0.0043255535879778316
2019-07-31,183.19715881347656,186.3894354196617,181.49077101314333,186.26482145296498,41627500,-0.013926633472182334
2019-08-01,182.28643798828125,186.9166975597811,181.40448587386743,183.5135030716196,63251600,-0.0049836584630181605
2019-08-02,179.60223388671875,181.1744118656774,178.5093786407081,180.91557349411016,55214000,-0.014834691083900314
2019-08-05,173.25596618652344,175.92099903049336,171.78924000361076,175.8443056488537,75040000,-0.03597451957266084
2019-08-06,175.6813507080078,176.1990274154695,173.58192956969134,174.85691507903786,41897200,0.013901772407810754
2019-08-07,176.63043212890625,176.87967469115088,172.4507371932824,173.7736726548356,49990600,0.005387748936866195
2019-08-08,180.47457885742188,180.5321098691038,176.9371895968058,177.42609348784185,38418100,0.021530334814616015
2019-08-09,178.77781677246094,180.22536631033915,177.37818781064036,179.61183373354245,33608900,-0.00944614272510258
2019-08-12,176.72633361816406,178.2122226918561,175.9114789544597,177.6753834616484,24642900,-0.011541389455412283
2019-08-13,180.5991973876953,181.8358434563077,176.4099218778002,176.57288983240696,40241900,0.021677798510667284
2019-08-14,175.20205688476562,178.26013855471717,174.87612090576505,177.69454118625669,51000500,-0.030340278186348154
2019-08-15,175.00071716308594,175.99770192274346,173.6682006690941,175.43210465882458,36685000,-0.0011498466533310936
2019-08-16,177.8095703125,178.26013488563237,176.48664941679456,176.59210101109724,32781400,0.015923075920855897
2019-08-19,180.63758850097656,181.02105552849608,179.7460550890651,180.37876471364373,22494100,0.01577960265047816
2019-08-20,179.2379608154297,180.83889713897352,179.19002561206494,180.1870251820782,19902900,-0.0077784375467117
2019-08-21,180.82933044433594,181.40450904750693,180.18703962552067,180.8101534358988,20418500,0.008839347695298087
2019-08-22,180.24456787109375,181.62502001387995,178.82576170891213,181.16485954776957,24243700,-0.0032390216363558377
2019-08-23,174.54058837890625,180.65673655286332,174.05166982565626,179.01746098475311,55372400,-0.03215732631781319
2019-08-26,177.1768798828125,177.22480045872123,175.50883133806298,176.52499329387103,27598900,0.01499124220081003
2019-08-27,176.80294799804688,178.7106574362955,176.1127368304555,178.41347972980432,28012800,-0.002112730694827183
2019-08-28,177.4357147216797,177.73289252415069,175.34587428638608,176.22782650357368,21792400,0.003572548472151697
2019-08-29,180.148681640625,180.66635846262503,178.9599558158205,179.64060063651797,25358900,0.01517414631322851
2019-08-30,179.71728515625,181.15525350307374,178.70112319827118,181.1168994889403,26319800,-0.0023975409225883877
2019-09-03,177.9725341796875,179.43926064882555,177.37817864070257,178.51896914509211,27964200,-0.009755742099475
2019-09-04,180.54168701171875,180.69507378389747,179.1708165054939,179.68849320465517,21592100,0.014332468055969494
2019-09-05,183.8490753173828,184.37633338981496,182.4686231378415,182.53573535968414,33932600,0.01815347410453603
2019-09-06,183.6668701171875,184.22288620888457,183.26424080135885,184.15578863679715,19487800,-0.0009915499851747202
2019-09-09,183.283447265625,184.3187862275017,182.35355990063675,184.24209282724004,24407600,-0.002089781493239214
2019-09-10,182.7561798095703,182.85205021187136,181.09772716970377,182.29603405961853,23744700,-0.0028809330014411085
2019-09-11,184.47213745117188,184.56800784755427,182.67947513541714,183.10128147506973,25063600,0.00934552184602927
2019-09-12,185.23907470703125,186.65788064671688,184.98983213113684,185.60336469529784,28689900,0.004148850944970365
2019-09-13,184.5775909423828,185.40202662537243,184.33792957672034,184.9706390927338,27669800,-0.0035773643079795754
2019-09-16,183.75318908691406,184.1366561192286,183.20676867905178,183.38891369092974,20319000,-0.004476428671233093
2019-09-17,184.63511657714844,184.63511657714844,183.37927877034673,183.77232690924416,20953400,0.004788041105255702
2019-09-18,184.5584259033203,184.63511929455845,182.24808686099064,184.25165233836776,29781300,-0.0004154497092009604
2019-09-19,184.86517333984375,186.01554488131265,184.51047922673084,184.88435034340245,26039400,0.0016606817087439765
2019-09-20,182.9095458984375,185.3157405950298,182.29601342535824,185.12401443989904,29086100,-0.01063502068770727
2019-09-23,182.9902801513672,183.5378171589636,182.2410297831716,182.85579969187748,22485900,0.0004412915693973734
2019-09-24,180.5599822998047,184.22938537072093,179.77230071771646,183.82594406913967,40820700,-0.013370003024033565
2019-09-25,182.58685302734375,183.06714251405586,178.86941709051914,180.3775184570137,34704900,0.011162932334032765
2019-09-26,181.9143829345703,182.5099369859888,180.5695640782084,182.3466403801891,26826000,-0.0036898138573200523
2019-09-27,179.65701293945312,182.346635929259,178.42747351393035,182.25057220712569,40773500,-0.012486603479539882
2019-09-30,181.3668670654297,181.65504361492887,180.0124475428713,180.3870726600398,26307700,0.009472320283272988
2019-10-01,179.88758850097656,183.076702362605,179.58981143052011,182.02967503188114,32367600,-0.008189722284533147
2019-10-02,176.79452514648438,178.69646700270863,175.8051301882238,178.66765081225589,48544300,-0.017343964117713575
2019-10-03,178.73492431640625,178.8694047771371,174.65246396039026,176.77533513744686,39392500,0.01091565517066937
2019-10-04,181.3668670654297,181.62622742570576,179.5129571581588,179.70506997206886,31887600,0.01461803123157728
2019-10-07,180.8193817138672,182.2602500981419,180.50238891045421,180.84819790897097,21216000,-0.0030232278028485856
2019-10-08,178.11050415039062,180.45431856770648,177.9664232055835,179.6858526617765,32379300,-0.01509447445440192
2019-10-09,179.8491668701172,180.66566472324038,179.08070088904879,179.6186373358853,20147400,0.009714370268222151
2019-10-10,181.24200439453125,181.96243850822913,179.7435037832028,179.8971999118697,25177700,0.007714641305147192
2019-10-11,183.5762481689453,185.03633231236,183.2016229556588,183.30728722900997,40976700,0.012796923469780983
2019-10-14,183.5569610595703,184.14291459155234,183.13430413063034,183.31681640969683,14975000,-0.0001050687265980516
2019-10-15,185.8911895751953,186.32344704815495,184.00844892010952,184.12371367096077,23234200,0.012636466429119824
2019-10-16,185.43008422851562,185.9007730133788,184.84413070338638,185.25718711811652,20457100,-0.0024835936760288987
2019-10-17,185.92002868652344,186.83257561023527,185.2091951016722,186.54439904030806,19045200,0.00263872138584233
2019-10-18,184.13333129882812,186.03527299962525,183.1919682873401,185.58379984306856,27700800,-0.009656506140578194
2019-10-21,185.76632690429688,185.8912068341584,184.56560344722445,185.11314037913849,15801200,0.008829455113948956
2019-10-22,184.28700256347656,186.75568184042385,184.22935553778453,186.49632152523932,22392300,-0.007995238001395358
2019-10-23,184.64247131347656,184.6808880190255,183.61464488848125,183.91243664988434,14828400,0.0019270287964010507
2019-10-24,186.438720703125,186.55400011674928,185.14194822231366,185.9584313419501,18998500,0.009681242045913334
2019-10-25,187.92762756347656,188.0236913021506,185.43973209886622,185.47814879997466,21507100,0.007954319172365694
2019-10-28,189.7815399169922,190.03128510122104,188.8017455434875,188.8017455434875,18818700,0.009816691789207662
2019-10-29,188.31185913085938,189.75272731271048,188.2830429398039,189.46456540215553,18569700,-0.007774207071109623
2019-10-30,189.2244110107422,189.5414037533814,187.5914154291581,188.67687409420128,21764300,0.004834256887359022
2019-10-31,189.31088256835938,189.85840489412004,188.2158232595679,189.7719563148847,26801800,0.00045687448746840827
2019-11-01,191.03030395507812,191.03991912386584,189.83919560696157,190.127357525203,22131900,0.009041529874121974
2019-11-04,192.21180725097656,192.624849064048,191.03028487511827,192.29825581781458,19015900,0.0061658518441543185
2019-11-05,192.3175048828125,192.644098185743,191.6835193014035,192.4519853403292,15048900,0.0005497507272539413
2019-11-06,191.88525390625,192.11579814063674,190.95349111268612,192.09658245678648,19725500,-0.0022501200163174014
2019-11-07,192.5287628173828,193.76791742624127,191.97164012472462,192.84575551599158,17832400,0.0033480023320413745
2019-11-08,193.29725646972656,193.31647214863364,191.6738760478869,192.18299626667957,15258800,0.003983633193290467
2019-11-11,193.03790283203125,193.11473622996633,192.05810844977927,192.31746880393052,10147600,-0.001342635638572567
2019-11-12,193.5950164794922,194.23861707939673,192.90341332972,193.20119036883776,14778300,0.002881875832154495
2019-11-13,193.64306640625,193.82557871364105,192.797767074452,192.92263234482337,15774600,0.00024816736332511504
2019-11-14,193.48939514160156,193.61427508528172,192.32710291461225,192.91305661279318,16945400,-0.0007938950513486825
2019-11-15,194.9110565185547,194.9110565185547,194.03692625382484,194.66129663876333,18427900,0.007320628593316158
2019-11-18,195.06472778320312,195.37210535194558,193.81597251525457,194.60363944418737,18365900,0.0007881067429738797
2019-11-19,195.35287475585938,195.80434789254411,194.6036245837585,195.80434789254411,16923300,0.0014760964828513358
2019-11-20,194.1809539794922,195.42970906427269,192.71126992546516,194.8437555444977,36629000,-0.00601706052567567
2019-11-21,193.74876403808594,194.10418820323912,193.14360928916108,193.969693084288,17883600,-0.0022281877368249933
2019-11-22,193.8735809326172,194.34426972404816,192.82655377454785,194.22899032490747,17189600,0.000644012918577638
2019-11-25,196.16934204101562,196.2077587317405,194.6804424376105,194.70925861997034,17752800,0.011771974237757539
2019-11-26,196.54403686523438,196.79378208679682,196.0061150604723,196.29429164367195,14780600,0.0019082361744963397
2019-11-27,197.9176483154297,197.92726348402437,196.81298856496463,197.05313326352393,16963100,0.006964514192305529
2019-11-29,197.0146942138672,197.71591255008678,196.91863048243215,197.41813550281276,9854600,-0.004572710703574045
2019-12-02,194.9974822998047,197.09153689689512,193.82557507596331,197.02430400753673,28007000,-0.010291668677063824
2019-12-03,193.47018432617188,193.54703239091126,191.37611486951567,192.3174926696207,31104100,-0.007863232769653889
2019-12-04,194.44993591308594,194.9110242345116,194.17137454400037,194.4595510805745,15300100,0.00505131659358618
2019-12-05,194.8341827392578,195.1415603066207,193.88320453373248,195.1415603066207,14962300,0.0019741208672530955
2019-12-06,196.9186248779297,197.062705813714,196.10212715577288,196.25582325878756,16555300,0.010641719826214539
2019-12-09,196.02528381347656,197.48535274621793,195.93882059912676,196.56320548946195,13984100,-0.0045469217555372515
2019-12-10,195.86195373535156,196.8033312351556,195.42009582564063,196.12131403895185,21799800,-0.0008335565536843742
2019-12-11,196.89944458007812,197.10117258369024,195.99649813420726,196.30389039546958,18780800,0.005283071413224512
2019-12-12,198.36907958984375,199.14716056081042,196.42872138887336,196.69768222182503,32612000,0.007436169044820878
2019-12-13,199.02230834960938,199.71392620409247,197.8408006220625,198.26344294889714,32519400,0.003287586837280867
2019-12-16,201.02029418945312,201.27003935686736,200.2614288629842,200.32867640263422,21296600,0.00998894837817537
2019-12-17,201.13555908203125,201.4429512796276,200.79935069806857,201.27964001386283,15996100,0.0005732349525528149
2019-12-18,201.289306640625,201.84644414825107,201.07797811506785,201.30852232220397,15443300,0.0007641056960942371
2019-12-19,202.54762268066406,202.6148555670259,201.35649983126473,201.3757155090542,17865900,0.006231822901591416
2019-12-20,203.36415100097656,204.14221750984458,202.94149396967302,203.50823196288925,27672600,0.00402318668546612
2019-12-23,203.90130615234375,204.2286074987485,203.72803415332257,204.08421416623082,23774700,0.0026378640928539335
2019-12-24,204.0072021484375,204.1708528237704,203.54512878931834,204.0842168231319,7089000,0.0005192144626442987
2019-12-26,205.80735778808594,205.8266151274795,204.30560847440154,204.33448713896883,17067500,0.008785277019329244
2019-12-27,205.6341094970703,206.5486349215286,205.08538542896667,206.52937757991592,18134100,-0.000842152845691828
2019-12-30,204.286376953125,205.6533543436165,203.27557957106492,205.52820366430953,21815500,-0.006575604023998293
2019-12-31,204.67140197753906,204.81579528450203,203.3140461359092,203.6317261002722,18170900,0.0018829578895926966
2020-01-02,208.08885192871094,208.08885192871094,205.99024284000404,206.39455878794698,30969400,0.016559385313750334
2020-01-03,206.1828155517578,207.42465700741818,205.31642615077655,205.33568349207874,27518900,-0.009201931853476432
2020-01-06,207.5112762451172,207.54015491021366,204.31524823238857,204.56553489290675,21655300,0.006422452174437904
2020-01-07,207.4823760986328,208.06960004320752,206.82777350549108,207.58826942270514,22139300,-0.0001392799449720623
2020-01-08,209.04193115234375,209.99497129030985,207.12624423887158,207.45354561144848,26397300,0.0074884577657798055
2020-01-09,210.81320190429688,211.21751788479062,209.58099662401713,210.76506590182353,23547000,0.00843758297069418
2020-01-10,210.2741241455078,211.6603589222655,209.89868678422323,211.64111627023362,21898500,-0.002560409776987045
2020-01-13,212.70001220703125,212.72889087103113,210.8035682627954,211.14050559485497,22756900,0.01147074703834392
2020-01-14,211.86248779296875,212.95029969636303,211.53518649622802,212.59410504845593,24418100,-0.003945357870562844
2020-01-15,211.9491424560547,212.940682447054,211.25602512597123,211.978021120721,25742100,0.0004089300911472008
2020-01-16,213.98033142089844,214.01884609495397,212.55559695077292,213.00804889213782,18805000,0.00953774973218726
2020-01-17,215.039306640625,215.21257864059965,213.82634388461395,214.94303462571878,24325200,0.004936731452336315
2020-01-21,214.94296264648438,215.48205049571854,214.34611748326688,214.4423747768917,21146300,-0.00044813008644600566
2020-01-22,215.51097106933594,216.7431763041171,215.24142709229287,216.03081637437975,20736400,0.002639115166756555
2020-01-23,216.2041015625,216.30037356977513,214.38467226174947,215.3858482568453,26496100,0.0032110580921103768
2020-01-24,214.3846893310547,217.44596019978124,213.39314927116754,217.2149161773528,37436500,-0.008450861230016992
2020-01-27,209.9564666748047,211.09240012723933,209.07080522054136,209.5425146158503,42264400,-0.020871807265556045
2020-01-28,213.1813507080078,213.67231739217365,210.8805906940185,211.43893603364953,26731900,0.015243007559719817
2020-01-29,213.5278778076172,214.60605364802205,212.58447394726292,214.36538834871425,28924500,0.0016241841170967061
2020-01-30,214.28843688964844,214.3846942177357,211.48708864616913,212.1513273728753,39568100,0.0035555440835000913
2020-01-31,210.89027404785156,215.212615031746,210.13938452051585,215.18373636020033,52015800,-0.015984973434032483
2020-02-03,214.07664489746094,214.56759691896625,211.77588475981935,211.9202780928953,25408600,0.014996134621300679
2020-02-04,218.9766082763672,219.35204566642642,216.26189584897864,217.00314930234373,30691200,0.022630807961737897
2020-02-05,219.69857788085938,221.6527792765561,218.37973651139174,221.6142792851392,38534800,0.0032915937765716566
2020-02-06,221.59498596191406,221.652743284184,219.46749822768984,220.24725145642293,22467100,0.008594821726608519
2020-02-07,220.64198303222656,221.83568841889965,220.00662300275312,220.60348304061307,25884900,-0.00430992644988839
2020-02-10,223.3085479736328,223.3181692987934,219.85259735404267,219.9103546830983,21478900,0.012013036694114729
2020-02-11,223.3470916748047,225.28205071113652,222.75986756606974,224.54079723541068,30198000,0.0001725879977600086
2020-02-12,225.52268981933594,225.62858316067638,224.10757638917133,224.66592176268944,24471300,0.009693747588804485
2020-02-13,225.23388671875,226.15803342779785,223.6840012924257,223.95354530665193,22773200,-0.0012814150924763217
2020-02-14,225.87884521484375,226.09063187443948,224.82954793078483,225.59004388911814,23438500,0.0028594135783937716
2020-02-18,225.96548461914062,226.3890579447303,224.54074999683095,224.78141532373002,24394500,0.00038349227660129155
2020-02-19,228.13145446777344,228.6031637591401,227.0436572650157,227.31320123464104,22230500,0.009539752809067817
2020-02-20,226.01361083984375,228.1025840242257,223.2218990442658,227.63088940490908,42604000,-0.00932679507996693
2020-02-21,221.67202758789062,225.27237154511687,220.75750226626002,224.88731289044486,66017200,-0.01939628611157002
2020-02-24,213.12355041503906,215.87676187873538,212.03573862012837,213.40271568405544,84522600,-0.03932688985934073
2020-02-25,207.32835388183594,215.6265040523048,206.72188726776398,214.9141294214852,97743000,-0.027568259307414286
2020-02-26,208.39694213867188,212.05505850846635,206.875935317424,208.61836484356425,79537700,0.005140849596987386
2020-02-27,197.96168518066406,208.33917366018667,197.82691317530848,203.0252787407927,121822600,-0.05137113395190806
2020-02-28,198.11572265625,199.43456409770943,190.7706113403432,191.22306338168502,148173700,0.0007778150447569182
2020-03-02,208.33914184570312,208.48354984377673,198.25045625797992,201.08068262730416,112933900,0.0503159237135948
2020-03-03,201.6583251953125,211.41009080803136,199.86777423294944,209.00343707845994,131953500,-0.03259243569960173
2020-03-04,210.0719451904297,210.17783851853628,203.47770956270426,205.35491080541635,73086200,0.040875262350311886
2020-03-05,203.68954467773438,208.28144417763727,202.25518843373948,204.7484782107263,78705500,-0.03085307333493661
2020-03-06,200.25282287597656,201.34062023865172,195.33362267357404,197.02790140158754,89828400,-0.017016312246732078
2020-03-09,186.34234619140625,193.6489415918899,184.93685429584863,186.25569551477724,116424000,-0.07199512974839282
2020-03-10,196.48880004882812,196.67170804748878,186.44823497394106,193.6008161265127,100599200,0.05301987961828039
2020-03-11,187.93077087402344,193.25428755790438,185.53373855722796,191.90656739326923,89168800,-0.04453177749678246
2020-03-12,170.69906616210938,183.65647580021508,170.3332502589184,175.29094884091242,137820700,-0.09617149583362479
2020-03-13,185.1582489013672,187.21834325086076,171.47884168071033,180.08503502968375,134882000,0.08130869975202659
2020-03-16,162.9785919189453,177.78431553068688,162.8438198989623,167.64749129546604,92054400,-0.12759200463894957
2020-03-17,175.33914184570312,177.5051299343978,163.44064669091188,168.918192252125,121257100,0.07310319765781169
2020-03-18,170.0059814453125,172.5281492023074,160.5718983230018,165.202296553107,114156300,-0.030888430514701623
2020-03-19,171.0263671875,176.63868292153603,165.2215221795622,169.1299237270316,120896500,0.0059841172912104045
2020-03-20,164.32632446289062,176.04191382185977,163.74873634345326,174.95411625351372,118983900,-0.039963504557130373
2020-03-23,164.44493103027344,168.0626036049241,159.1100563308023,164.8886906227027,124639800,0.0007215142476509404
2020-03-24,177.17916870117188,177.34316812213382,171.67065175317936,173.56149544961423,94881800,0.0745857247552431
2020-03-25,175.86712646484375,182.82269672163997,173.62898595657452,177.91231265868825,88754900,-0.007432726498751687
2020-03-26,185.12835693359375,185.91942839495096,177.1308953136619,177.38171531049974,79887600,0.05132065911636191
2020-03-27,178.7613067626953,183.78745282526228,178.14389108359828,180.33377881019265,58845000,-0.03499797156819054
2020-03-30,185.26345825195312,185.6975908318579,179.76459768344893,180.45919214687584,49356900,0.03572747648062047
2020-03-31,183.6813201904297,188.36018338676848,182.52366771803807,184.95474821430534,62659300,-0.008576610117457122
2020-04-01,175.87677001953125,181.03798885377915,174.4779395483002,178.24996973899405,53715400,-0.04341872109242146
2020-04-02,179.44619750976562,183.39188349691315,174.58405215532315,174.84452869655937,56465300,0.02009184821623651
2020-04-03,176.8993682861328,180.46881715728819,174.8927640447332,179.00244968850615,47487600,-0.014294397540146534
2020-04-06,189.54678344726562,190.675495755822,182.51403299538356,183.75850613958147,64763500,0.0690548422657854
2020-04-07,189.4695587158203,195.50866933043082,189.08367954366585,195.22889441832402,69904500,-0.0004075008062883437
2020-04-08,193.49244689941406,194.0712657278729,189.2477018889726,191.1578290474795,45940400,0.021010105999996132
2020-04-09,193.772216796875,196.04893963128802,192.00679057727788,195.20964419193913,68252600,0.0014448514019388373
2020-04-13,195.8656463623047,196.24188378038906,191.73667659243273,192.94256764018388,42853900,0.010745617441516845
2020-04-14,204.3840789794922,205.00149465693906,199.13603836101842,199.91745346774871,63959600,0.04257201736619922
2020-04-15,202.039794921875,204.35511447733495,199.8113107060023,201.1233207046582,47036000,-0.011536281243993914
2020-04-16,205.7250213623047,206.80549507582907,202.29064586973047,204.22007162693848,64657400,0.018075746768808007
2020-04-17,207.69300842285156,208.86995919487663,204.5962886350872,208.5419603817808,62863200,0.009520639082096355
2020-04-20,205.23300170898438,208.26219924335518,205.06900230315188,205.83111892088505,38249100,-0.011915141005829572
2020-04-21,197.6599884033203,203.7087412730322,196.44445567672878,203.16850450565815,72932800,-0.03759760312896579
2020-04-22,203.5254364013672,204.8567446176316,200.97859550091403,201.72142839031417,40089100,0.029242667394587796
2020-04-23,203.09133911132812,206.8730114526164,202.6861615090846,204.3165137465589,43278500,-0.0021351674652888113
2020-04-24,206.294189453125,206.73796383493092,202.10733927501343,203.5254683224947,34231900,0.015647429952570933
2020-04-27,207.95352172851562,208.98577165367212,206.930928353911,208.56129559922837,36451700,0.008011347343564863
2020-04-28,204.0367431640625,209.65137833959244,203.75698294826117,209.65137833959244,46862800,-0.019014510328590847
2020-04-29,211.27212524414062,212.20789793540712,207.54833285878604,208.56128434854725,48716400,0.034846904461429774
2020-04-30,211.185302734375,212.27541829256774,209.68035297801296,212.18859766516618,43359500,-0.00041103555169317495
2020-05-01,205.23300170898438,209.02431586108833,204.210393799122,206.93089089908722,48795000,-0.028590032677614556
2020-05-04,207.62548828125,207.8473681017223,203.67015994573165,203.99817348249172,32841000,0.011589992269463261
2020-05-05,209.9794158935547,212.371899792873,209.19800079033365,209.76717787535256,37783100,0.011273586682107014
2020-05-06,211.27212524414062,213.24013308452902,210.41353135136887,211.65800451626365,36455200,0.006137489277737508
2020-05-07,213.99258422851562,214.8704616228657,212.64197757813062,213.99258422851562,38624800,0.012794365647166111
2020-05-08,216.92530822753906,217.06036742289936,214.6292871860654,215.66153688802146,31852300,0.013611731289402055
2020-05-11,218.86439514160156,219.88698838665965,215.37213940575802,215.60367578440025,35714100,0.008899245193141508
2020-05-12,214.28201293945312,220.05100636516602,214.25307273166106,219.4625309394779,41054100,-0.02115937282959344
2020-05-13,211.60011291503906,216.6841537545293,209.06292813022924,214.80296664173116,65521200,-0.012594731327639996
2020-05-14,214.00225830078125,214.04084033873212,208.36833865753698,210.27846602363584,51549300,0.011288334164609682
2020-05-15,215.3914031982422,215.44928360352137,210.62572022562588,211.05983798556704,55747200,0.006470285280597751
2020-05-18,219.4045867919922,220.61047758178333,217.51375827699377,218.29517315352297,42398100,0.01846060063951075
2020-05-19,218.85475158691406,221.73924822664506,218.71005055162215,219.6651068252477,36237300,-0.002509178677588855
2020-05-20,223.224853515625,223.5817924760534,221.3822488705958,221.401547244776,37417000,0.019771300168483722
2020-05-21,220.7938232421875,223.94843835442734,220.282526614009,223.27314230969628,43642900,-0.010950235619529732
2020-05-22,221.55592346191406,221.75850488665964,219.47214048530205,220.3886146113909,28762400,0.0034456941794461346
2020-05-26,220.95782470703125,225.32798746064842,220.71664649450943,225.12539128517614,33055300,-0.0027031888684199224
2020-05-27,222.1636962890625,222.27947183075904,216.03777906037365,220.62016469647847,55665600,0.005442635943484908
2020-05-28,221.874267578125,225.23146347699497,220.96743533225654,221.02531573597636,42784300,-0.0013036216516509305
2020-05-29,225.12539672851562,225.35693311746087,220.68771162267484,222.2505564874424,50691800,0.014546706585488251
2020-06-01,225.80062866210938,226.17686598706453,223.81332306258489,224.2570973352647,25776000,0.002994870112907037
2020-06-02,227.3153076171875,227.37318803651186,223.82303687432616,226.2251773187427,33383400,0.006685638158779435
2020-06-03,228.33786010742188,229.0903348647583,227.04514857254634,227.92302597587337,37228700,0.004488300660507676
2020-06-04,226.73646545410156,229.3990676853187,225.4340971868914,227.99059513357238,38716100,-0.0070379767591205135
2020-06-05,231.2319793701172,231.820454680359,227.31524833357355,227.88442526895665,47365600,0.01963304838146684
2020-06-08,233.0264129638672,233.15181563588544,229.51485846068348,231.08733053874474,32937300,0.007730361192923104
2020-06-09,234.71463012695312,235.5635673917598,231.98449110228037,232.16778889183445,35046300,0.007218628849887748
2020-06-10,237.5315399169922,239.07508598051442,235.8818748775985,236.4028279301844,58084400,0.011929977957363152
2020-06-11,225.7620849609375,234.99437844998297,225.7042045504025,233.61484626440375,72919400,-0.05081869094796722
2020-06-12,227.5564727783203,231.91696428101858,223.56256215041086,230.6531927971664,72034800,0.007916716219029365
2020-06-15,230.32518005371094,231.00047606686667,223.30207207619324,224.23784466597658,45307400,0.012093697153124063
2020-06-16,234.28050231933594,235.76615350968348,230.66282942818094,235.177678130575,48890100,0.01702698858524172
2020-06-17,235.0233154296875,236.83698011008477,234.16472167105553,235.77579019701227,34749300,0.003165598499607348
2020-06-18,235.66004943847656,235.90122764649206,233.93321994603943,234.70497843540934,30578600,0.0027055742553472174
2020-06-19,235.6214599609375,238.28406199401456,233.8946158026866,238.0235854158861,49422100,-0.0001637640215271383
2020-06-22,238.44715881347656,238.5727795309669,235.20008666743954,235.48999197391447,24068700,0.01192119539258863
2020-06-23,240.47657775878906,242.70893716924127,239.49087019180166,240.04170503853615,32767400,0.008474965583238559
2020-06-24,235.51902770996094,240.95013742753912,234.02111953368293,239.72281740293025,46032400,-0.020830987764316022
2020-06-25,237.76104736328125,238.06062605115267,233.03539853079238,235.6060007330898,36940800,0.009474459385430628
2020-06-26,232.14633178710938,237.6934186778951,231.62447264881834,237.51946071648175,52824600,-0.023898253353066532
2020-06-29,234.67823791503906,234.68791125631003,229.37276413064143,231.9047022245296,34377800,0.010847462276483786
2020-06-30,239.27828979492188,239.8194661067416,234.42700543519746,234.61062198655384,38909200,0.01941189142845839
2020-07-01,242.0711669921875,243.06654804946376,238.775771775483,239.31694810806633,34689200,0.011604494404430152
2020-07-02,243.71401977539062,245.72411376198428,243.25015646954552,244.51612565075843,31956500,0.006763726400270288
2020-07-06,249.70558166503906,250.22741114667622,246.8450453961392,246.86437732929244,34589000,0.024287062715759814
2020-07-07,247.9854278564453,252.11193376369474,247.6858491900228,249.45436014795675,36578200,-0.006912564724969782
2020-07-08,251.25186157226562,251.28085210815678,247.87916809870046,249.3094366837607,30426300,0.01308588279342563
2020-07-09,253.36822509765625,254.0350368253854,248.97116062467754,253.16529137370648,40312900,0.008387997188229752
2020-07-10,255.09803771972656,255.34930862434518,250.54634785985292,253.22323825885738,32885300,0.006804067141055884
2020-07-13,249.85057067871094,260.7224621741702,249.02913297845316,257.9392532326297,64108100,-0.020784911045070676
2020-07-14,251.61907958984375,252.02497655986264,244.26484759243948,247.32830358402757,72230500,0.007053333106202223
2020-07-15,252.13125610351562,253.86110322281544,248.83586121367767,253.02999212113633,54523900,0.002033454486741715
2020-07-16,250.41107177734375,251.0488929703051,247.0287054307238,249.34803645574152,47594100,-0.006845954854221607
2020-07-17,250.70103454589844,251.56110674845436,248.5266559377291,250.86530441416426,35137900,0.0011572771731428795
2020-07-20,257.8136291503906,258.44177701059385,250.09217930922563,251.3388016882477,40610100,0.027975824469492035
2020-07-21,255.12709045410156,259.3888760723057,254.28633544289957,259.3792027299571,43243800,-0.010475141315185763
2020-07-22,256.0257873535156,256.9535433200769,253.72577361074173,255.61991992355135,29865500,0.0035163563170489136
2020-07-23,249.33837890625,256.3253621292635,247.92742778787942,255.61991606197068,51363500,-0.02646724589949013
2020-07-24,246.97073364257812,248.29468380070477,242.87324769475924,245.50181607372636,54054500,-0.009541083025837083
2020-07-27,251.37747192382812,251.76402219435963,247.83083558953513,248.61360947222738,36445700,0.0176858393241278
2020-07-28,248.17872619628906,251.11656138758613,247.88882086144542,250.59470229297185,31302400,-0.012806524901645985
2020-07-29,251.03919982910156,251.89930135979904,249.24172801134847,249.7152498251216,27556900,0.011459944802456967
2020-07-30,252.353515625,252.91400904892578,247.9274313273976,249.0774381978297,41774500,0.00522184267698708
2020-07-31,256.85687255859375,257.0114985374721,252.08290236882655,256.97283466978,53686300,0.017688069412698855
2020-08-03,260.3262634277344,261.07037345511674,258.86700441481855,258.9926398916783,32081600,0.0134166900296155
2020-08-04,261.29266357421875,261.3893085209211,259.0796211098927,259.82373116489623,24911300,0.003705391818336395
2020-08-05,261.9401550292969,262.39435978177585,260.88679283565415,261.7758851460875,21612100,0.0024749662581232783
2020-08-06,265.409423828125,265.7379929634665,261.10897555802075,261.7467966414092,28048200,0.013157567534775658
2020-08-07,262.3460388183594,265.64143407046015,260.2006506583251,264.8683039499667,44969400,-0.011609238111221679
2020-08-10,261.2250061035156,262.8388911680453,257.70736012153776,262.6359279347779,35088400,-0.004282262889898205
2020-08-11,256.2770690917969,261.35061862362437,255.73589283442016,260.065302893434,43104300,-0.019122967931382982
2020-08-12,262.72283935546875,263.6699124180775,258.38375656795273,258.4320937756136,38773400,0.024840473386414628
2020-08-13,263.32208251953125,265.5930765015088,262.38468259592787,263.4960257238545,31895700,0.0022782975306793406
2020-08-14,263.0127868652344,264.2111013965405,261.62118247770206,263.94051329295877,30799500,-0.0011752810155274036
2020-08-17,266.0665588378906,266.5690711283914,263.05142611110864,264.7232622942126,24803000,0.011543848421341697
2020-08-18,268.62750244140625,269.1010242326168,265.6703505975668,267.12960933131745,23529500,0.009579171985396135
2020-08-19,266.8204040527344,269.64224759743485,266.30821830368217,268.5888855660594,31999400,-0.006749882585541209
2020-08-20,270.5216064453125,271.0048015539528,265.6220009656464,266.0278978333354,27723400,0.013776182973188911
2020-08-21,272.39642333984375,272.85062795084417,270.06741922742805,270.7149136910677,34748900,0.0069064729626523574
2020-08-24,274.0972900390625,276.38763036922364,271.8165935575746,275.6628376322414,36418500,0.006224672487416646
2020-08-25,276.25238037109375,276.44567027218886,272.87968688784093,273.3242182700818,34866600,0.007831753022992573
2020-08-26,282.14739990234375,282.39867090339663,276.223420625408,277.4990633342744,42216700,0.021114759547209844
2020-08-27,281.2679138183594,283.973824630563,279.00656382383795,283.1233963607817,49482700,-0.003121984003320864
2020-08-28,282.69818115234375,283.3263290108986,281.1519506215127,282.50489127652946,28021000,0.005072185768328809
2020-08-31,284.9692077636719,286.7763531049731,282.78515600775756,283.2200434874042,36321000,0.00800130066210958
2020-09-01,289.83990478515625,289.95586694767695,285.84870657095297,287.6171885331991,36216200,0.016947586581366827
2020-09-02,292.58441162109375,293.29953118889125,286.9117038255347,293.0869240887489,50836800,0.009424493699075434
2020-09-03,277.7502746582031,288.58350302844633,274.8511033929113,288.0809906262113,110083300,-0.05203079438988148
2020-09-04,274.0490417480469,279.21923751445735,262.66496131176126,275.96250581161735,123959000,-0.013415342533486805
2020-09-08,260.8771057128906,268.86914387034597,260.5968442333201,263.0708013495206,99568600,-0.04925763775814023
2020-09-09,268.54052734375,270.6375776704406,263.82453820583703,266.37582262151716,64837900,0.02895240529035492
2020-09-10,263.18682861328125,272.7154558497159,261.4666544194128,271.49779418159585,69667500,-0.020137687450049385
2020-09-11,261.36029052734375,265.9699620309678,257.9295869771747,264.93591724449493,71809000,-0.006964276045803957
2020-09-14,265.91204833984375,267.90281067117957,263.7859771646786,265.1389181434649,38525200,0.01726572987700029
2020-09-15,269.68084716796875,271.0241437036458,265.88294075558133,269.6518566416104,41849900,0.014073603535591001
2020-09-16,265.38055419921875,270.9373011058979,265.03266767943705,270.4734524128557,42321000,-0.016074362873794636
2020-09-17,261.2346496582031,265.1775093575876,257.71697458543355,258.557729481427,81570800,-0.015745805165770732
2020-09-18,257.9006652832031,262.9452256018231,253.80317840851936,262.6553202066905,86251100,-0.012844551762679178
2020-09-21,258.51910400390625,258.6543833234212,251.36779148738935,253.64848815537488,57168600,0.0023951020201918964
2020-09-22,263.32208251953125,263.9018932006086,257.58172084169547,260.9157502254752,41128900,0.01840833674977883
2020-09-23,255.2816619873047,263.186727464168,254.4022432863004,263.0031109501181,48837300,-0.031010438873519734
2020-09-24,256.47039794921875,259.6691482570932,252.4405364463986,252.60483581359787,70631700,0.004645757948128564
2020-09-25,262.4330749511719,263.2448396583534,255.41706852865963,256.9729730030202,55242400,0.022982846613314234
2020-09-28,267.8834228515625,267.8834228515625,262.53928527534697,267.28423604787406,58438300,0.020555799556915704
2020-09-29,266.67547607421875,268.3763033367359,266.11495305655995,267.322941207844,27050000,-0.0045194227832139385
2020-09-30,268.50189208984375,271.64266073652465,266.598101915103,266.8686900342182,49380800,0.006825487081153502
2020-10-01,272.763671875,273.3725025043538,270.43466763014914,272.31914057892124,50020200,0.015747788674438126
2020-10-02,265.0906066894531,272.75407717239364,264.24985157485753,266.74312637993074,75497400,-0.028534069904782283
2020-10-05,270.7439880371094,271.06288395160846,266.94608014130233,267.0523689488354,28184600,0.021102001202186034
2020-10-06,265.91204833984375,271.73938263824925,265.03262933065736,270.05787238546503,49704200,-0.018008072017937124
2020-10-07,270.5120849609375,271.30450288371395,267.96079947716265,268.5503131121464,27539700,0.01715116490157852
2020-10-08,271.9519958496094,272.97636757735154,270.88896023820655,272.90871315392087,25443300,0.005308791204391557
2020-10-09,276.107421875,276.18474963056843,273.2082503710338,273.59480067318304,30201100,0.015164434813220775
2020-10-12,284.6309509277344,287.46246759827847,279.7410180761956,280.7847066862767,79370700,0.03040343243726404
2020-10-13,284.62127685546875,287.06624327495626,283.2586629153269,286.42845159325793,64240000,-3.398870235160105e-05
2020-10-14,282.2439880371094,286.389811260261,280.50449705117353,285.423420825431,36949100,-0.00838754075297103
2020-10-15,280.3498229980469,280.9393069061614,276.90947599898783,277.5472971156975,42514200,-0.006733711459824952
2020-10-16,278.8132629394531,283.41326051579426,278.4653471105825,281.9926656560105,40570700,-0.005495941935128496
2020-10-19,274.2616271972656,281.6835290595731,273.2855927930398,280.7267823574281,36756800,-0.016459754673360336
2020-10-20,274.85107421875,277.95317888560766,273.44015261046803,274.9960268682495,32195400,0.0021469080805146534
2020-10-21,274.63848876953125,277.6632954251915,274.15529357193424,275.1023667763063,29306100,-0.0007737561334881622
2020-10-22,274.62884521484375,276.3683658100007,271.38178729092033,275.469600231149,32196200,-3.5114247987548265e-05
2020-10-23,275.16998291015625,275.33428224853037,272.309475689384,275.1989734414113,24658500,0.001968494083186511
2020-10-26,271.04351806640625,275.71117074606025,267.4582179216346,272.88932727895894,38421100,-0.015109635124127647
2020-10-27,273.1598815917969,273.9813192327098,270.78256974760245,272.03886532178143,30559100,0.0077778793587050445
2020-10-28,262.5103759765625,269.27511067227425,262.2591049647414,268.6662798309558,53413500,-0.039766661836916295
2020-10-29,267.1006164550781,270.0964026489202,263.3606613989677,263.824539337961,43246300,0.01733481928911804
2020-10-30,260.3262634277344,265.98929729313636,258.09390385369136,265.1195517888943,65838300,-0.025689724394332203
2020-11-02,260.9061584472656,264.32716011597347,257.9973131517606,262.713304245053,39987400,0.0022250928163756512
2020-11-03,265.4192199707031,267.5163009250624,261.737273484029,262.8196264313476,43604100,0.017149741664392846
2020-11-04,277.2670593261719,279.06453122410136,272.39644369620936,274.0586362806946,75728200,0.04367061666388635
2020-11-05,284.4956970214844,285.4620874656753,282.186009703758,283.66458590369433,52054200,0.02573697392751733
2020-11-06,284.70831298828125,285.4331059191332,280.0889672219941,283.8385673696389,40959800,0.0007470642263456579
2020-11-09,278.89056396484375,289.08599898963547,278.43635935910754,287.64605743551107,86537100,-0.020645731953535123
2020-11-10,273.8944091796875,277.02550497020536,271.18849807770005,275.585592558968,69024900,-0.01807679686260477
2020-11-11,280.0213317871094,280.49485371342126,273.8557554346704,276.4166844625286,36102900,0.022123121063873756
2020-11-12,278.7070007324219,282.25366667118294,277.5956576099085,280.98769753717005,34414600,-0.004704731808026585
2020-11-13,281.15191650390625,281.77042043794137,278.1947646125416,280.41747994710306,24806900,0.008734097961530992
2020-11-16,283.345703125,283.64528181718896,280.2435684216537,280.8523991483272,30168400,0.007772566576711394
2020-11-17,282.4469299316406,283.8675250915629,281.80910868719633,283.53895587325457,21843500,-0.0031770436617115177
2020-11-18,280.3595275878906,283.5099699855039,280.2725559838451,281.89611440171944,28069600,-0.0074178676787364254
2020-11-19,282.55322265625,282.8624746544085,279.1418658110282,279.808677529354,22718400,0.007794125013806215
2020-11-20,280.6204528808594,283.2200454515072,280.53348128270585,282.47590595859106,25907300,-0.006863876802214119
2020-11-23,280.6301574707031,282.9108249435132,278.3881243845555,281.6158651847637,26875600,3.458201974567234e-05
2020-11-24,284.572998046875,285.06586661561016,279.89567179055075,281.69314387810886,24516800,0.013952167456592897
2020-11-25,286.3221130371094,286.9599341655216,284.6889110928169,285.6359841911062,23326800,0.006127642115870625
2020-11-27,288.9604797363281,290.0814964372799,287.8877707714569,288.28399447978575,17163100,0.009172484029470275
2020-11-30,289.5498352050781,289.8880776830345,284.87251004364725,289.27924712109086,27836200,0.0020374940858102234
2020-12-01,293.2608337402344,294.88439208815726,290.7192221723429,291.82092142657996,27521300,0.01273500602176223
2020-12-02,293.6377258300781,293.97596836487656,290.2553594658821,292.09149530806684,23620000,0.0012843519054759219
2020-12-03,294.05328369140625,295.59951430318665,293.3284908569994,293.94699489846994,22828700,0.0014142055054588215
2020-12-04,295.2516174316406,295.3965996013808,293.4251547070318,294.1016103675952,19332100,0.004066945276232948
2020-12-07,296.9234313964844,297.2906644436841,295.2515654944041,295.43518201800396,20851000,0.005646365579919057
2020-12-08,297.9284973144531,298.2280759717015,294.7007569972105,296.4499212186519,18341500,0.0033792169979495247
2020-12-09,291.18316650390625,297.99620883905584,290.12013088281634,297.7159767826931,48839300,-0.022901008500797813
2020-12-10,292.3524169921875,293.4734334097907,288.0713145425778,289.1536670859478,27519500,0.004007474732245921
2020-12-11,291.7049865722656,291.83062205952194,288.438581871194,290.6999321661132,26760400,-0.0022170104553238946
2020-12-14,293.8212890625,295.7637133390825,292.82590832128056,292.89353322245734,28804800,0.007228750591998874
2020-12-15,296.9620666503906,296.9620666503906,293.88892325738595,296.07297464853934,25709000,0.010632686744673775
2020-12-16,298.5953674316406,299.37814143004573,296.31467036214076,297.35838868794735,25461900,0.005484961760439184
2020-12-17,300.5474853515625,300.77940966490763,298.9916105963697,300.18992553785495,23730500,0.006516391937715354
2020-12-18,299.6390075683594,301.49449012829695,297.2713392718179,301.1852381196582,41173400,-0.003027320633652306
2020-12-21,299.0784606933594,299.6109270127023,293.92793779990836,296.6968099330535,37095500,-0.001872492681435422
2020-12-22,299.8916931152344,300.81141034243274,297.07439618312935,299.97882235494683,26176300,0.002715437209711076
2020-12-23,298.38140869140625,300.298311151002,298.2265024091057,299.9401032992736,21201300,-0.005048823446816099
2020-12-24,299.6980285644531,300.1433656019601,298.56531899476283,298.64275735310594,16785000,0.004402833195437368
2020-12-28,302.7186584472656,303.19306815724786,300.47256173105023,302.30236444379983,22497700,0.010028457920518848
2020-12-29,302.98974609375,304.664642578281,302.08938102346127,304.0450174468872,25871900,0.0008951094703394804
2020-12-30,302.9993896484375,304.47095478764754,302.3797646138136,304.1514809415962,18138100,3.18274837600681e-05
2020-12-31,303.74493408203125,304.22900519750357,301.828031373789,302.90265506836647,21611400,0.0024575254506934824
2021-01-04,299.4560241699219,305.2455244401776,295.4575926553533,305.071236411445,45305900,-0.014220740639928292
2021-01-05,301.9248046875,302.1959128601963,298.4685595752302,298.4685595752302,29323400,0.008210419313932389
2021-01-06,297.7424621582031,301.9441957847156,296.2321626812209,297.21965709452303,52809600,-0.013949103364885081
2021-01-07,304.9454040527344,305.7779920626543,300.36608136211987,300.39512444280655,30394800,0.02390386557309417
2021-01-08,308.8663330078125,309.21487948228685,305.0421603895947,307.23017070693584,33955800,0.01277584656694791
2021-01-11,304.4033203125,307.08506389427316,303.75465196014915,305.9136199633983,32746400,-0.014555070389242647
2021-01-12,303.9192199707031,305.52631006269684,301.28587193949915,304.4419954990286,29266800,-0.0015915913415392327
2021-01-13,305.9715881347656,306.7654420740711,303.5802763522072,304.1805196299968,22898400,0.006730306094011117
2021-01-14,304.33551025390625,307.41419539720755,303.8611004791803,306.41701010065316,23500100,-0.005361503427908101
2021-01-15,301.9248046875,305.08095763432993,300.68558388460093,304.1225063350417,35118700,-0.007952749710478154
2021-01-19,306.3298645019531,306.83328778900795,303.14466852170074,304.2386738901535,24537000,0.014484514637957456
2021-01-20,313.455322265625,314.39442118013466,306.42663149113145,309.9409916510527,30728100,0.02299432729934111
2021-01-21,315.962890625,316.70837906675666,313.4167013248198,314.7914467748411,25130600,0.007967934752157443
2021-01-22,315.0528869628906,316.0597337036347,314.36548464262086,314.92702373395787,21609400,-0.0028842521067891118
2021-01-25,317.6571044921875,319.7967199017761,311.1705698585587,318.43163593412686,39080600,0.008231993396152246
2021-01-26,318.1217956542969,319.25453486339853,316.7954457605857,318.3735220441752,25498100,0.0014618014053336258
2021-01-27,309.2536315917969,315.8757201748006,307.2495703041456,315.8660588444002,55264000,-0.028272560227680318
2021-01-28,311.0833740234375,316.0209038070122,309.83446265307134,310.4540876739916,42836300,0.005899205500955894
2021-01-29,304.53875732421875,310.5025158279426,302.79611347273107,309.39881972207684,55259000,-0.021262599024635124
2021-02-01,312.1483459472656,313.23266022286646,305.9522137232358,307.97562688848154,35646000,0.02468018168695274
2021-02-02,317.2408142089844,318.3929057368792,314.94632202925646,315.1109191955359,33930800,0.016182609161112537
2021-02-03,315.98223876953125,319.6805488631782,315.92415260432034,319.3126501199401,24824500,-0.003975146169566707
2021-02-04,319.7192687988281,319.80639805087463,316.0596924861001,317.3763812339645,22350900,0.01175732016867402
2021-02-05,320.8035888671875,321.8104650393647,319.0319016209477,320.66806432122735,22732000,0.003385737421227275
2021-02-08,322.95281982421875,323.10772610139503,320.8519680704715,322.4881305380413,20462800,0.006677180726282975
2021-02-09,322.88507080078125,324.14364367200585,322.0137193026321,322.0234101778319,17597500,-0.00020980194773161608
2021-02-10,322.1492919921875,324.7729488774115,319.00283008692946,324.31792089699087,28068700,-0.0022813641261800297
2021-02-11,323.9209899902344,324.32762269625704,321.53936855596993,323.6789544509088,22046100,0.0054845501752766816
2021-02-12,325.73138427734375,325.89595187020984,322.0330747855263,323.0786551345279,20346800,0.005573439104377033
2021-02-16,324.8504333496094,327.41600420174075,323.6886509226213,326.5253004016693,27080800,-0.002708195778908438
2021-02-17,323.2917175292969,324.9666141704549,319.6515229506811,321.87823819098367,31360300,-0.004809805451386386
2021-02-18,321.8781433105469,323.2335360809982,317.89906468065965,319.7095148778247,32236200,-0.004382028878052017
2021-02-19,320.47442626953125,323.34980983793963,319.45788875907965,323.2239466223806,39157700,-0.004370557049033412
2021-02-22,312.1677551269531,317.35698283456264,311.96445354950856,316.0984098661009,47256900,-0.026261759944167542
2021-02-23,311.2383728027344,312.90357860980123,301.0922316590529,306.9010850029575,97241900,-0.0029816293780470376
2021-02-24,313.8039245605469,314.1137371441251,305.8941900752673,308.5856241112255,58206300,0.008209256163090125
2021-02-25,302.86383056640625,313.70703212959273,301.3244884248278,311.151152767555,110182600,-0.035485046361331034
2021-02-26,304.1321105957031,308.9437474743472,300.97595854773266,305.78762497172283,104739800,0.004178880908289085
2021-03-01,313.2811584472656,313.62001415607585,307.81116044626947,309.09877668531914,49164500,0.02963887580272865
2021-03-02,308.2564697265625,313.99754586595145,308.0047728460935,313.9201074901199,48370000,-0.016168926743103565
2021-03-03,299.3107604980469,308.10147616004815,299.2526743462873,307.1623773128053,86301100,-0.029449763966029396
2021-03-04,294.4119567871094,302.09900581292595,290.5490505272397,298.9428537741916,139131600,-0.016502366311072988
2021-03-05,298.8460998535156,299.7464649262253,287.9738828516121,297.02598795684276,121523700,0.014948724553207832
2021-03-08,290.3845520019531,300.18214560216165,289.9682579781333,298.30394751172685,88409800,-0.028722638719703222
2021-03-09,301.8376770019531,303.73525694853805,297.1422110624417,297.67467744361676,80391100,0.03868329355236536
2021-03-10,300.9759826660156,306.3878927743234,300.2886101347486,306.0877711249526,76798100,-0.0028589097444272006
2021-03-11,307.9078369140625,309.6698325960848,304.8194621024223,305.7101360436038,53484800,0.022770037638524747
2021-03-12,305.41009521484375,308.0918677112033,301.46977936589934,303.86106196290876,69315600,-0.008145059445097445
2021-03-15,308.67279052734375,308.83738771511173,304.09349644611416,305.729659265036,42955700,0.010626337551170657
2021-03-16,310.3669738769531,313.8716730118941,308.9341425127925,310.8607357904687,54925900,0.0054735985533607414
2021-03-17,311.64495849609375,313.53284754502164,305.62311301915645,307.3367435684353,78258700,0.004109202254539315
2021-03-18,302.0991516113281,307.7530994730686,301.64412351831913,306.77526623066706,82718100,-0.031109306226008833
2021-03-19,303.16400146484375,304.7033437065261,299.7948566529253,301.93444221012976,78446200,0.0035186379568811063
2021-03-22,308.8492431640625,310.91399450971323,305.5534094175685,305.5534094175685,56194800,0.01857935360064972
2021-03-23,307.5018615722656,311.2532981091528,306.68759879999,309.93497635860996,53455400,-0.004372130520308406
2021-03-24,302.31585693359375,308.90755666394017,302.17045810055293,308.86877378090526,64803700,-0.01700878641634866
2021-03-25,301.7923583984375,303.3045948439506,297.97308794522104,300.4740363467963,78729000,-0.0017331287769563161
2021-03-26,306.3193664550781,306.6392439163284,300.1832984915162,301.57915699601034,63519600,0.014889012993040206
2021-03-29,306.23199462890625,307.2788954499106,302.89737781731935,305.7860951665027,54608000,-0.0002852718394414861
2021-03-30,304.6907958984375,305.2627176647272,301.9959625409575,304.27397607290493,44635700,-0.005045488640736362
2021-03-31,309.3534240722656,310.91408735554086,306.1351255168878,306.47440914710774,55032500,0.015186912077155267
2021-04-01,314.62677001953125,314.76246572139036,312.9206783435734,313.17272268188594,55685600,0.016902688728160375
2021-04-05,320.90814208984375,321.67394841436936,316.86590823517435,317.10824938751,42172500,0.019767841217389955
2021-04-06,320.685302734375,322.633706063615,319.90979306618453,320.598063443454,33537200,-0.0006946435199017545
2021-04-07,321.4607849121094,322.2944541130064,319.2797138768823,320.2102959020985,32046400,0.0024152839038980114
2021-04-08,324.8147888183594,324.99897052229124,323.51584335771946,324.31072970282855,29940800,0.01037957847914521
2021-04-09,326.7825622558594,326.9861501688162,322.72095085143667,323.45764800289913,36664900,0.006039863164805207
2021-04-12,326.3560485839844,326.7728683332673,324.47547857249293,325.74534404855524,25833000,-0.0013060435424379355
2021-04-13,330.16571044921875,330.63098669592097,327.66473229251113,327.87799376647325,30374000,0.011605722350815775
2021-04-14,326.20098876953125,330.53405101338524,325.3867258114292,330.40802884439285,42564300,-0.012080959942307607
2021-04-15,331.1446838378906,331.53245341080236,325.91982312701936,329.0702586196048,36342800,0.015041669806398214
2021-04-16,331.5325012207031,331.7457626834928,329.6616044678657,331.66819692465873,40860100,0.0011704565536024617
2021-04-19,328.4984130859375,331.11568081364885,326.5790597528117,329.9621636897054,34533100,-0.009193840593700604
2021-04-20,326.1040344238281,329.11874492322863,324.13622495146456,327.8392057974429,38081800,-0.007315552667426828
2021-04-21,328.8957824707031,329.07996414438594,323.7387547729154,324.8244385866254,36598100,0.008524475520252746
2021-04-22,324.93115234375,329.4871499891358,323.77760565372427,328.50811147791865,45936100,-0.012127609030808378
2021-04-23,329.0218200683594,330.33043890861984,325.5611805627224,325.5611805627224,36381900,0.012510750015976417
2021-04-26,331.1640319824219,331.44515599867634,328.5176559830455,329.2640856555838,30812000,0.00648974656453824
2021-04-27,329.7294006347656,331.66813005738095,328.77944215058864,331.4548686375867,33187200,-0.004341497525172046
2021-04-28,328.6147155761719,330.4080466367057,327.9652280481862,329.39989881314733,33615700,-0.003386332759246704
2021-04-29,329.7972717285156,332.29821973150337,326.57897370453867,331.8813999947828,37708900,0.0035921503458087177
2021-04-30,327.6355895996094,329.8360665634626,326.7243843479342,327.35449511543897,38263400,-0.006576154148547933
2021-05-03,325.89080810546875,329.58408623460167,325.44490850724037,328.83768586553776,29729700,-0.005339602641218153
2021-05-04,320.026123046875,323.6612412033449,316.21649673606737,323.3413342392819,65147000,-0.018159753815190003
2021-05-05,318.95013427734375,322.9342394294813,318.17465418454293,322.0714904622713,46219300,-0.00336785529736542
2021-05-06,321.35406494140625,321.50916682584324,316.4490824788939,318.6883123168817,46814300,0.007508749627808762
2021-05-07,323.9617614746094,326.33668773045906,321.52864610869307,324.126536941346,53324500,0.00808196737352638
2021-05-10,315.7803039550781,322.7597131465326,315.5767160364433,322.58523457284645,60700500,-0.025578757540740134
2021-05-11,315.3440856933594,316.13897199214597,309.2467723353691,309.90596293439626,71963600,-0.001382352950821175
2021-05-12,307.1820373535156,312.7364789358394,306.31928844902643,310.4197123587213,91164900,-0.026223850788319555
2021-05-13,309.55694580078125,312.5231996658119,307.1916933671056,310.119193940392,69877800,0.007701540686890053
2021-05-14,316.3909606933594,317.302136301244,312.21297159309785,312.71706017328535,44370000,0.02183659815390088
2021-05-17,314.47161865234375,316.37156525838355,311.6023073069235,314.68488007831405,39395000,-0.006084836938691165
2021-05-18,312.3487243652344,316.64300329263045,312.0773034068647,315.4216237712998,36528500,-0.006773559369855571
2021-05-19,312.7073974609375,313.00789819210576,306.610084387319,306.9590711096651,66319100,0.0011476509789957552
2021-05-20,318.7562561035156,319.6093019729697,313.9676205775707,314.190555577994,46466100,0.01915880235278123
2021-05-21,316.99200439453125,320.7240353459111,316.6333441385424,320.30721556639253,50330400,-0.005550172442453713
2021-05-24,322.323486328125,323.4479530014382,316.88533463286603,319.2796667771913,32475800,0.01667910635240236
2021-05-25,322.7693786621094,324.55300623379526,321.5964556098517,323.83568579264556,31280300,0.0013824130731996248
2021-05-26,323.8938903808594,324.3591665878998,322.7500469283273,323.43828770635344,25444900,0.003477893073770644
2021-05-27,322.6821594238281,324.2913085420802,322.4786010989326,323.44796589913267,27931700,-0.003748151129304282
2021-05-28,323.6999816894531,325.2897541666594,323.38010432071417,323.8841633687067,29927400,0.00314929216672177
2021-06-01,322.6240234375,325.5030382874219,321.27659206724854,325.02802938445956,31145400,-0.0033294732591378517
2021-06-02,323.25408935546875,324.09743201993837,321.5383242650881,323.04082791067566,22047900,0.001951037216940925
2021-06-03,319.8903503417969,321.6933544804088,318.223041877921,320.4234890926347,37057800,-0.010460386431403743
2021-06-04,325.31884765625,325.76474720147104,321.61586685126764,321.68372949020727,38736500,0.01682748921472763
2021-06-07,326.2882080078125,326.346367531055,324.09743402345566,324.78567477026974,32611900,0.002975293340460331
2021-06-08,326.4433288574219,328.8958208385621,324.76631695292076,328.0330718893326,27282800,0.00047529755732235446
2021-06-09,326.52081298828125,328.5855646020038,326.3366313224689,327.81008464896746,21485300,0.00023733043289028217
2021-06-10,329.9233093261719,330.0299252524659,326.4142135500906,326.8601130664696,33702100,0.010366539033510784
2021-06-11,330.7861022949219,330.7958054113523,329.28359838179995,329.933056363857,21222800,0.0026117183863451693
2021-06-14,333.95587158203125,333.9655451136697,330.02992645276777,331.21255267389915,27827700,0.009536913378624957
2021-06-15,331.77484130859375,333.91712946198913,331.05749116385306,333.60692559305636,35963800,-0.006552313223189096
2021-06-16,330.5631103515625,333.3063998058053,327.1121739212168,332.2400925756048,55399500,-0.0036589547854732436
2021-06-17,334.7604675292969,335.7686152979436,329.5065263923153,329.554982803743,59722700,0.012617658546690435
2021-06-18,332.1334228515625,334.2466307401892,331.3869931199805,333.1027875251706,55414900,-0.007878489529239426
2021-06-21,334.1976623535156,334.51794039002993,330.1119109228464,332.32462521783617,32992600,0.0061958571388781684
2021-06-22,337.31298828125,337.75940508657436,333.69305236731316,333.99390169448657,28941600,0.009278626557540175
2021-06-23,337.4779052734375,338.6231050395058,336.6432987767399,337.25471171207795,27188500,0.000488794371845331
2021-06-24,339.56451416015625,341.0881598467166,338.8657606820142,339.4092323186821,32581600,0.006163913614105183
2021-06-25,339.1471252441406,340.3699510331872,338.54542671841233,340.1273287491369,28682800,-0.0012299449262416536
2021-06-28,343.2717590332031,343.40764175017654,340.3700055288033,340.42823251693966,39130300,0.012088422849038417
2021-06-29,344.51397705078125,344.5430905442502,342.26246444955655,343.09707100698824,29426000,0.003612227771326744
2021-06-30,343.97052001953125,344.74692923994303,343.3882205084683,344.35870982124544,32724000,-0.001578705537843032
2021-07-01,344.10638427734375,344.6110280307985,342.27214535845417,343.6211396469897,29290000,0.00039491010010581426
2021-07-02,348.0562744140625,348.3765228310219,345.7659044123315,345.9988123519383,32727200,0.011413308603905667
2021-07-06,349.56048583984375,349.8419359833054,345.9696641736772,348.6579380473728,38842400,0.004312435831953374
2021-07-07,350.2981262207031,352.05470949206136,348.34743324169887,351.7538601770984,35265200,0.0021079704994472807
2021-07-08,348.18243408203125,349.0364694012732,343.9608293377966,345.24185269967666,50890000,-0.006058002840155364
2021-07-09,350.3563537597656,350.83188404216685,347.01786817849813,347.60016768536724,35184500,0.00622421183720112
2021-07-12,351.7247314453125,352.18086258323524,350.18162745543833,351.7538449384998,25717700,0.003898066611055933
2021-07-13,351.7247314453125,354.68471184829133,350.87069615584164,351.3462264168953,39723000,0.0
2021-07-14,352.3555603027344,354.7041278435109,351.5306384672121,354.06360134594,35336400,0.0017919235451241207
2021-07-15,349.88079833984375,352.4720178509438,347.88159271368477,352.2682233868746,53391600,-0.007048259969795522
2021-07-16,347.0469970703125,351.7150484688974,346.6976055038964,350.7348447491291,47262000,-0.008132311283444568
2021-07-19,344.2035217285156,344.69845123070195,341.6511296216151,343.6017933642096,64404600,-0.008227093659538044
2021-07-20,348.2019348144531,349.6479546871026,343.35917208635783,345.1351844508363,42183700,0.011549468577472952
2021-07-21,350.8901672363281,350.8901672363281,347.55168112030583,347.77490435850655,30259900,0.0076906767046556815
2021-07-22,353.2095947265625,353.2192794800728,351.09390553080846,351.09390553080846,30252200,0.006588372856837568
2021-07-23,357.3341979980469,357.6156185912099,353.18050467776334,354.5294695016737,31960800,0.01160983923203132
2021-07-26,357.6156311035156,358.00385055881424,355.78142153027045,356.64514169924155,28438100,0.0007872807532766834
2021-07-27,353.6754455566406,357.35360868187286,349.53146647345926,357.35360868187286,57933100,-0.011079081348269713
2021-07-28,355.0341796875,356.6063976396173,352.5206153024903,354.81098604547014,42066200,0.0038343935152048486
2021-07-29,355.66497802734375,356.8295475766185,354.4712653627747,354.4712653627747,25672500,0.0017751491573937028
2021-07-30,353.8113708496094,354.3936704840777,351.71510993571735,351.74422343659126,36484600,-0.005225294396901849
2021-08-02,353.84039306640625,356.0531074129559,353.13192523859226,355.47080792870975,27334100,8.202400755000867e-05
2021-08-03,355.9852294921875,356.10168348639223,351.31717765022717,354.5003818321022,35558500,0.006043295382186898
2021-08-04,356.49951171875,357.45060183033047,354.8399834211076,355.94632574720885,29602200,0.0014436303997333348
2021-08-05,358.7607421875,358.99365010936197,356.60625505934047,357.31469319399685,21443900,0.00632283980479036
2021-08-06,357.18853759765625,358.4695904475238,356.08219531239246,357.49910124919626,33332100,-0.0043919511100935175
2021-08-09,357.84857177734375,358.3726147359281,356.5481195184718,357.6447476764634,25960200,0.0018461541603898863
2021-08-10,356.0143127441406,358.6540449841331,354.83031454200466,358.3629100233557,35130800,-0.005138978674292635
2021-08-11,355.4028625488281,357.77085870550394,354.073297005322,357.27592932393196,34249800,-0.0017189642508196152
2021-08-12,356.6839904785156,357.04306684042984,353.5492988568263,354.89829342400446,25969200,0.0035982389128670906
2021-08-13,357.93585205078125,358.26581484152007,356.5383451623687,357.03330415696774,19336200,0.003503577086217277
2021-08-16,358.0910949707031,358.1298932122339,352.96691347569947,356.8197565615795,34856900,0.0004336231282919437
2021-08-17,354.93707275390625,356.3151510147856,352.5108494327965,355.34466168634174,44793900,-0.008846895343007246
2021-08-18,351.52099609375,355.800858374341,351.19103321535613,354.403351114679,38541900,-0.009671071606702194
2021-08-19,353.2193603515625,354.8886035245601,349.337402239195,349.58973899393567,48499400,0.004819839051783479
2021-08-20,356.8780822753906,357.27598648850346,353.9762987928336,354.28686251287087,39486000,0.010304935861745705
2021-08-23,362.2156677246094,362.90470671239143,357.9066936290837,357.91637838081397,34034700,0.014845584400296976
2021-08-24,363.3221130371094,363.9238117282097,362.341909262712,362.80775483823464,21732900,0.003050002906989939
2021-08-25,363.7394104003906,364.3120252016674,362.8271480072528,363.57444379011275,20441900,0.0011479012316047382
2021-08-26,361.4295654296875,363.56462368999394,360.99283348575045,362.8852990868416,29133300,-0.006370522897412135
2021-08-27,364.94281005859375,365.4474538399385,361.5752109531415,362.0604556103134,27104700,0.009673473671987152
2021-08-30,369.0382995605469,369.5235442485013,365.70949849227054,365.72892723465935,27295700,0.011159774966258373
2021-08-31,368.7374572753906,369.34884071563806,367.1943530752369,369.28092896693454,29628200,-0.0008155385943304378
2021-09-01,369.3487854003906,371.4159322397432,369.14499095082925,369.79523177921465,28138300,0.0016565225835330475
2021-09-02,369.1741638183594,371.0278021363482,367.96105206184734,370.69783929261524,25453400,-0.00047289413408252516
2021-09-03,370.30963134765625,370.70753553837505,368.00957630848825,368.02897543352884,24605400,0.0030709758052630044
2021-09-07,370.8336181640625,371.4838589668425,369.26143038110774,370.41631491144716,23970200,0.0014139962930398897
2021-09-08,369.5429992675781,370.65905629528083,367.28177171117153,370.65905629528083,32949200,-0.003486388341761219
2021-09-09,368.2716064453125,370.8725108772747,368.0289841001596,369.76616838421006,29399000,-0.003446378184539539
2021-09-10,365.47662353515625,370.697861587929,365.14666067157793,369.9797088623168,40249400,-0.007618407280242135
2021-09-13,365.2242431640625,368.2327660651284,363.1765248567049,367.8057483828101,48741800,-0.000690789877586878
2021-09-14,364.1858215332031,367.43693697085075,363.2347313640418,366.70907000117154,41826600,-0.002847293676534709
2021-09-15,366.8934326171875,367.2428241323064,362.3515502395031,364.64192016733983,34097900,0.00740719545349892
2021-09-16,367.1458740234375,367.7184592644922,363.6424212052076,365.5639714270887,35193100,0.0006878144369613149
2021-09-17,362.7979736328125,366.71875839113625,361.7595726718765,366.67024577672095,60912300,-0.011913113115352699
2021-09-20,355.3014221191406,358.75046688054283,350.66703692248456,357.0113567892473,76203200,-0.020879627263385304
2021-09-21,355.7386169433594,358.3229841141822,354.61159767451653,357.12794816062376,41927500,0.0012297335038703998
2021-09-22,359.0614013671875,360.5187493428805,355.55403515444647,356.6519087067731,46972900,0.009297169202761501
2021-09-23,362.37445068359375,363.404307570577,359.5763377643105,360.217574445798,44652000,0.009184663049805194
2021-09-24,362.7144775390625,363.1322731716639,359.7414899525931,360.1106895280067,36056800,0.0009378901460466216
2021-09-27,359.8191833496094,360.6935861132538,357.2736872299661,359.6734544973048,43338100,-0.008014324710610676
2021-09-28,349.6372375488281,359.77065760688873,349.13203421217105,355.2723346876487,97701600,-0.02870548396092767
2021-09-29,349.0639953613281,353.0376940575205,348.4422089595116,350.9002680921135,58076600,-0.0016408796467495112
2021-09-30,347.7814636230469,352.3672524598552,346.94593179993717,350.7058843035633,61384600,-0.0036809687711595483
2021-10-01,349.9383544921875,350.9779363955298,344.3032880653489,348.40329448757456,56375500,0.00618270452947432
2021-10-04,342.5933837890625,348.6559423473053,340.35879524735253,348.32561367199827,76766000,-0.02121273501060436
2021-10-05,347.2180480957031,349.46236180224014,343.42894895803175,343.6523900245953,47232900,0.01340868933982913
2021-10-06,349.44287109375,349.71490816575323,343.10824696739064,344.0117954940638,56806500,0.006387126076116963
2021-10-07,352.6490783691406,355.29173732282277,351.9495501269947,352.48389921273855,39411200,0.009133360853481437
2021-10-08,350.89056396484375,353.9607141915723,350.3561852041232,353.72751833333194,41822300,-0.004999058931929512
2021-10-11,348.1993713378906,352.87259898817007,348.1119043516564,349.35550699695233,34847200,-0.007699169405551112
2021-10-12,346.98486328125,350.0841294694706,346.3436265923632,349.6469428519261,43905100,-0.0034940645422275787
2021-10-13,349.7635498046875,350.433932313799,347.26661956929087,349.2874922387302,40120800,0.007976196867729955
2021-10-14,356.20501708984375,356.41876265768235,352.68795518708134,353.34861252410167,43433900,0.018249101597156616
2021-10-15,358.4493103027344,358.56589339676304,356.3895965753738,357.41945343905405,40419900,0.006280800394503474
2021-10-18,362.05377197265625,362.2675175062636,356.5547092896847,357.1570749799005,34513500,0.010005485968594924
2021-10-19,364.7935791015625,364.8421455006068,362.10235422851224,363.1224858069732,29091000,0.007538914742717287
2021-10-20,364.3175354003906,365.86232053598303,362.84073729606274,365.25022970588054,31390300,-0.0013058195365502681
2021-10-21,366.54248046875,366.7368054154041,363.2197432896632,363.52092620210016,25469300,0.00608858575769231
2021-10-22,363.46258544921875,366.2509731223025,361.8012170845607,365.28913296115627,36275800,-0.008438060056201112
2021-10-25,367.1836853027344,368.096959102957,362.93794947075344,364.8810801691298,32597800,0.010185864692664177
2021-10-26,368.3398132324219,371.8277289256972,367.16422758060594,369.41826607898804,47191300,0.0031436898593637905
2021-10-27,369.19476318359375,372.2551875273893,368.5243808468804,368.7866927678403,45760500,0.0023184006864367334
2021-10-28,373.2948303222656,373.54744679468445,370.32184280003185,371.0893877086592,38007000,0.011044218935442787
2021-10-29,375.1311340332031,375.29631321107075,369.87499086728803,370.2247402089012,37310100,0.004907118360966815
2021-11-01,376.41351318359375,376.53982140855203,373.48912197799297,375.5682561701875,30765300,0.003412652594119419
2021-11-02,377.9874267578125,378.46351386461185,375.7528386721774,375.80140507193687,25135300,0.004172624328730893
2021-11-03,382.0000305175781,382.41779647294356,377.4336914813911,378.47324379942285,33748900,0.010559755974612521
2021-11-04,386.8966979980469,387.84884257503916,382.7189794670043,383.26305361105216,40265300,0.012737038664439992
2021-11-05,387.26593017578125,389.5879557988873,385.8668737874535,388.664986564109,43383800,0.0009538879617644751
2021-11-08,386.74127197265625,388.25691143350406,386.10003533155617,387.23677975210165,29256300,-0.001355693543999839
2021-11-09,384.0791320800781,388.20828385863103,382.7189468359295,387.80993859966344,50490700,-0.006907317094944188
2021-11-10,378.4344177246094,384.1180511334133,376.51070771481966,381.3102427732296,54937400,-0.0148058155094542
2021-11-11,379.4837341308594,381.58231899764763,379.14368030363386,381.4074443378712,32243000,0.002768945628527453
2021-11-12,383.476806640625,384.0111556551073,379.03674644093985,380.63009799400083,34730600,0.010467406255656241
2021-11-15,383.38934326171875,384.97299933919516,380.9507346830435,384.6523958574728,33716900,-0.000228105985109969
2021-11-16,386.1195373535156,386.61501554953645,382.4664419328145,382.66073722445026,27872900,0.007095968913770278
2021-11-17,386.3235168457031,388.35408477451546,385.3616766820078,386.44009993829405,28703300,0.0005281411900075507
2021-11-18,390.3263244628906,390.8315276998978,386.1486059054176,388.36377340586023,45721500,0.0103079736766508
2021-11-19,392.50262451171875,393.7753725804362,391.1327139908467,391.95855035943424,45191700,0.005560105201339711
2021-11-22,387.94610595703125,397.0885411920894,387.83924798018325,394.0378408325258,61715400,-0.011676796051294732
2021-11-23,386.1778564453125,388.8496615068786,381.7475202424835,386.7899177899271,70098700,-0.004568396465979853
2021-11-24,387.42138671875,387.7031193065727,381.37824939479043,383.7002750331125,46954400,0.003214923891129632
2021-11-26,380.076416015625,386.2361374125211,378.6870548878355,384.8467762847315,51533300,-0.019140627946475874
2021-11-29,388.32489013671875,389.33532622839266,383.9042804165969,384.63295430341805,54447100,0.021470007676575135
2021-11-30,382.6219177246094,389.7823504423858,380.6107701003991,387.44087411876046,81332700,-0.014794993328757736
2021-12-01,376.1123352050781,389.09246237572006,375.6460028605043,386.9550069636954,77766500,-0.017159479017207345
2021-12-02,378.8230285644531,380.6009800122921,373.41140274344633,374.829879775316,84416600,0.007181290316683253
2021-12-03,372.23583984375,381.1839484767018,368.1261077111133,380.18323734532777,105349100,-0.017541521460299452
2021-12-06,375.2185974121094,376.5787831439078,368.5147719307007,372.7216670313427,67588800,0.00798115109854642
2021-12-07,386.5177917480469,387.1298826017134,381.8154194791573,381.8542903912459,56005300,0.029669117384207324
2021-12-08,388.2471923828125,388.4512424421491,384.9536014584753,386.8481656391627,39204000,0.004464330584032812
2021-12-09,382.53436279296875,388.8203905916405,382.340037900193,387.0229891078201,49973700,-0.014823743936633457
2021-12-10,386.69268798828125,386.95499992733414,382.17488593364493,385.3421980821005,52545800,0.010811803090713798
2021-12-13,381.1061706542969,387.0035488196658,380.736971138381,386.6829453531064,50166400,-0.014552290247429716
2021-12-14,377.1616516113281,378.99789456315466,372.7215911886639,376.28721914398113,75199200,-0.01040411978067806
2021-12-15,385.7600402832031,386.11954439644194,372.9645402349824,376.90909348999844,73858000,0.022541639197112502
2021-12-16,375.84027099609375,387.1493039329208,374.2566150073627,386.72181288136824,82591400,-0.02605127690695256
2021-12-17,373.9651794433594,378.1234774774166,370.91445036309227,372.43008976290076,80492500,-0.005001551963912651
2021-12-20,370.337646484375,371.1256172416419,367.2052088944607,369.2481081379167,65336800,-0.009747542411369941
2021-12-21,378.6258850097656,378.9371901124146,369.8609215154893,373.6062015583831,48899500,0.0221334591993681
2021-12-22,383.23699951171875,383.4412804932483,377.67254707587614,378.3340481411925,37042200,0.012104988709487634
2021-12-23,386.12628173828125,387.59519903351975,383.42188146726215,383.58724190976255,29595500,0.0075108752387334785
2021-12-27,392.5078125,392.5078125,387.39084295846783,387.42002595370644,32820700,0.01639197075920359
2021-12-28,390.68865966796875,393.57789509151775,389.813140079433,393.4027971113481,33113700,-0.004645465520269
2021-12-29,390.63031005859375,392.08951932991863,388.2566606022235,390.82488316984586,32248500,-0.00014936181443005875
2021-12-30,389.4629821777344,392.59541944240806,388.8792924991095,390.4163132880544,23850100,-0.002992792692287124
2021-12-31,387.0309143066406,390.15361358706275,386.5347736936786,388.79169097937756,34752900,-0.006264249687290238
2022-01-03,390.75677490234375,391.0097140063851,386.0873171654606,388.19828992742805,40575900,0.009580735584362293
2022-01-04,385.6884765625,391.34047822796384,382.5949599614313,391.30155766728365,58027200,-0.01305531927043912
2022-01-05,373.8397216796875,385.12428010378204,373.5867825549278,384.00552916746227,75739800,-0.031202834181181038
2022-01-06,373.57696533203125,376.81642607500663,369.79276526856927,372.02049941593384,70814300,-0.0007031054110697055
2022-01-07,369.53021240234375,375.2697937191011,367.75972737664983,373.58682801623934,72652300,-0.01089154580916589
2022-01-10,369.77337646484375,370.288992287326,359.267080640251,364.6272526796805,91770500,0.0006578192637783507
2022-01-11,375.3280334472656,375.4933938489489,366.96189556641036,369.0436850542449,68295700,0.014910077508874216
2022-01-12,376.8164367675781,379.58894000178645,374.5400741286229,377.8962372540875,54576400,0.003957764291577415
2022-01-13,367.3899841308594,378.8788226987878,366.4560985140958,378.19784650025264,77994000,-0.02533425281978583
2022-01-14,369.6761169433594,370.006867509756,364.6661409463367,364.8704516363952,80121200,0.006203351749128027
2022-01-18,360.47332763671875,365.98915188546283,359.71453998380207,363.8684414821431,75450900,-0.02520929582504169
2022-01-19,356.51397705078125,364.50070652430776,356.2513004133618,362.0297708089985,81791500,-0.011044521450375846
2022-01-20,351.8834533691406,363.7030425438633,351.3484218440726,359.73400638356384,88610700,-0.013073423009552857
2022-01-21,342.126220703125,352.3309484155579,341.84409858774796,349.6946518810321,143388900,-0.028120287032036114
2022-01-24,343.6924133300781,344.35394409860754,325.06318082244553,336.5033910595923,198685800,0.004567374731204013
2022-01-25,335.7251281738281,341.48415385021434,332.38841008513276,337.24273313473367,124398400,-0.023454355839606866
2022-01-26,335.1998596191406,347.1751022863586,331.51291558684187,343.31306025257425,146559500,-0.0015658044388361166
2022-01-27,331.82421875,341.71764171534386,330.80275437199975,339.89849877273497,95255700,-0.010121582704709408
2022-01-28,342.2331848144531,342.44720335065784,328.7598436579798,333.7016857380433,108167900,0.030886964561246507
2022-01-31,353.17724609375,353.76093569684656,341.9607928414267,343.5951296676344,94326400,0.03147771282941871
2022-02-01,355.5801086425781,356.2319018538568,349.3736300747479,354.51975345573044,74433000,0.006780520128141473
2022-02-02,358.4693298339844,360.0355631779779,354.3835618038252,359.70481264846654,78777100,0.008092540385684528
2022-02-03,343.9356384277344,352.0877595673493,342.87528317586026,348.78022424897017,95384800,-0.04138856273564408
2022-02-04,348.2743835449219,351.5721813751419,342.3986253392621,344.45123232666253,86318300,0.012536085292145024
2022-02-07,345.47265625,351.2316520904139,344.2177279914136,348.86774024734893,58198100,-0.008077130038054955
2022-02-08,349.3541564941406,350.44369468405654,343.2060142079704,344.33447295829444,64720900,0.011172685192373563
2022-02-09,356.7572326660156,356.8350441003599,352.27258059296145,353.86799703006915,55766400,0.020969347196293796
2022-02-10,348.6828918457031,356.52370682890097,346.84430370922803,349.7432469581747,112468500,-0.022892640113065042
2022-02-11,337.6221008300781,350.2783183711059,336.3963555781641,348.6829020313012,101569100,-0.03223566468119454
2022-02-14,338.0404357910156,341.43554980599544,334.53835702585025,337.0676295367606,80254400,0.0012382957222548594
2022-02-15,346.4454345703125,346.6788985298237,342.2526427338725,343.31299780023323,55128800,0.024559809396341184
2022-02-16,346.3578796386719,347.37931413168127,341.17280668796377,344.19824898721663,58947100,-0.00025275552328074915
2022-02-17,336.0558776855469,343.84803432565775,335.63754850169113,343.14761274914025,61801400,-0.030195125946467824
2022-02-18,332.2229919433594,337.37885195183105,329.91744643602993,336.9897354830625,80001500,-0.011471042839815275
2022-02-22,328.8863830566406,334.6843307239925,325.25783409201006,329.28523725335987,85967100,-0.010094055063872101
2022-02-23,320.4618225097656,332.8748090871975,320.1505174094211,332.038210028671,86215400,-0.02594920013704666
2022-02-24,331.2307434082031,331.7658045821459,309.60528254944063,310.1694970315348,130614100,0.03305209177204998
2022-02-25,336.36712646484375,336.5714371039434,328.2150369641801,332.0284199331353,78842100,0.015387959253351536
2022-02-28,337.3692626953125,339.06196609445857,332.03830238561784,333.1959444282771,77515500,0.002974863717181079
2022-03-01,332.20355224609375,338.61434101103964,329.68398795912555,336.34771581519976,67407000,-0.015430175257031506
2022-03-02,337.77777099609375,339.11051074418504,330.98757301152676,333.750339065548,70609000,0.016640306769866314
2022-03-03,332.9526672363281,340.5210984604028,331.09460378869966,340.41407433832154,71089400,-0.014387857540605495
2022-03-04,328.1275634765625,332.028526362809,325.8123093471127,330.5984998691438,76936300,-0.014597893630717475
2022-03-07,316.0258483886719,329.2754954686106,315.82156737304103,328.1178535672142,89933800,-0.03757843687546103
2022-03-08,314.5568542480469,324.14870801818853,311.2395819280208,315.23780069650655,116153900,-0.004659172514178776
2022-03-09,325.88031005859375,327.2325248047773,320.1407599335738,322.7284277548084,64723400,0.035365330466465436
2022-03-10,322.261474609375,323.46777439300604,317.8254810506982,321.82372966537287,69362700,-0.011166917919797535
2022-03-11,315.578369140625,325.5399261987879,315.0919659731186,325.2286210465374,66228400,-0.020956201194234466
2022-03-14,309.517822265625,317.7088354468759,308.8174004770983,314.3429336489785,79802600,-0.019391373254464953
2022-03-15,319.226318359375,320.0045810582813,310.54890450229607,312.1540286427411,76471000,0.03088463865360581
2022-03-16,331.0654296875,331.1821616873152,319.4695661402415,323.1370646980165,105243000,0.03641571543697302
2022-03-17,335.0733337402344,335.1316997309201,327.8745745746981,329.16839361847946,67810000,0.012033385941482257
2022-03-18,341.9315490722656,342.2234086657833,332.2618556898003,333.41949712908706,85446300,0.020261153562874265
2022-03-21,340.9809875488281,343.3186324478158,336.5979479498107,341.09789357328924,73799100,-0.002783847378258963
2022-03-22,347.68218994140625,348.5490720835401,341.0979103437439,341.4777583376518,63345900,0.019462094474915086
2022-03-23,342.6854553222656,348.3639424814587,342.6270171803516,344.80881680122246,70615500,-0.01447582866443762
2022-03-24,350.3022766113281,350.3509948884147,342.4517676660401,344.60431889958267,53555300,0.021983442664664066
2022-03-25,350.0101318359375,351.29583081945475,345.7147486803651,350.24388447861514,57584200,-0.0008343270483675193
2022-03-28,355.42559814453125,355.5230049812949,348.7633807065235,350.00036133268156,56833900,0.015353837252629635
2022-03-29,361.54229736328125,362.16564748431114,356.54562789853816,359.31180908270505,68073000,0.01706310048877588
2022-03-30,357.5489807128906,361.33789020751715,356.0684976489149,359.6820629229621,68757700,-0.01110667817226029
2022-03-31,353.1171569824219,358.0456391088496,352.279493961754,357.6949804858477,67011400,-0.01247247039750776
2022-04-01,352.4450988769531,354.1593341944505,349.2698205991994,353.38013902507805,54527800,-0.0019050290832219787
2022-04-04,359.7015075683594,359.71125717005106,353.019820174865,353.2827919009814,45950200,0.020379679619769237
2022-04-05,351.7146301269531,358.96125893501994,350.5750266015486,358.2502217162296,62738700,-0.02245440494681297
2022-04-06,344.0783386230469,347.5068387031979,341.44850312291874,346.4062040659175,90077100,-0.021950776925965823
2022-04-07,344.8966064453125,347.08812678173155,339.6272139805952,343.08493417718637,63777400,0.0023753206494809206
2022-04-08,340.07525634765625,343.9128544106506,339.4421564054095,343.1628781374533,61956100,-0.014077745335411137
2022-04-11,332.0299377441406,336.7636071517967,331.6890286539163,335.8480363263463,66107400,-0.023941796537426906
2022-04-12,330.6273498535156,338.6531740869484,329.2539936675608,336.77334394794974,72790200,-0.004233228884472035
2022-04-13,337.3480224609375,338.3999391002266,330.24748854144997,330.9682456882889,61367800,0.02012319518120163
2022-04-14,329.6338806152344,337.9519263501664,329.41959743203574,337.4357027348784,73519400,-0.0231325191947183
2022-04-18,329.8871154785156,332.17604260732804,327.0624952815199,328.58194696609405,58560600,0.0007679357510255479
2022-04-19,337.2603759765625,337.8350377368867,328.22157337418815,329.2442709651318,56515700,0.022104739406556165
2022-04-20,332.3415222167969,338.5264838163348,331.1240112611551,338.068698508038,65500000,-0.014692139476529965
2022-04-21,325.465087890625,338.8284920047036,324.5397972136839,336.2181551269493,75801000,-0.02090792253050587
2022-04-22,316.9425048828125,326.838439334833,316.51393856889234,325.62092815310405,82562100,-0.02653481421390029
2022-04-25,321.0137939453125,321.3254838822718,314.04963725828924,315.31586648054065,101755900,0.012763709181150008
2022-04-26,308.89715576171875,319.14371732718405,308.62440477055,318.95865328282736,105819600,-0.03847570175130903
2022-04-27,308.5270690917969,314.4879988119312,306.81280391367983,308.9945743408159,111204200,-0.0011988085317900638
2022-04-28,319.484619140625,321.31576034389815,309.26724715521,313.4847216823124,99450000,0.03489954853796674
2022-04-29,305.1082458496094,318.72489909461126,304.47514609679433,315.2866493407325,91977900,-0.046042514185191466
2022-05-02,310.20233154296875,310.43608414182137,301.6018172427122,304.69915807506743,115511800,0.016558148902662245
2022-05-03,310.5335693359375,312.82249652532755,307.767387228648,310.2218793092127,78185500,0.0010672423616546133
2022-05-04,321.0333251953125,321.7053936845587,305.73165437547124,311.01076573447637,116083400,0.03325292521625226
2022-05-05,304.86480712890625,316.7964169925775,301.5726520595983,316.7185093538342,154607400,-0.051676511523577405
2022-05-06,301.21221923828125,306.90042702253174,297.17980856751376,302.8680460761537,139572800,-0.012053359402625365
2022-05-09,289.4267578125,301.30967906735975,288.0339321273305,295.59225120251307,113387300,-0.039912794085071535
2022-05-10,292.9429016113281,297.8129457012923,288.8618022859869,296.5954346788012,124124600,0.012075445441819514
2022-05-11,284.2547302246094,296.18633825965026,283.38787783221585,290.68319437612166,140326100,-0.030106941415987305
2022-05-12,283.58270263671875,288.0631497956638,277.53411532056,279.978887320911,120910900,-0.0023669728790528173
2022-05-13,294.0922546386719,295.12470171225505,286.43652909796657,288.0339179888043,83684900,0.03638970871973534
2022-05-16,290.6832275390625,294.40394878669343,289.4072782183106,292.3487744870589,59190400,-0.011659400308236648
2022-05-17,298.2122802734375,298.5921282397096,292.73832597930084,296.53698398835553,62715300,0.02557147371924355
2022-05-18,283.5729675292969,294.3941922213198,282.316487716093,293.70265421999056,79477100,-0.05033611170879257
2022-05-19,282.05352783203125,286.73853871249423,280.10550973056866,281.77108660888524,79920700,-0.00537260317397861
2022-05-20,281.1768798828125,286.1638006552641,272.9270233764225,285.51123134311183,91764200,-0.0031129308543313425
2022-05-23,285.8521728515625,286.2320209059807,279.82305474608825,282.2191085702212,63648400,0.01649086197251212
2022-05-24,279.7742919921875,281.3521815700702,274.913997352395,280.6411741346291,73491100,-0.021491620982893988
2022-05-25,283.68988037109375,285.7645243666123,278.079578831032,278.2841124050644,67144500,0.013898492934683674
2022-05-26,291.550048828125,293.0987490190363,282.60865493867686,282.8911258210658,59462200,0.027330014143158606
2022-05-27,301.066162109375,301.21225750200745,294.5597896794027,294.6766659935086,66985600,0.03211836312119462
2022-05-31,300.2674560546875,303.2381712461334,296.4201090925534,301.0369313919927,60968300,-0.002656450596637957
2022-06-01,298.04669189453125,304.5238444499757,295.83570262602854,302.40051240627986,65341700,-0.007423439228860919
2022-06-02,306.2088928222656,306.3842072732837,295.5142654443154,296.92659010109287,59291300,0.027017366888932297
2022-06-03,298.2415771484375,302.40058500955723,296.99484677787353,300.99800962712317,60914700,-0.02636370566176067
2022-06-06,299.2350158691406,304.23168628909286,297.67659568206346,302.67326610201565,51785000,0.0033254512321265433
2022-06-07,301.816162109375,302.59538713893994,294.8227846687545,295.9136699857499,44900300,0.008588826382635407
2022-06-08,299.6441345214844,303.6180780499389,298.7967217470481,301.01746101503045,38342100,-0.007222545002762509
2022-06-09,291.61822509765625,301.0174039542495,291.4526602494023,297.95903181749986,55900500,-0.02715005376438678
2022-06-10,281.33270263671875,287.20597460384334,280.8846669045221,286.01768266023385,85963500,-0.035907534403612995
2022-06-13,268.25177001953125,275.001643941255,267.39463751053967,272.47896468943065,94442000,-0.047611984228414624
2022-06-14,268.73876953125,271.41729371088064,266.2355598004326,270.44328491828765,64697500,0.001813810893732089
2022-06-15,275.4496765136719,279.37493078532503,269.4205596688989,272.15755174098666,86051400,0.024665158747807288
2022-06-16,264.3362121582031,268.8848157422862,262.281038524918,268.42703050449353,81910300,-0.041183125729878714
2022-06-17,267.5505065917969,269.98552883699915,263.4791565316729,265.10573474580815,82703400,0.01208653440674616
2022-06-21,274.3006591796875,276.6135225102179,271.9195365844866,272.026869215321,51633700,0.02491644287206854
2022-06-22,273.9005432128906,278.3017464295533,271.2071020260493,271.8023751623008,67472900,-0.001459741555105541
2022-06-23,277.979736328125,278.8287481171388,273.54922781064863,276.37927703453715,57457800,0.014783160608262215
2022-06-24,287.5043029785156,287.92395446562955,280.5658029808013,280.800004903636,58422300,0.03368960687925521
2022-06-27,285.396484375,289.42684893372103,284.2644585476467,288.8608509108106,54151500,-0.007358440277891382
2022-06-28,276.70135498046875,288.5192616412146,276.5159351758475,285.9331824998259,61609800,-0.03094060301863923
2022-06-29,276.955078125,278.45794354155225,274.06647805469794,276.56473159358586,57302700,0.0009165364913022036
2022-06-30,273.5199890136719,277.09171787698773,269.1285234937554,273.9786543814577,79313600,-0.012480615037375166
2022-07-01,275.32537841796875,275.71572495682835,270.34837814829655,272.2220832289671,56675100,0.0065788873264722054
2022-07-05,280.038818359375,280.1559193205776,270.075081156703,271.5974532153894,61829300,0.016974638066732318
2022-07-06,281.8344421386719,283.93261027210065,278.70187223129227,280.4194324508901,63194700,0.006391583364025895
2022-07-07,287.8653869628906,288.56802247137284,282.6444176772337,282.6444176772337,56620100,0.021173150566859686
2022-07-08,288.22650146484375,289.5927291083753,284.0985135096991,285.0353510679023,59895500,0.0012536699665578969
2022-07-11,282.0687255859375,286.040539649993,281.19043841491765,285.8161060220792,55273900,-0.021595885457485645
2022-07-12,279.3363037109375,285.2306361553296,277.74561214256926,283.3179168042765,55797100,-0.009734303430281381
2022-07-13,278.76043701171875,281.10254575215123,273.2662215205759,273.8322492499436,73939400,-0.002063681299579796
2022-07-14,279.7558898925781,280.62440871511484,273.0515607161218,276.16462427336086,63741800,0.003564636831471438
2022-07-15,284.8304443359375,284.93780675556116,281.1318462068161,282.74207403045335,63818100,0.017976669972323608
2022-07-18,282.4200134277344,289.01697987225447,281.2489738562214,287.6117085612143,59519600,-0.008498698885316628
2022-07-19,291.1053161621094,291.3980983569474,284.4400614458328,286.04049094114333,55172600,0.03028974072105299
2022-07-20,295.72119140625,296.9019989702816,290.7441928015369,291.5249153996122,67769400,0.015731976605530763
2022-07-21,299.9663391113281,300.0248895951628,293.525517855766,296.1799156552056,55049400,0.014253175885782244
2022-07-22,294.706298828125,301.1080759178699,292.8814060911661,299.03921292663256,57127700,-0.017691002187795873
2022-07-25,293.0278625488281,295.20408853441734,291.02731782839834,294.7356547965479,40582400,-0.005711564691720917
2022-07-26,287.2701110839844,291.58351859643307,286.4601428848884,291.32977998348684,50074100,-0.019844771764233354
2022-07-27,299.4101257324219,301.09841102643696,291.2615112895609,291.82753909562643,69304400,0.041391364740223265
2022-07-28,302.3377990722656,302.91356549576466,295.4480791144159,299.1954599297295,55139900,0.009730640754299916
2022-07-29,307.85150146484375,308.7590936927906,302.4548791564084,303.879687273535,57501000,0.018072596356959958
2022-08-01,307.6660461425781,311.1206738276758,304.9921412634084,306.08512341017763,46358800,-0.0006025996451229999
2022-08-02,306.74871826171875,310.86693803333435,304.3187836531633,305.3727520054132,48676500,-0.0029860238249617213
2022-08-03,315.10223388671875,315.92197036204516,308.3686310866716,308.42718156480026,53735700,0.026868233054961332
2022-08-04,316.5758056640625,316.8880947466427,313.0333526987041,315.1803029145353,38973700,0.004665587081081401
2022-08-05,313.9897766113281,316.0195964067601,310.7108300691232,311.4915231177822,53894000,-0.008202298456866673
2022-08-08,312.9747619628906,318.5958456002332,311.51094058079286,314.9070169086077,43878500,-0.0032378722328204696
2022-08-09,309.432373046875,311.3353531473063,307.81243659216807,311.0816145255079,39764200,-0.011382990220861922
2022-08-10,318.0689697265625,318.3617519714591,314.29231404150215,316.7612924209817,51459600,0.027528680834529456
2022-08-11,316.2635803222656,322.3921133408172,315.56094463561175,320.39156870404844,45897700,-0.005692264346165137
2022-08-12,322.4213562011719,322.61651454334356,317.25893707907943,318.31287551508046,40928400,0.019283268907140834
2022-08-15,325.02691650390625,325.5246253333156,321.455188546756,321.47472522651265,38266600,0.008048749154983641
2022-08-16,324.2657165527344,326.35411605303005,321.2209727943602,324.051021555335,41186900,-0.0023447064117223175
2022-08-17,320.5672302246094,323.43632355321506,318.48859834556515,321.13325804129107,47842200,-0.011471271446429144
2022-08-18,321.338134765625,322.5189425848019,318.90820030114213,320.5183981966612,41937200,0.0024019269932599465
2022-08-19,315.0729675292969,318.9569851504218,314.31178143869266,318.3031614705781,51770600,-0.019689693096781286
2022-08-22,306.7779846191406,311.052348829549,305.9680163669286,310.8181468831801,51098900,-0.026679946118572728
2022-08-23,306.5242614746094,309.35431072684594,305.7728139625083,306.54376837538723,39497100,-0.0008274000645586352
2022-08-24,307.412353515625,309.22747829484655,305.4410543854446,306.04609597851845,38057100,0.0028931086329802586
2022-08-25,312.8479919433594,312.86752862816047,308.1442670437042,309.18843732695433,38098300,0.017527406430801577
2022-08-26,300.02496337890625,313.7556210638775,299.9371376315557,312.5552762870163,69047700,-0.04185174137399
2022-08-29,297.06793212890625,299.81015529495335,295.965181858566,297.2728587954886,48321900,-0.009904842102095943
2022-08-30,293.7597351074219,299.33203795561866,291.24197482667506,298.7172280617715,51184500,-0.011198634654812573
2022-08-31,292.05194091796875,297.555924896819,291.9446082866473,296.6581011353187,50044000,-0.0058305393948548685
2022-09-01,292.1788024902344,292.5496420822986,285.8843871110546,289.5634482261889,57990700,0.00043428585602822104
2022-09-02,288.0508728027344,296.42392056621236,286.440644964557,295.04792447226936,64666800,-0.014228845948818479
2022-09-06,285.9819030761719,289.4462983489766,283.8544897334609,288.5289678651428,57005400,-0.007208573352399331
2022-09-07,291.7591857910156,292.7545738330587,286.19665137708756,286.46015834522314,49260400,0.020000222955484072
2022-09-08,293.27178955078125,294.58923504644343,288.32409480360485,289.69032244366866,55649800,0.005171032625794434
2022-09-09,299.6833190917969,300.1810279756889,293.27177320994116,295.52605613582205,56125200,0.021626525645903425
2022-09-12,303.24530029296875,303.57709631157707,300.74704692101136,301.0593360378884,45905700,0.011815735819181767
2022-09-13,286.61627197265625,295.7114605874526,285.7282166567736,294.520884533157,79562200,-0.0563977602253763
2022-09-14,288.89013671875,289.76842392232237,285.9917680998876,287.75811085001067,54907200,0.007902176393692123
2022-09-15,284.0790710449219,289.3780997043996,282.47861131266575,286.97743988755116,65299400,-0.016793847493042132
2022-09-16,282.3419189453125,282.7322654178717,278.7311470657045,280.78050327354885,79920400,-0.006133803572925878
2022-09-19,284.5406494140625,284.6970745912991,279.6427184448839,279.70137415696615,52613800,0.0077573085408946685
2022-09-20,282.2724914550781,284.56015318458026,279.9750438308843,282.0378388277905,51271100,-0.008003237405994214
2022-09-21,277.2181701660156,287.37581184198143,277.0813167842155,283.11330785148755,82931000,-0.018068072037055034
2022-09-22,273.80621337890625,276.70000432671964,272.58416975490826,275.6930415739473,62757100,-0.012384208380417715
2022-09-23,269.3481750488281,271.63583691551656,265.9362092867827,271.3425285725791,74815200,-0.016415732012490507
2022-09-26,268.23370361328125,273.2391899171992,267.4418216694611,268.8789462776998,71176700,-0.004146244791306401
2022-09-27,268.34124755859375,273.94307663877163,266.0242277024173,271.59675876301304,69780100,0.00040085339994972943
2022-09-28,273.67913818359375,274.9598376182292,266.84547923320525,268.32168776244924,79652100,0.019696909348688223
2022-09-29,265.78961181640625,270.0716577150531,262.8273790808432,269.69036575980726,81216000,-0.029251328863263
2022-09-30,261.28265380859375,269.0352896512245,261.12622867977745,264.968325807129,78482400,-0.017102276684876877
2022-10-03,267.4125061035156,269.00605596137075,261.5466959774545,263.05226226362504,61267400,0.023189646723634272
2022-10-04,275.8201599121094,276.5240582865972,272.75037177377175,272.75037177377175,66696900,0.03095662596895667
2022-10-05,275.6734619140625,277.462520407493,269.2601802392383,272.0562013477238,55766300,-0.0005320025316741067
2022-10-06,273.503173828125,277.8243037680566,273.18053757441095,274.67631791285686,53489400,-0.007903829999054323
2022-10-07,263.08154296875,268.9962218517526,261.75194406425254,268.86912454819236,71354700,-0.03884919285186024
2022-10-10,260.4517517089844,263.6681793088625,257.7437134187237,263.2771014291403,60393000,-0.010046403563052909
2022-10-11,256.8735656738281,261.6444286795512,255.19203248058224,258.77996563092654,66522500,-0.013833628386804115
2022-10-12,256.7855529785156,259.4251489637878,256.0914406437089,257.50899316310165,50580200,-0.0003426891219404082
2022-10-13,262.807861328125,264.1276746127699,248.5734824679555,249.45336296356115,112894100,0.02318188753114718
2022-10-14,254.9084930419922,265.73091764377233,254.32193601889864,265.13457472527824,77244300,-0.030518569952248338
2022-10-17,263.32598876953125,264.1960683906086,260.77434594840025,260.8721154137595,64576500,0.03248813571504029
2022-10-18,265.4083251953125,271.0101539048648,262.7295853642135,270.34536935380896,69781000,0.007876724233453439
2022-10-19,264.4404602050781,267.55911798953014,262.0746004041456,263.89298703618215,53115400,-0.0036533671244256866
2022-10-20,263.0912780761719,268.6931360370133,261.92792015057984,263.5507676104997,60605500,-0.0051150858713416725
2022-10-21,269.26025390625,269.79794124035857,260.8525866557526,261.98664687419677,77897700,0.02317736163554693
2022-10-24,272.22247314453125,273.1512084780125,265.8873877095541,269.52419104231006,63963600,0.010941249428928634
2022-10-25,277.85357666015625,278.2348685509283,271.68470349213027,273.16094157940734,59014500,0.02047462431520803
2022-10-26,271.71405029296875,277.6287591147078,271.2252328615051,272.2321955769183,63492400,-0.022344044652773405
2022-10-27,266.7672119140625,272.05621993697093,266.2490666463493,270.5995535840702,57760300,-0.018373815005914396
2022-10-28,274.9305114746094,275.39978700768586,265.97537143833364,266.1415825130853,62651300,0.03014196757525476
2022-10-31,271.733642578125,273.503159426672,269.81745662103884,272.68194966008537,47742000,-0.0116960489044551
2022-11-01,268.9571228027344,275.7614831825195,268.59540266363206,275.204224129554,45895900,-0.010270359173103271
2022-11-02,259.73809814453125,271.9878653170992,259.6696565239725,268.92786253985986,79803100,-0.034878163607505897
2022-11-03,254.66412353515625,258.58444930817916,254.28286141146174,257.1277827515424,70038900,-0.019728294174207475
2022-11-04,258.7603759765625,260.64720401130904,253.28561503914713,259.5913715372942,78313200,0.01595692983803892
2022-11-07,261.6053771972656,262.1430944122781,257.6752947702583,259.80653216343387,47333800,0.010934730239119181
2022-11-08,263.51171875,266.7476878754442,259.5816073657685,263.1206707578258,63213800,0.00726066601982741
2022-11-09,257.4308166503906,262.55361373285587,257.14729418920933,261.77151778448103,64862100,-0.02334682962472478
2022-11-10,276.42626953125,276.71954806888135,267.7253248392745,269.83701981536905,99256700,0.07119311829445159
2022-11-11,281.5197448730469,282.1845592972137,274.90116716615194,276.2405222408589,66961800,0.018258457668096452
2022-11-14,279.0561218261719,282.7417948379583,278.0784868785844,279.4667117965301,55290700,-0.00878967167332452
2022-11-15,282.91778564453125,286.70122803572764,279.57426106914244,285.6746934620761,73985400,0.013743430255474238
2022-11-16,279.0561218261719,283.0057753682395,278.2349120504045,280.9625219079878,48859800,-0.013743430255474292
2022-11-17,278.4401550292969,279.9163930716426,274.4416324207033,274.5980575633067,55462100,-0.0022097620131167027
2022-11-18,278.4500427246094,281.5491293550107,276.0059549185898,281.45138971081485,53588600,3.551039452100506e-05
2022-11-21,275.58551025390625,278.21532062913855,274.75451464007284,277.0617186327833,40083500,-0.01034070099166827
2022-11-22,279.5547180175781,279.71111335033106,274.18748200532116,276.3187488109687,41873400,0.014300082035792475
2022-11-23,282.36053466796875,282.9862055245089,279.39830194977225,279.5742690811381,46390000,0.009986701576796687
2022-11-25,280.50299072265625,281.47083963013006,280.0141733212983,280.7669413787728,15498800,-0.0066003590750944915
2022-11-28,276.38720703125,280.5421561500874,275.4584715998371,278.52823025811415,38714200,-0.014781580453818836
2022-11-29,274.2950134277344,277.0128370816902,272.92633062269323,276.6120032182411,35618900,-0.00759858805118441
2022-11-30,286.7989501953125,286.9065055448826,273.70843484346506,274.5589724039487,74718100,0.0445772297981415
2022-12-01,287.15087890625,289.13547624804187,284.37439980667705,287.12155105725975,51547300,0.0012263397851136524
2022-12-02,286.0071105957031,286.88700597383513,281.9108175119256,282.0868144885837,53583200,-0.003991115363488691
2022-12-05,281.2069396972656,285.1565635314254,279.7502432906329,283.8856499926698,41482100,-0.016925834235018505
2022-12-06,275.3801574707031,281.1873104465043,273.9919327917334,281.05045709162715,53937600,-0.0209383046518768
2022-12-07,274.2558898925781,276.25027324305955,272.54502898857334,274.19723419124455,45614300,-0.004090958558817234
2022-12-08,277.501708984375,278.46955811599247,273.53251315292846,275.6050946410666,42594900,0.011765516381959617
2022-12-09,275.73211669921875,279.2516078103331,275.2921691221875,276.4848847255361,47860500,-0.006397288951223078
2022-12-12,279.1929626464844,279.2516481889468,274.871833080141,275.90812369116725,35732500,0.012473362431099264
2022-12-13,282.19439697265625,290.2403454794076,279.5156860485268,290.01547864082653,80667700,0.010693019262085698
2022-12-14,280.1021423339844,284.89254665162576,276.856387797035,281.607678370785,64984400,-0.007441853713718245
2022-12-15,270.6973571777344,276.68047833241644,269.5046413384967,276.01566388796755,60554100,-0.034152897044764735
2022-12-16,268.1164245605469,271.55768935120545,266.51308868537467,270.0228249280898,68300400,-0.009580127473409594
2022-12-19,264.348388671875,268.47407711477496,263.11360998326035,268.3858829093709,44167900,-0.01415341895152182
2022-12-20,264.142578125,265.8869331436149,261.6044454235954,263.1821914650864,51064200,-0.0007788612112957404
2022-12-21,267.97430419921875,269.27765841529884,264.33857367332774,265.1813681287866,46394700,0.014402070043398524
2022-12-22,261.4183044433594,265.09321299702117,257.20439135793777,264.9658113821237,60278400,-0.024769272672494225
2022-12-23,262.0062561035156,262.67266222528946,258.25296279970826,260.1541178129993,39373600,0.002246558345775079
2022-12-27,258.30194091796875,261.50648008934456,257.76296633096587,261.39866722805584,38009000,-0.014239167459724708
2022-12-28,254.89161682128906,260.15408012625954,254.52903069509586,257.9001485866128,47139000,-0.01329079154066863
2022-12-29,261.1046447753906,262.0454127740725,256.9985455070873,257.6943196587652,45893600,0.02408284207202609
2022-12-30,260.94781494140625,261.07521651214813,257.0377231655659,258.341077122022,37858300,-0.0006008202270983057
2023-01-03,259.1839904785156,264.7404360908657,256.88104154378675,263.27047250356884,42335300,-0.0067822471368517
2023-01-04,260.4185791015625,262.0943580912389,257.27286733675686,261.30058063569425,47754900,0.004752058664144457
2023-01-05,256.34197998046875,258.919320349099,256.02841054713053,258.7527412605254,45396700,-0.015777843793473516
2023-01-06,263.4173278808594,264.5345139897655,255.12674587120546,258.0764808613979,54659700,0.0272271602580265
2023-01-09,265.1226501464844,269.7775350005547,264.51506996109623,265.40682158385187,45568700,0.006452977084472244
2023-01-10,267.3666687011719,267.4744815439094,263.5839781045529,264.0935545337913,35247800,0.008428457659627396
2023-01-11,271.9921569824219,272.09996982647135,267.6508731910464,268.4348714453479,44077000,0.017152223942633736
2023-01-12,273.4621276855469,274.4911198155303,268.25846062265697,272.55075772684324,60600000,0.005389908203611114
2023-01-13,275.34368896484375,275.58868281451504,270.63000968968595,270.96319773646184,44802900,0.006856955937608264
2023-01-17,275.90228271484375,277.18604809737275,273.98150939661457,275.14768251608376,36269700,0.0020266594946457242
2023-01-18,272.3155212402344,278.9891501528121,272.10973481609165,277.4407725443882,47754500,-0.013085356322441958
2023-01-19,269.64019775390625,271.8255534387518,268.4054492125816,270.6887785022272,44150400,-0.009872929185535374
2023-01-20,277.01947021484375,277.3526582997376,270.189039708322,271.2474300076123,60613600,0.026999323916704298
2023-01-23,283.1736755371094,284.39864475391676,277.06844810068554,277.8622257606587,52799900,0.02197261058579308
2023-01-24,282.5954895019531,283.751853248069,281.03733226985304,281.5567180138864,44875100,-0.0020438944791116606
2023-01-25,281.9682922363281,282.5856515284954,275.54943634148947,278.08756867530457,50872000,-0.002221883669976446
2023-01-26,287.46600341796875,287.64239182663204,282.7425144316851,285.38846018754776,51596300,0.01930997852634499
2023-01-27,290.3275451660156,292.2874961252807,286.03524778018846,286.15284005270786,56441900,0.00990514743881772
2023-01-30,284.4574279785156,288.48514213201554,284.08506247493875,287.06416594239596,49405800,-0.020426147370636992
2023-01-31,288.72039794921875,288.81840148761705,284.3889226729346,284.49670563063603,46705100,0.014875134323252433
2023-02-01,294.8941955566406,297.35391334937026,286.4467829160311,288.5145464564292,67562200,0.021157894220321244
2023-02-02,305.47796630859375,307.39870992894157,300.5878980976118,301.4110739349037,83070600,0.035261019758289804
2023-02-03,300.0488586425781,306.134527365596,298.44171454947156,298.8336987253652,76170800,-0.017932329096979765
2023-02-06,297.5107116699219,299.7842616499401,296.16815023108865,297.4323268010993,40802300,-0.008495093586848516
2023-02-07,303.6747741699219,304.8017398705444,296.26616272305125,297.383319099846,67584000,0.020507076978250115
2023-02-08,298.275146484375,303.30242572488396,297.58918155909504,302.36165759241106,56720900,-0.017940936062082972
2023-02-09,295.63897705078125,302.8025949668986,294.18863257166754,302.65560463543113,49137800,-0.008877333073922158
2023-02-10,293.6986389160156,295.5311881263179,291.2976872269125,293.4830431320697,50050100,-0.006584833865294428
2023-02-13,298.4024963378906,298.99048753364445,293.92400177687483,295.09998416838243,39636700,0.01588903011058321
2023-02-14,300.6075439453125,301.5581215641537,294.8844894847325,296.82485212396585,64079100,0.007362339257544491
2023-02-15,302.91046142578125,303.077040528768,298.10858700695474,298.794551977369,43100600,0.007631681697252376
2023-02-16,297.2264709472656,302.2537485886396,297.0794806462106,298.28486092780236,59498600,-0.018942878325446038
2023-02-17,295.12939453125,295.8839648215853,292.1306722050672,295.041200334183,58230700,-0.007080490966141813
2023-02-21,288.14215087890625,292.7480469851319,288.0049698813135,291.3074820247996,46526700,-0.023959947895095677
2023-02-22,288.35772705078125,290.42546054300556,286.7015664298325,288.7203131204909,51389200,0.0007478793671118047
2023-02-23,290.8763427734375,292.1601083198404,286.6918281377228,292.0033086469198,69294400,0.008696420763028036
2023-02-24,286.0058288574219,287.1033965295427,284.24185517881966,285.9176346594632,74332000,-0.016886046703940796
2023-02-27,288.05401611328125,290.5529418079931,287.4660248008548,289.16139327194696,48995000,0.007135827265894243
2023-02-28,287.6815490722656,290.19028346864906,287.0935579060723,287.42674592207146,48243100,-0.0012938825235117646
2023-03-01,285.36883544921875,288.0441490292622,284.38886009383884,287.3875822887834,58287000,-0.008071632937877342
2023-03-02,287.7305908203125,288.5341779040145,282.59552879500677,282.8797300624582,53565900,0.00824209075329566
2023-03-03,293.67901611328125,293.9142305420157,288.9653369053291,289.4749432455241,60511500,0.02046279519269805
2023-03-06,294.01220703125,297.9125198668912,293.8162298962756,294.91379755285436,56736300,0.0011338980081591398
2023-03-07,290.40594482421875,294.9824437058501,289.7983647809635,294.06126431559863,65955800,-0.012341533092296846
2023-03-08,291.8562927246094,292.4540633879132,288.97516253842946,290.8273005687011,50876300,0.004981779021325344
2023-03-09,286.7995910644531,294.9529931979204,285.98619477194666,292.356034581254,71456700,-0.017477850051924964
2023-03-10,282.7718200683594,288.4556939324605,281.62526588035115,286.9661125511596,98593600,-0.014143399962365305
2023-03-13,284.8690185546875,288.57332394308236,279.47915447648757,280.98832479219584,97123600,0.007389207702983777
2023-03-14,291.4153137207031,291.9640976158507,287.5738264546701,288.4165910413327,73602500,0.02271995400440146
2023-03-15,292.9440612792969,293.2772493516955,287.3679984394516,288.80856358255966,83631500,0.005232229041257571
2023-03-16,300.6662902832031,301.02887644464795,291.2389304597185,292.0327082473355,98198100,0.026019305909463535
2023-03-17,299.2452697753906,302.95938486538984,297.29512832561835,300.5780518528827,89923700,-0.004737442183573691
2023-03-20,300.3072814941406,300.6311608615665,296.4205793211497,298.62893759374526,56359500,0.003542684714601489
2023-03-21,304.596435546875,305.047913794127,300.72935198091506,302.2408590990121,49757000,0.014181516218989118
2023-03-22,300.4544677734375,309.4154987468772,300.28763082839566,304.5276555015175,75791900,-0.013691517371954466
2023-03-23,304.017333984375,308.33589544993333,301.3280538352292,304.18420090621953,74576000,0.011788498524013908
2023-03-24,305.13623046875,305.23435576063616,301.2691474607354,303.5952799906133,57195200,0.00367361469422907
2023-03-27,303.0456237792969,306.9127064965641,302.1917301252153,305.8330587920121,50287400,-0.00687496645698879
2023-03-28,301.43603515625,302.49606405257526,299.1295213059667,302.4666204694985,48585900,-0.005325529413227809
2023-03-29,306.93231201171875,307.55065703124257,304.3117140605871,305.1263695460071,53274300,0.01806940294082086
2023-03-30,309.8376159667969,310.46578568757917,307.0207366409696,309.40575677195426,58354800,0.009421099544964761
2023-03-31,314.9903869628906,315.22596553535897,309.7590450153617,310.0633053000576,62138100,0.016493780005933947
2023-04-03,314.224853515625,314.48987569045227,311.54539785656647,312.8703889195931,47126800,-0.0024332971477493692
2023-04-04,313.1648254394531,315.6774438935838,311.94775434717684,314.6665077964357,45875400,-0.003379172850357857
2023-04-05,310.0731506347656,313.15502177624506,308.25738336194655,312.2127972814154,62795700,-0.00992141135146339
2023-04-06,312.1637268066406,312.6544731339284,307.03053939298894,308.4242421889301,46916500,0.006719576141900402
2023-04-10,311.9870300292969,312.03612262814016,307.452539270489,309.2388628884362,45134700,-0.0005661990476787493
2023-04-11,309.9847412109375,312.0066431747439,309.47437592996783,311.9477260723513,40113600,-0.006438542158935477
2023-04-12,307.2463684082031,312.52680195388945,306.78506581343356,311.9379005633457,62813300,-0.008873145655368357
2023-04-13,313.2629699707031,313.73406719426043,307.8254932108814,309.0032662225483,54613800,0.019393068742214362
2023-04-14,312.674072265625,314.43092227098646,309.768832905649,311.71219883461987,56278300,-0.0018816521122606688
2023-04-17,312.9390563964844,313.292409262093,310.1908894540763,312.26182419411003,43007000,0.0008471182414994548
2023-04-18,312.9587707519531,315.4714198036235,311.7613783253605,315.04935514775207,46746900,6.29954430903551e-05
2023-04-19,312.8114013671875,313.8714298207421,310.4263822758413,310.55398106680326,38960100,-0.00047100163624284316
2023-04-20,310.4264831542969,313.3611364890163,309.14073022453687,309.84740610563057,62462100,-0.007653353280528493
2023-04-21,310.7503356933594,311.52572317920414,308.2868098097779,310.0633088936985,59002300,0.0010427065485325488
2023-04-24,310.10260009765625,311.85945029215236,307.93347987763684,310.52463472855015,44043100,-0.002086599880187226
2023-04-25,304.2528381347656,309.1406813692748,304.15471285096964,308.4732736850432,57121600,-0.019044150655847917
2023-04-26,306.0980529785156,309.1112420614219,305.5778631655687,307.63900335088084,55400500,0.0060464250720468566
2023-04-27,314.421142578125,314.92168340786424,309.2192141213213,309.8572082373793,65430400,0.02682782048544025
2023-04-28,316.5902099609375,316.678540689249,313.056831064611,314.18554141895567,59712600,0.0068749188660499555
2023-05-01,316.2270812988281,317.6404329412085,315.1474335230133,316.1289260550677,41013400,-0.0011476573316869982
2023-05-02,313.4691467285156,316.4823365389618,311.73188546083753,316.1584271708813,56519400,-0.008759627523480784
2023-05-03,311.41778564453125,316.5019099639338,311.3098058864839,313.83224897780207,59882100,-0.006565566814251965
2023-05-04,310.3185119628906,312.34038421478306,309.28792681621553,311.1920247548366,50224500,-0.0035361449262113795
2023-05-05,316.91412353515625,317.7680172064844,310.3577309572595,312.5759135629798,51806100,0.0210316055513057
2023-05-08,317.6993103027344,318.04283866891797,315.3731778659205,316.45282560845146,36465800,0.002474536864096646
2023-05-09,315.6872863769531,316.9043275857456,315.37320156411107,316.0406093268182,31768800,-0.006353246829216782
2023-05-10,319.12255859375,319.97645247101127,315.64806596471846,318.121416845694,60446600,0.010823101682481686
2023-05-11,320.1628112792969,320.70262008180055,318.1212904513617,319.67206511237754,44278500,0.0032544264352185968
2023-05-12,319.01458740234375,321.11499626512636,316.9632711487406,320.6929316184224,48432800,-0.0035928213809258303
2023-05-15,320.7419738769531,320.97752251513634,317.96433305634275,319.4856645520145,33375600,0.005400149922449721
2023-05-16,321.1051330566406,322.8129206513103,319.98621707890663,320.0254851709617,40019200,0.0011316066225664752
2023-05-17,324.99176025390625,325.5708371783504,320.98728442192385,322.1650573359087,47486100,0.012031242125102915
2023-05-18,331.0279235839844,331.24385310528055,325.3647233452558,325.3843424098208,64213500,0.018402904156330543
2023-05-19,330.28204345703125,331.95056269847424,329.22201480691604,331.2438869159886,61554900,-0.0022557665252609174
2023-05-22,331.3911437988281,332.40207988096876,330.0170303294707,330.02685483940945,43015900,0.0033524144604741026
2023-05-23,327.1903991699219,330.8219342195633,326.837076167616,329.67360450928834,48216700,-0.012757119127101505
2023-05-24,325.51202392578125,326.7487142213428,323.460707928602,325.2372071881873,62891200,-0.005142861077366031
2023-05-25,333.4326477050781,334.69878147156203,330.4391074318428,332.86339520970245,66862800,0.02404148822251072
2023-05-26,341.9520263671875,342.7863010934035,334.3552829944159,334.4534382479904,63007000,0.025229564390138935
2023-05-30,343.5027160644531,347.37959301782007,342.079540123524,346.18217110868756,72652200,0.0045245652169543515
2023-05-31,341.5495910644531,344.11130225670985,340.0970012254624,341.9225630348241,65105400,-0.005702134776337059
2023-06-01,345.4952697753906,346.82026101516874,340.24427761393247,341.2944820367804,50488600,0.011486068276213476
2023-06-02,348.08636474609375,349.2445188924592,345.4952397075679,347.2520899972519,53372100,0.007471671382007782
2023-06-05,348.3316955566406,350.883582144611,347.30114037340985,347.8703928659199,47266200,0.0007045504264739484
2023-06-06,348.2727966308594,349.2346700680704,346.3981423533168,347.7231632246743,41390400,-0.0001691029173143307
2023-06-07,342.3642578125,350.5106344564043,341.73608816769587,348.55747375650026,69225900,-0.017110819462150244
2023-06-08,346.61407470703125,347.0753773858951,342.4329369727751,342.6586610808147,47153900,0.012336732793666124
2023-06-09,347.9390563964844,351.04057598013395,346.4962613679001,348.0666552011465,53196900,0.003815354758111314
2023-06-12,353.81817626953125,353.91633149747173,348.6261031777825,349.5977710430219,44606500,0.01675581568452614
2023-06-13,356.5369567871094,357.371201406959,353.36672539225424,356.5664003624832,57097800,0.007654745258116918
2023-06-14,359.12811279296875,359.4127540150757,353.74955286754476,356.5467826318429,69525600,0.00724128489295296
2023-06-15,363.4074401855469,364.8894735642349,357.2436681859802,357.86198333051135,71138800,0.011845444594334469
2023-06-16,361.12054443359375,365.94950092806926,360.6788907605711,365.8219021049376,80932000,-0.0063128088774829
2023-06-20,360.60357666015625,361.9992210577164,357.645252046979,359.6698977267216,49204700,-0.001432591337169775
2023-06-21,355.6893615722656,359.89591050570834,354.7654906855593,359.4634590270858,53378300,-0.013721459276628734
2023-06-22,359.8861389160156,360.043366747909,354.03823537075647,354.4412029254088,47603000,0.011729930554553387
2023-06-23,356.31842041015625,358.6182598188581,354.6279363156579,355.99406677913646,48922900,-0.009962930200106395
2023-06-26,351.5418395996094,358.5789703043157,351.45338769056457,355.78771119695153,52685500,-0.013496034689026916
2023-06-27,357.5862121582031,358.3135332350128,352.35753276050247,353.08482384345353,49428100,0.017047750206597156
2023-06-28,358.2840881347656,360.23008989079324,355.689379134913,355.76802304065137,46498000,0.0019497280369213427
2023-06-29,357.56658935546875,358.6280720795625,355.92526531964336,357.9892028503114,46151000,-0.002004605267906902
2023-06-30,363.08038330078125,364.1319981969894,360.9279635699781,361.24244924314036,58712500,0.015302642629755695
2023-07-03,363.9354248046875,364.56442610409556,362.63807025771337,363.7191990468585,19432900,0.002352196165768248
2023-07-05,363.92559814453125,365.62592029282894,362.33340387544496,362.372725830964,34460900,-2.700147376222218e-05
2023-07-06,361.15399169921875,361.5962812236896,358.264442790466,360.2203126942512,49374700,-0.007645008860455975
2023-07-07,359.95489501953125,364.12215218790664,359.7288612774692,360.92792588819304,47133700,-0.003325705193684306
2023-07-10,360.0728759765625,360.7510372753997,357.1735189685086,359.6797463815223,48498800,0.00032771224344273805
2023-07-11,361.851806640625,362.3039041308839,358.3627105914411,360.4954841759857,38214100,0.004928309856930886
2023-07-12,366.4219970703125,367.7684815318609,363.9452239058997,365.95022361188575,61975400,0.01255091258169018
2023-07-13,372.64337158203125,373.46895267792223,369.01669355737863,369.59656492256886,46960000,0.016836187251347133
2023-07-14,372.5647277832031,376.289665406279,371.6899868150142,373.07579318427884,55148500,-0.0002110653364800688
2023-07-17,376.0439758300781,376.918716845104,372.80061946885183,373.28220093014846,40868900,0.009295304960823378
2023-07-18,379.1202697753906,380.48643025096686,373.4787840563649,375.4051399126897,55262000,0.00814739569634786
2023-07-19,379.0317687988281,381.32179994850327,377.7049304495396,380.18170336657397,54093000,-0.00023346498449287856
2023-07-20,370.2944030761719,377.50843718826167,369.2722421956274,376.04398679380813,71941700,-0.023321651018464697
2023-07-21,369.18377685546875,373.4001640896318,368.7513253445873,372.6728429155879,60499600,-0.0030038129208736254
2023-07-24,369.7735595703125,371.1003683393324,367.9159793034949,370.1568512164674,40380100,0.0015962568094356631
2023-07-25,372.27972412109375,373.94072429184797,370.4614661242125,370.48114209864303,38894400,0.00675470113725393
2023-07-26,371.04132080078125,372.73180486329676,368.74148143559074,371.23790057306576,47075700,-0.0033320850380430225
2023-07-27,370.15679931640625,378.10796279614465,368.86928269570615,376.49612252032574,63940200,-0.002386735422710639
2023-07-28,376.8990783691406,377.92120924637163,373.6950139044031,374.2060793430186,56902900,0.018050757172992416
2023-07-31,377.0956726074219,378.2750914433943,375.7786719037773,377.2038004977551,44019900,0.0005214737701601076
2023-08-01,376.2208557128906,376.9776307570312,374.1568883270381,375.7490823123402,41060600,-0.0023225755838334142
2023-08-02,367.9650573730469,372.75147785059374,366.72667080407234,372.75147785059374,72687100,-0.022188372293622655
2023-08-03,367.3753356933594,369.49827117137113,365.3899820551256,365.5570778539925,47666400,-0.0016039423692103733
2023-08-04,365.6553649902344,371.6113658724889,365.1541075912585,369.30168863408903,61702800,-0.004692774417146958
2023-08-07,368.7513427734375,368.84963266580394,365.13450268771936,367.4638261668701,37230400,0.008431284983252709
2023-08-08,365.6160888671875,366.2647661725059,362.49066820926964,366.2451201913258,44726500,-0.008538703706840135
2023-08-09,361.59625244140625,366.05834931171427,360.83947730891896,365.9010914931724,51150900,-0.011055580719279059
2023-08-10,362.2646179199219,367.93558806617574,360.74122949055817,364.60377950348595,72035300,0.0018466688719326633
2023-08-11,359.95489501953125,361.6847010137196,358.4315067818279,359.70918530416867,48707200,-0.006396201524611799
2023-08-14,363.994384765625,364.1123206320641,358.44135109912753,359.15880428458615,42130800,0.011159709061595595
2023-08-15,360.1318054199219,363.8174509109836,359.4634522422092,363.0213238905632,45539900,-0.010668350440912808
2023-08-16,356.31842041015625,361.12448699666004,356.2201305221544,359.59126072419207,53190500,-0.010645320174889169
2023-08-17,352.42633056640625,358.058007797812,352.01355505893343,357.71400821234437,62604300,-0.010983161324263408
2023-08-18,351.9841003417969,353.2421329350638,348.6227781037681,349.1633574955248,61191400,-0.0012556040152294223
2023-08-21,357.65509033203125,358.33325161164004,352.9866052878671,353.4485407972548,50696500,0.015983082077941115
2023-08-22,357.1440124511719,360.269433026143,356.4560132078878,360.2595950388818,44530200,-0.0014299905133069515
2023-08-23,362.7756042480469,363.86657088030654,358.1071200873245,358.32334581662815,51770600,0.015645376344325848
2023-08-24,355.02105712890625,366.3433500914388,354.81466936489005,366.24509019972004,66842500,-0.021607369430979732
2023-08-25,357.7729797363281,359.46346372196984,352.42633410703627,355.8564620160863,69960500,0.007721546865077434
2023-08-28,360.4660339355469,361.39971297031235,357.9990984974861,360.69206770489353,40910000,0.007499082529762196
2023-08-29,368.3385009765625,368.6923385554893,359.94507888520656,360.2694025048502,58492400,0.02160462201873537
2023-08-30,370.39263916015625,370.97254048337203,367.44412257396607,368.44663740934226,41731500,0.0055612749108472255
2023-08-31,371.5032653808594,373.2035874718416,370.402490614343,370.471296535716,35730700,0.002994023942063653
2023-09-01,371.1101379394531,374.2945263884665,369.6260415972673,373.8719128585272,39801200,-0.0010587675266102317
2023-09-05,371.5818786621094,372.800589196893,369.380299316676,370.30417020396686,32344200,0.001270353728201046
2023-09-06,368.30902099609375,371.149439669224,366.3040513379726,370.805440073003,42998700,-0.008846923280668575
2023-09-07,365.675048828125,366.4514999788388,362.8149839509158,363.8567908141635,52060700,-0.007177222457890716
2023-09-08,366.18603515625,368.4170982348742,365.2228724118321,365.62583988415565,35800100,0.0013964027390987268
2023-09-11,370.5008239746094,371.0118894636385,367.2476292407002,369.2133072669349,39936600,0.011714171645740352
2023-09-12,366.3925476074219,370.48116131723054,366.1075159081642,368.8299690541731,41391000,-0.011150375592999964
2023-09-13,367.7881774902344,369.39020987536315,365.4981757945069,366.6284346570997,46300700,0.0038018747051466206
2023-09-14,370.7956848144531,371.7785238835873,367.47371395562885,369.5376520057161,48039400,0.008144028323632032
2023-09-15,364.4464416503906,369.8618928673542,363.5127328219973,369.45892537267173,69811200,-0.01727159195728787
2023-09-18,364.826416015625,365.93863645323245,363.22206476755633,363.5075090480625,36903500,0.0010420637368429798
2023-09-19,364.0488586425781,364.8461081913443,361.0271681103356,363.50752673963694,37621700,-0.0021335822329166254
2023-09-20,358.802734375,365.46617463630355,358.7239766256181,365.11185487592627,45514200,-0.014515334624470381
2023-09-21,352.2278137207031,355.9089722370328,352.0605060828978,355.12154499734396,69734800,-0.018494586718752357
2023-09-22,352.27703857421875,356.1058002061891,351.9620676839268,353.9699695629412,51589700,0.00013974312152810258
2023-09-25,353.9502868652344,354.0388968388634,350.32821151607146,351.31247308077525,39168000,0.0047385632406594545
2023-09-26,348.6352844238281,351.91289229277817,347.6510228478301,351.37153040361153,53657700,-0.01513012521479103
2023-09-27,349.4523010253906,351.3617712282636,345.8301949477779,349.78694641677345,56066000,0.002340729133791328
2023-09-28,352.3755187988281,354.50152754238655,347.68057155948935,348.536874378989,56453300,0.008330347117894878
2023-09-29,352.63140869140625,357.23777601769604,351.40108163532835,355.84996349396636,64829600,0.0007259216720780761
2023-10-02,355.5743408203125,356.9719754148044,352.2869108139904,352.8971481752992,51625100,0.00831100021599886
2023-10-03,349.33416748046875,355.32831748657793,347.7199639129251,353.1334031343056,60478500,-0.017705379577288016
2023-10-04,354.0881042480469,354.9345547909679,349.70812819170675,350.17073233689933,54786700,0.013516800188606487
2023-10-05,353.0447692871094,354.48178270513296,349.5506528835014,354.0782318748588,45897400,-0.002950890156791467
2023-10-06,358.9601745605469,360.15112254352925,349.26519295376465,350.0525901245861,75049100,0.016616573895259442
2023-10-09,360.7909240722656,361.3322559289201,355.1018933143861,356.597960109658,45304800,0.005087184898855045
2023-10-10,362.7890319824219,365.4366984721372,360.62367417177717,361.1256272349863,46968800,0.005522853341296187
2023-10-11,365.3775329589844,365.56454503556677,362.39522199726974,364.117679517273,38215100,0.007109669695591675
2023-10-12,364.1079406738281,367.85797552501066,361.71619183878124,365.8796298398991,49587900,-0.003480791908546734
2023-10-13,359.5310974121094,365.31856077000174,358.13343264064804,364.73784999596586,52469900,-0.012649688728283483
2023-10-16,363.5960693359375,364.649236422345,360.7023379238582,360.84997115156034,44201100,0.011242876575894789
2023-10-17,362.4051513671875,364.09808260584856,357.93659506794,360.0527516069459,50999100,-0.003280763180510857
2023-10-18,357.651123046875,362.1196789996307,356.32236391560224,359.9149426875973,54280500,-0.013204794035357318
2023-10-19,354.3047180175781,360.259489836698,353.50746837005397,359.06854148033125,72274200,-0.009400666390900883
2023-10-20,349.0191955566406,354.37358146539754,348.79280455823215,353.80269287368304,72559700,-0.015030405946055503
2023-10-23,350.0722961425781,353.6057912748692,345.5938883563463,347.70022235548595,60665200,0.0030127712753081734
2023-10-24,353.4778747558594,354.245597605717,350.190444601993,351.88337576286887,47082100,0.00968120072535098
2023-10-25,344.82623291015625,351.2633126992723,344.24552212419906,351.08615280605477,71190500,-0.024780276864052212
2023-10-26,338.25140380859375,344.56052536484714,336.96202329163424,343.62546466753196,78621400,-0.019251200168994273
2023-10-27,339.8753662109375,343.34980841162735,338.664713645482,340.9777343824353,63476700,0.004789563186715409
2023-10-30,343.7041931152344,345.0231001713401,340.997473475985,342.355729372727,55298500,0.011202403270131847
2023-10-31,345.34783935546875,345.72186354405744,341.1647278392773,343.7336660603702,47671900,0.0047707554153881586
2023-11-01,351.34197998046875,351.90301624976615,346.0860271248136,346.18445928320784,58992700,0.017207911955752386
2023-11-02,357.72003173828125,357.95624490601404,354.62943595313834,355.8499407400772,58162400,0.017990595121331915
2023-11-03,361.9228210449219,363.21220132553935,358.7830241681351,359.0094151473788,53280500,0.011680341359942021
2023-11-06,363.3992004394531,363.96023673494824,361.1354108770652,362.6905309181117,38848700,0.004070968176273948
2023-11-07,366.8343200683594,367.7004450680254,363.241741103211,364.4425414885638,50777400,0.009408346429642745
2023-11-08,367.0705261230469,367.90715449646547,364.7870319858255,367.20830712864307,35663400,0.0006436966973829754
2023-11-09,364.2457275390625,368.90126606687403,363.7535966985052,367.7595489495898,53859400,-0.007725283332595321
2023-11-10,372.43475341796875,372.5823866474113,365.43663796959595,365.96814763286875,58309800,0.022233148335640704
2023-11-13,371.2732849121094,372.3264519626699,369.33428848820785,370.85991188861345,40733500,-0.003123455416021922
2023-11-14,379.2655334472656,380.1809196223346,377.14937687893797,377.67103435891903,67792600,0.021298167269437077
2023-11-15,379.55096435546875,381.64744643002416,378.19267850224793,381.15531561580104,54141400,0.0007523055244359547
2023-11-16,379.875732421875,380.1119455665151,377.52333305315267,378.7831865533611,45343500,0.0008552980493909604
2023-11-17,379.96435546875,380.9781437125755,378.241897673309,379.14740152203535,46571900,0.00023326762746320092
2023-11-20,384.59039306640625,385.2498615978395,379.9742034582197,379.9742034582197,44429600,0.012101406893414537
2023-11-21,382.3561096191406,383.1041580561983,380.6139773793034,382.8876193000648,43337000,-0.0058264553268015645
2023-11-22,383.92108154296875,386.8837186036944,382.9171455132762,384.4230645764553,44121000,0.004084616161674959
2023-11-24,383.3797607421875,384.1081047433518,382.38564687454755,383.5175417523055,15718800,-0.0014109743160880739
2023-11-27,383.0451354980469,384.9939544223412,382.16912817517203,382.8876500230149,34139700,-0.0008732108443886474
2023-11-28,384.0490417480469,384.629752496103,381.9427074752137,382.29705727580426,35491100,0.002617427828079279
2023-11-29,383.6750183105469,387.9368879307099,383.3305207373286,386.5096965719259,38811700,-0.0009743695334045252
2023-11-30,382.71044921875,384.4033804806494,379.74784203838783,383.94077629753497,52834400,-0.002517191783971006
2023-12-01,383.8029479980469,384.39351093056035,379.9938606373886,381.64741281860364,40490100,0.0028505686216154444
2023-12-04,380.23992919921875,380.5155212317235,376.6375283217996,380.01353822930184,51186900,-0.009326818517417734
2023-12-05,381.1947021484375,382.3856503323413,378.16315945105106,378.3403493760643,42933000,0.0025078277512157335
2023-12-06,378.98992919921875,384.2262082878161,378.64546165801414,384.12777611720855,41994100,-0.005800641161047151
2023-12-07,384.2852783203125,385.1120545223201,380.86988910871304,381.9624351866648,49593500,0.013875556361809788
2023-12-08,385.99786376953125,386.440763442931,382.36593626126034,382.5529483580109,46687500,0.004446646116221159
2023-12-11,389.2951354980469,389.56090535273165,385.36794134333326,385.5746278679813,41198000,0.008505923854880432
2023-12-12,392.39556884765625,392.51367542874294,388.20260499540507,389.3344997805244,39221200,0.007932676161711161
2023-12-13,397.3857421875,397.9959795327111,392.5628666775999,393.3305894727491,55408100,0.012637016547275065
2023-12-14,397.0413513183594,399.90552650279415,394.03933503736476,398.6063238552664,55447800,-0.0008670169825013653
2023-12-15,398.9605712890625,400.14169715869406,397.2184391667707,397.818824291693,62896600,0.004822158427500654
2023-12-18,401.4735107421875,402.3709814532671,399.0276856016672,399.3531274608477,46610000,0.006278962292241807
2023-12-19,403.5248718261719,403.6432143177387,401.739802351394,401.92718799546697,35711900,0.005096570549085781
2023-12-20,397.528564453125,404.8168000697406,397.35105072781244,402.7260026011045,54042400,-0.014971334251888816
2023-12-21,402.1539001464844,402.5188295336007,398.89936205605693,401.4536871822567,45568900,0.011568059769235254
2023-12-22,402.755615234375,404.32371344102273,400.8817888923147,403.36707150520004,34314000,0.0014951126517456592
2023-12-26,405.22119140625,405.8918189348546,403.5150068640605,403.61363564115584,22722500,0.006103105447416576
2023-12-27,406.04608154296875,406.3322463869044,404.644888619348,405.5033831511548,31980500,0.0020335848579112153
2023-12-28,405.8487243652344,407.4472786001535,405.493510166212,407.20059203535254,27029200,-0.0004861644148611104
2023-12-29,404.09228515625,406.1842123547382,402.17799515628036,405.8289680708048,42662100,-0.004337209603555538
2024-01-02,397.2541809082031,400.7077928852175,394.93532112958644,400.46110631543075,58026900,-0.017066950491125513
2024-01-03,393.0506591796875,395.68528517613936,392.61651849103555,394.62945935762554,47002800,-0.01063782266176954
2024-01-04,391.02783203125,394.29395995431605,390.8107466354673,391.1857150566472,39432800,-0.0051597682093206965
2024-01-05,391.4915466308594,394.26430098559865,390.10023090449675,391.19553482231566,44922800,0.0011851838217280812
2024-01-08,399.5828857421875,399.86902045875746,392.56710460125134,392.7151105086331,42473800,0.02045729444482875
2024-01-09,400.372314453125,401.2998583916522,396.38585093731285,396.5832122441471,39132900,0.001973682943765032
2024-01-10,403.08587646484375,404.09234688237234,399.8000244303325,400.68809010616457,33962800,0.006754731882480896
2024-01-11,403.92462158203125,405.75010833943963,398.88233210983117,404.3587923820562,54536200,0.0020786480999194757
2024-01-12,404.1318054199219,405.79940904791505,402.7404895467562,404.96066868440437,39595000,0.0005127954818685158
2024-01-16,404.09228515625,405.67108506829044,401.4379355206149,402.8983307090454,43903000,-9.779531237481125e-05
2024-01-17,401.81292724609375,402.1878956347256,397.57980756543736,400.7867328397497,54386000,-0.005656655281378707
2024-01-18,407.516357421875,408.0985341433326,403.73713222559695,405.0790927808669,59562500,0.014094447589359937
2024-01-19,415.5978088378906,415.7556918630463,409.13463247146666,409.71680918810495,70325100,0.019636914137189532
2024-01-22,416.1405334472656,419.10077238644385,415.53860253748337,417.79826002605955,44880600,0.0013050370743065162
2024-01-23,417.86737060546875,418.0844560150282,414.9959350071137,416.8312688317537,33003800,0.004141062974389949
2024-01-24,420.1861267089844,424.1528657583579,419.692753602394,421.7748037710198,46948000,0.005533684968700318
2024-01-25,420.69927978515625,423.3536296702719,418.36069593474804,422.68261931824196,44367200,0.0012205067085473685
2024-01-26,418.1929016113281,420.5610864517094,417.54164551043004,418.8145565309628,37137000,-0.005975465470231995
2024-01-29,422.4753723144531,422.6727335963346,417.9955362110561,418.64679230554054,38694700,0.01018834153751489
2024-01-30,419.6631774902344,422.0116384359929,418.75538778321743,421.43933884792625,36739000,-0.006678723538085917
2024-01-31,411.443603515625,417.2654006290457,411.2659964098067,415.2721839553905,64010600,-0.019780471450256937
2024-02-01,416.2885437011719,416.7819168628328,412.2724789381055,413.2395011756799,51008600,0.011706674758121528
2024-02-02,423.3240661621094,424.53774491430374,417.18650258936236,418.18309593751326,59602400,0.016759365101205338
2024-02-05,422.7715148925781,423.91611423807007,419.367227704789,423.3832928537203,39889200,-0.0013061203969285799
2024-02-06,421.9228210449219,424.5179684735846,419.5842372747902,423.9160376085168,35846100,-0.0020094704016163137
2024-02-07,426.2644958496094,427.0933590723248,423.4029377945693,424.7054500501672,37712700,0.010237627087068924
2024-02-08,427.0539245605469,427.8137083440557,425.7020869952788,426.38291421422974,29889900,0.0018502564043375146
2024-02-09,431.2574462890625,432.0468613748132,427.39929486367424,428.1886798363185,36943900,0.009794942671616066
2024-02-12,429.5700988769531,433.3197526076636,428.8892415712298,431.1488988628783,33203300,-0.003920296423169907
2024-02-13,422.8701477050781,425.5540990543251,419.692823167463,421.61699064734256,64491700,-0.01571978603274588
2024-02-14,427.4782409667969,427.90253465627023,423.1957655614689,425.5442266157376,45092700,0.010838236260337662
2024-02-15,428.75115966796875,429.2149316499549,425.61328343662643,428.1689829438769,38796100,0.002973314483264339
2024-02-16,424.8633117675781,429.2247130385009,424.1528533104142,429.1260625105617,53716500,-0.009109205418022775
2024-02-20,421.65643310546875,424.37983239693597,417.8870550394781,422.87011177333653,53999500,-0.007576654939498225
2024-02-21,419.9690856933594,420.05791936146005,416.04185462250535,418.9231370059664,49779000,-0.004009739807517127
2024-02-22,432.26397705078125,433.30004866411934,427.9617473429976,428.73140828484816,53887800,0.028855356535722115
2024-02-23,430.99102783203125,434.7505286525933,430.0141586762791,433.82298476432334,39853900,-0.0029491868201035032
2024-02-26,430.7640686035156,432.7869165083509,430.576584404699,431.80017024641353,33043200,-0.0005267372010956077
2024-02-27,431.8002014160156,432.185016827134,429.2642561126333,431.86928088648324,33713200,0.002402448946408845
2024-02-28,429.5010070800781,430.8824758487822,428.5438620627868,429.65889008544724,32938800,-0.005338898342592467
2024-02-29,433.1816101074219,434.2571599221341,429.2543491340669,432.4218263244893,42495200,0.00853297675544711
2024-03-01,439.70404052734375,440.6611857217521,434.01052474782574,434.06972712165634,43853000,0.014944802476471317
2024-03-04,438.13507080078125,440.12831755147187,437.8883842316844,439.7039937666643,34325700,-0.0035746217660985046
2024-03-05,430.2707824707031,435.1058642223055,427.90259698584185,435.09598712149506,57917100,-0.018112506491534758
2024-03-06,432.9743957519531,436.13196568615194,431.0995838983498,434.48411631091494,46234500,0.006263856872512323
2024-03-07,439.5461730957031,440.7993301178958,435.01698085540727,436.5563328635165,44526700,0.015064175803701525
2024-03-08,433.2013854980469,442.693910981613,432.53040518587756,439.90140185906074,72096000,-0.014540056436239271
2024-03-11,431.5929870605469,432.8461440453612,429.6688196926347,431.71139180076773,45860000,-0.0037197288582617133
2024-03-12,437.7798767089844,438.13509093051266,430.67529114733907,433.9019708917608,55300900,0.014233234906442124
2024-03-13,434.41510009765625,436.80303962166965,433.3000718539814,436.7832854213928,37928700,-0.007715690627466594
2024-03-14,433.3198547363281,436.1715363458412,430.6063019723449,435.6485619267617,52195200,-0.002524378986570974
2024-03-15,428.1689758300781,433.0533520394362,427.0045922881317,430.2904743925129,73069800,-0.011958228834369181
2024-03-18,432.2525939941406,435.77005339953286,432.015441232783,433.4876578345993,47323800,0.009492204679807242
2024-03-19,433.32952880859375,433.7346333318046,428.15212113029696,430.2468145521752,43004100,0.00248834938192524
2024-03-20,438.4674377441406,438.80337150894667,432.82567425217115,434.52512339661354,43653500,0.011787075704273155
2024-03-21,440.5423889160156,443.97092782657467,440.3447967654427,443.5164327120339,39345700,0.004721119065984399
2024-03-22,441.0462646484375,442.1429869204166,439.1788335545133,440.0285731989278,28253900,0.0011431086034338676
2024-03-25,439.4456481933594,440.92772494895036,437.2521733889676,438.25008456707394,27789200,-0.003635736330769761
2024-03-26,438.0228271484375,441.88611062299844,437.79556453713616,440.9672001706422,34142000,-0.003243016317753973
2024-03-27,439.5147399902344,441.20432901385453,436.6493979452697,441.105517877216,41359200,0.0034002288564444223
2024-03-28,438.70458984375,440.3151180026423,438.34887575907896,439.4653783552645,36839600,-0.0018449841600453878
2024-04-01,439.6333312988281,442.18248976686664,437.7263698364116,439.65308146497904,38729000,0.0021147710439297584
2024-04-02,435.8391418457031,436.15532538768457,432.7959581746677,434.8214505691996,44259700,-0.00866780698319965
2024-04-03,436.8174133300781,438.69470445821014,433.70505828173714,433.71491828910797,39949800,0.0022420547656954717
2024-04-04,430.1381530761719,441.60944178188765,429.9108904729682,440.996824784503,57267700,-0.01540884600859631
2024-04-05,435.20684814453125,437.8745980464935,430.7507282504202,431.5609373498813,54744600,0.011714987734252705
2024-04-08,435.3352966308594,437.2125875865216,433.9520311978938,436.13561556539395,28144900,0.00029509998575288584
2024-04-09,436.94580078125,437.9437117785747,432.21302808963225,437.66705870710007,39443600,0.0036926307016708583
2024-04-10,433.1319274902344,433.99152706641837,431.0669044449502,431.7783023964343,61502200,-0.008766797709864556
2024-04-11,440.04833984375,440.9968605135364,432.7268771374683,434.99941289484474,45474600,0.015842220137319576
2024-04-12,433.0331726074219,436.95573693295404,431.6597971695677,435.829374285995,53665000,-0.016070247988428377
2024-04-15,425.9093017578125,436.8667847613836,425.0694522981349,436.7778637813603,63453600,-0.016587919240874285
2024-04-16,425.9488525390625,428.57707219015,424.56558697347117,425.7512302498661,47619000,9.285766903554068e-05
2024-04-17,420.7516784667969,427.9446892970782,419.82290801689595,427.9249391300538,56880500,-0.012276452309904123
2024-04-18,418.3507385253906,423.1230122839189,417.77765197619533,421.39392278181145,46549400,-0.005722654219799327
2024-04-19,409.69537353515625,417.69859329896826,408.13426609892537,417.17492743365193,75231000,-0.020906275903261173
2024-04-22,413.8155212402344,416.14730709405615,408.9938276035389,412.32355460226944,47807700,0.010006381480948795
2024-04-23,419.9908752441406,421.18640859511777,413.86494655360076,415.7422375545966,44384700,0.014812711785475264
2024-04-24,421.4136962890625,424.5952221276178,419.13130059541714,423.0835051077627,48440300,0.003382017282172355
2024-04-25,419.3782653808594,420.23786493944755,413.1436658883996,414.230497882568,57392200,-0.0048417087156673805
2024-04-26,425.85003662109375,427.38150380995216,421.8188012818527,422.51041898043206,41874900,0.015313963583649582
2024-04-29,427.5790710449219,428.5770122057127,424.84218062488617,427.9545352500877,30022200,0.004051975199758065
2024-04-30,419.5166015625,427.39136982222493,419.4375707439293,425.9982141906258,43665900,-0.0190361330154964
2024-05-01,416.4832763671875,425.00030192305,415.6335669199923,418.0938044365129,52251700,-0.007256791745745848
2024-05-02,421.7989807128906,422.6981107728826,415.6039115799332,420.2180930266731,36559000,0.012682543503297363
2024-05-03,430.2764892578125,431.26454032422834,427.45064752834196,429.2489077059209,48515300,0.019899148802584567
2024-05-06,434.9895324707031,435.0784534586489,431.3040907102183,432.07476942534396,30227200,0.010893967186645627
2024-05-07,435.0586853027344,436.68896365352816,434.3275069549733,435.4341495604902,30996100,0.00015896321781769138
2024-05-08,434.8017578125,436.20480361971187,432.3217399415846,432.44033140017706,24896700,-0.0005907326853162651
2024-05-09,435.7502746582031,436.3233611678897,433.22086631601803,435.068517003567,24580100,0.002179116665435843
2024-05-10,436.77783203125,439.0009468290101,435.23647485037026,437.25210737649155,27116600,0.002355357587263728
2024-05-13,437.7856750488281,438.78361632455744,436.3727691901708,438.6848051824084,22994200,0.002304791946069317
2024-05-14,440.6015625,441.1351184674474,437.1730244226559,437.3607565194814,34478300,0.006411516417764998
2024-05-15,447.4883728027344,447.7353855974094,441.56006573053315,443.0717828278273,41464700,0.015509574151181454
2024-05-16,446.5793151855469,449.2569250327754,446.41133324323863,447.30057313923777,34780400,-0.0020335326791606815
2024-05-17,446.3619689941406,447.31048959544074,444.1684943734974,446.70776275246817,35803700,-0.0004868096022644696
2024-05-20,449.47430419921875,450.1362815132888,446.39158976534486,446.5793218760035,24474200,0.006948474448956934
2024-05-21,450.3536376953125,450.54136979919565,447.42901515243744,447.62663741534305,23167700,0.001954448700834957
2024-05-22,450.2647399902344,451.3614923460644,447.6661608786562,450.6105638917276,25120000,-0.00019741481535234768
2024-05-23,448.2392272949219,455.0765234363132,446.4508573691613,455.04688311196617,40899200,-0.004508641475728346
2024-05-24,452.4779968261719,453.7427009819922,448.1503283413245,449.8497773775448,29669500,0.009412056768271905
2024-05-28,454.1872863769531,454.2465670260158,451.2330234712752,453.6932608661482,26216800,0.003770501876454059
2024-05-29,450.98602294921875,452.7645027751896,449.899160765381,450.0375023855627,29739200,-0.007073290256624878
2024-05-30,446.1544494628906,450.19560488160533,444.83046464487313,450.0572632581326,30536800,-0.01077115646255269
2024-05-31,445.324462890625,447.0733324786168,437.76587868424843,446.38168470948995,55941300,-0.0018620447451437206
2024-06-03,447.7155456542969,450.136252464962,442.54802817081566,449.1383414785647,32997500,0.005354941446208798
2024-06-04,448.94073486328125,450.13626814861834,445.7394592236012,447.458658340774,23767400,0.0027327973898129076
2024-06-05,457.9913024902344,458.07033330703183,448.98028172906453,452.50763121803925,33817400,0.019959308330526383
2024-06-06,457.833251953125,458.98928505430365,456.6673588445365,458.6731014527762,21966800,-0.00034515462139911296
2024-06-07,457.4281005859375,460.17488126832046,456.32148824669326,457.46763107031757,25829700,-0.000885323940591716
2024-06-10,459.2757568359375,459.6314708938704,456.01520042833266,456.3017436759834,20660800,0.004031091910498211
2024-06-11,462.4276428222656,462.5462342770449,456.5092266656226,458.001193404112,22053300,0.00683928967498286
2024-06-12,468.4844055175781,470.80633154634563,465.6585939506412,466.35021160302534,34532600,0.013012718381431638
2024-06-13,471.0237121582031,472.6737707294216,468.7512067349177,472.01176323840133,25859000,0.005405621891322939
2024-06-14,473.46417236328125,473.5333431716281,470.361677676087,470.8260628632491,23372600,0.005167807181779446
2024-06-17,479.2640380859375,481.0425179080329,472.42674173146634,473.7309461963046,37054500,0.012175429061636834
2024-06-18,479.4122619628906,480.0940196286849,477.6535322250408,479.2146698362232,24438600,0.0003092261238265258
2024-06-20,475.7169494628906,481.0227788796813,473.8890489544044,480.6078143162827,33918700,-0.007737866026320806
2024-06-21,474.4423522949219,476.77416848361605,472.9504156934659,475.440293517699,37456800,-0.002682914181147348
2024-06-24,469.041015625,474.9490574140219,468.9024843141438,473.2172197227776,37751000,-0.01144990121322742
2024-06-25,474.4047546386719,474.7016290052878,470.1889574276186,471.129109923321,29014700,0.011370652078156155
2024-06-26,475.38446044921875,475.92877037792846,473.16771802191516,473.58334212660935,22737100,0.0020629970154412767
2024-06-27,476.6115417480469,478.0860981514125,474.3255187598983,475.13701554552927,26222100,0.002577914141567276
2024-06-28,474.1375732421875,482.14363827525386,473.4943252654725,477.40334252534984,34881600,-0.005204262724349612
2024-07-01,476.91839599609375,477.48245728594264,471.3171348061598,475.0579027852008,24898300,0.005847880185098784
2024-07-02,481.9258728027344,481.98524767467785,475.2953968944467,475.42405251727433,26723600,0.01044491268129617
2024-07-03,485.94378662109375,486.0724422579742,481.17380338161604,481.17380338161604,18064900,0.008302640464164696
2024-07-05,491.0106201171875,491.4460560048313,486.4880424937544,486.7849470721582,28495900,0.01037280530513728
2024-07-08,492.1783752441406,492.73256089290976,490.35747522663445,491.37678420928336,22109400,0.00237544496851363
2024-07-09,492.6038818359375,494.8107486472105,491.08976215311105,493.69247152313164,25614500,0.0008641638600159652
2024-07-10,497.7400817871094,498.29426747851727,493.21753393410455,494.52381152050594,28046900,0.010372650696869917
2024-07-11,486.824462890625,498.05667216311593,485.636935294942,497.84886011902,49966600,-0.022174404355997848
2024-07-12,489.68450927734375,494.43468031357077,486.9333627636992,487.3984860685638,37109400,0.005857712824452361
2024-07-15,491.0007019042969,495.8102781057871,488.9620840273778,491.4559193387255,31151400,0.0026842322127858904
2024-07-16,491.188720703125,493.2669318468274,488.03182577264374,492.4554349867678,25950600,0.00038285649752908016
2024-07-17,476.7699279785156,483.72696575198995,476.70067742779014,483.21237345638946,56268800,-0.02979437058409403
2024-07-18,474.5136413574219,480.6690887882238,471.32705866428927,480.4909641521686,49347400,-0.0047436767012990246
2024-07-19,470.3077392578125,476.69081038315727,469.0212433135794,474.17716317121153,42042900,-0.008903121728197556
2024-07-22,477.3143005371094,478.33360958385947,472.75212922630016,476.1663358493662,40300000,0.014787940063321448
2024-07-23,475.6319274902344,479.40238336168676,475.1569284518494,476.41373700871543,23282500,-0.0035308913457368775
2024-07-24,458.5708312988281,469.2686376662744,457.7098653963061,468.90248253079744,58818600,-0.03652952893105593
2024-07-25,453.5138244628906,463.08347745644176,450.9012394618867,458.90727360561084,59256800,-0.01108901158231802
2024-07-26,458.1650390625,461.0943100672406,454.9982383756969,457.8483529536498,39992100,0.010203713480757774
2024-07-29,459.0854187011719,463.05381067459047,456.8290828356766,460.8766312425985,28218500,0.002006823632023142
2024-07-30,452.7815246582031,461.7178056143378,449.4365991488919,461.01518280406907,41317200,-0.013826566511513982
2024-07-31,466.1810302734375,467.88318054552457,461.56939023161044,463.01422923671885,44552100,0.029164312046391156
2024-08-01,454.8894348144531,470.61450517713496,451.2476348425809,466.86386133368035,56653900,-0.024519646655853183
2024-08-02,444.0926208496094,448.86260343484975,439.85704229778526,446.2104252259462,66323200,-0.024021242819514576
2024-08-05,430.85150146484375,437.6996954353394,419.0552302659208,420.30213280152026,87483500,-0.030269659624583462
2024-08-06,434.9683837890625,442.4301391633236,430.04996319341984,432.6922661729256,63164400,0.009509860932938223
2024-08-07,430.2576904296875,444.3400139949741,429.86184790505104,441.85605458654345,54929200,-0.010889038242555148
2024-08-08,443.41973876953125,444.3301736904715,432.6130580671069,436.48248198323597,47890100,0.03013250377734197
2024-08-09,445.7354736328125,447.3683432515176,440.98527177738737,442.1035490304514,33574000,0.005208854577663076
2024-08-12,446.6954040527344,449.65436298181817,443.8947580033993,446.70530993303913,27795000,0.002151272023716249
2024-08-13,457.779052734375,458.0462698402238,450.95067113228396,451.0892326243312,40084500,0.024509710464058705
2024-08-14,457.9275207519531,460.282794312451,453.6424431825531,458.699424235005,34733700,0.0003242698549468346
2024-08-15,469.4962463378906,469.8920888985799,463.5189240086724,463.89498501162524,38280600,0.02494938363810619
2024-08-16,470.0998840332031,471.46556648913753,466.75495864422777,467.71489267478665,38383600,0.0012848877487849552
2024-08-19,476.2751159667969,476.314709281999,468.4571123615935,470.23844913548015,23737700,0.013050470643848561
2024-08-20,475.275634765625,477.92781315701507,473.5833602435094,475.36469707718084,29209300,-0.0021007425362686537
2024-08-21,477.49237060546875,479.34295796614543,474.3453815043976,476.0574073595781,25658800,0.0046532625512896
2024-08-22,469.9217529296875,480.50080867680515,468.89253816247736,479.8080615794647,37739600,-0.015981984287618937
2024-08-23,475.018310546875,477.72986373864114,470.3472959517967,474.2661885575702,36061500,0.01078715409547737
2024-08-26,470.4067077636719,475.39440887231615,468.3284964516656,474.47406807156517,27452600,-0.009755695626971
2024-08-27,471.81195068359375,472.8807286031664,466.8143440444415,468.77380546465093,27510000,0.0029828404462878
2024-08-28,466.4580383300781,472.06917457997497,463.0339568494891,471.3467703091291,37372400,-0.011412430378178427
2024-08-29,465.7752685546875,472.9698061378377,464.4986483367516,468.36807210677364,41081500,-0.0014648047702875493
2024-08-30,471.3270263671875,471.9504927515124,465.626826998042,470.1098112366977,33466500,0.011848915100334294
2024-09-03,457.01715087890625,468.41758089345274,454.64206506764924,468.28895545355164,44985200,-0.03083125711708288
2024-09-04,455.82958984375,459.6297633575337,452.9795050096939,453.9097517280565,32505100,-0.002601886279792818
2024-09-05,456.2550964355469,460.5302382843721,453.18726380172785,454.2065727199707,34452400,0.0009330419182937865
2024-09-06,444.03326416015625,456.4332200932518,443.53845342028677,455.5524424798757,50624400,-0.02715259619845918
2024-09-09,449.7433776855469,450.73299918390046,445.15154963762876,448.35791362802206,32981200,0.012777669382108345
2024-09-10,453.8998107910156,454.404527431382,447.5365516543528,451.50491342000015,29680300,0.009199344322982755
2024-09-11,463.75640869140625,464.49862479430976,446.5963760163785,455.1368141392579,57843000,0.021482940496181976
2024-09-12,468.3087158203125,469.12021274769836,462.004831315396,463.7861380430132,40067800,0.009768294526634646
2024-09-13,470.4067077636719,471.5843598337803,467.3487807735019,467.57640460415297,29111800,0.0044699285509775455
2024-09-16,468.3284606933594,468.94202118034616,465.0132528878114,468.2789916995769,22585600,-0.004427767352287245
2024-09-17,468.5758972167969,472.64325748454945,466.082061787513,471.3468556724097,30084400,0.0005282001884210867
2024-09-18,466.54718017578125,473.8604676353551,465.9434953333067,469.7733560531388,39909200,-0.00433893735026635
2024-09-19,478.3434143066406,481.1836532649459,475.50320554918557,477.6011982117997,52782500,0.024969762838753833
2024-09-20,477.4330139160156,478.6700408299841,473.335966280543,477.4824829122334,34577700,-0.001905049421765633
2024-09-23,478.6985168457031,479.78863625808964,477.2714569319046,478.60932938150205,24843000,0.002647133010372583
2024-09-24,481.0075378417969,481.9589009890899,475.85429307094455,480.10571320215763,25952600,0.004811943074076223
2024-09-25,481.4534912109375,483.4057861989954,480.20480632461255,480.3831812388623,26549900,0.0009266939389607462
2024-09-26,485.0707702636719,489.26276299508504,481.4337419762806,488.9357120142865,32020200,0.007485163251206558
2024-09-27,482.37518310546875,486.2302350383357,481.19587618082716,486.091478815064,22851100,-0.005572598912653749
2024-09-30,483.68328857421875,484.020229062973,478.5795822480605,481.41386237049977,30281100,0.002708130628869449
2024-10-01,476.9444274902344,483.61395044024334,473.109215140219,483.31665887950265,42735400,-0.014030350190266406
2024-10-02,477.61834716796875,479.53099347672526,473.42635462803594,476.0426111384499,23744000,0.0014119967960069303
2024-10-03,477.2615661621094,480.1949538329901,474.6849283697324,475.4281875265743,25337200,-0.0007472793541506087
2024-10-04,482.9400634765625,483.4950278786583,478.0543806808698,483.0688998990654,30686600,0.011827856441761573
2024-10-07,477.7669677734375,482.19679333270193,476.5480119306122,481.0274062437878,24975100,-0.010769455272478712
2024-10-08,484.90228271484375,485.5860835880583,479.5012840884385,480.3040015929436,28272000,0.014824293200416496
2024-10-09,488.7176208496094,489.2924248153579,483.564375972424,484.6049266009383,24995000,0.007837468504556378
2024-10-10,488.1626892089844,490.0257969581118,485.13019433844016,486.4383376827158,25750400,-0.0011361303828173045
2024-10-11,488.92572021484375,489.94649172199814,485.7644194068518,486.32927332481586,20644500,0.001561846714400361
2024-10-14,493.0285339355469,494.34656675942244,490.8086764455291,491.3140720656338,26060100,0.008356473997675074
2024-10-15,486.4383239746094,494.0195609373264,484.2878142839425,493.35556948418406,34784500,-0.013456931918899016
2024-10-16,486.4977722167969,487.2707604745814,483.18779530560226,486.76533460642946,22996800,0.00012220379631145242
2024-10-17,486.834716796875,492.02761076485535,486.7752584875692,491.97807225486406,27210700,0.0006923525051118102
2024-10-18,490.0257568359375,491.1158762002441,488.866259365882,489.6194382436373,25335000,0.006533279778736253
2024-10-21,490.9672546386719,491.7699720639436,486.894178959246,488.81674495745733,30336500,0.0019194797124813987
2024-10-22,491.50238037109375,492.9790090488197,487.54825154691343,488.30143046324906,26685800,0.0010893482429818753
2024-10-23,483.9706726074219,489.80774860991164,480.69042485410046,489.1536769704334,39346600,-0.015442471555511178
2024-10-24,487.8951110839844,488.56899209054706,485.0409912405532,487.68697675640317,22024900,0.0080761353532833
2024-10-25,490.86810302734375,495.78351439895096,489.9860877731949,490.6897281141299,38762100,0.006075015987283633
2024-10-28,490.9473876953125,494.0393406046325,490.6500961629891,493.9798822981678,20477800,0.00016150624815003666
2024-10-29,495.6646728515625,496.8439798063239,489.41138819730327,491.2645761995589,28014100,0.009562666608998741
2024-10-30,491.9186096191406,495.85292901449105,491.43302334965017,494.9015658306743,29756000,-0.007586360087870945
2024-10-31,479.5012512207031,488.00412245137545,479.40214395365643,487.954583939498,41245200,-0.025566771456239538
2024-11-01,483.0490417480469,486.33920932217706,480.83910402420423,481.13639556987664,33655800,0.007371680460372794
2024-11-04,481.641845703125,484.9815519553387,479.8976545652101,482.4445631601672,23291600,-0.002917405069976599
2024-11-05,487.7861022949219,488.45009377025474,483.1382526974681,483.2274401655053,24353600,0.012676215657202864
2024-11-06,501.0359191894531,501.8584762261197,495.10968577343385,496.0610489877298,43082200,0.026800798708190725
2024-11-07,508.9243469238281,509.70728521710686,503.7711019992823,503.83056030755586,32853100,0.015621581202060609
2024-11-08,509.51904296875,510.29200105591366,507.8045506782223,508.42889322268616,22924500,0.0011678530557810449
2024-11-11,509.2217102050781,510.94606166969805,506.3279414175583,510.7379273428509,24167500,-0.0005837260778823938
2024-11-12,508.29998779296875,510.0342589618139,505.2476838428485,509.1523041657435,25835300,-0.0018117012463400059
2024-11-13,507.64599609375,510.3514400261562,505.36668014613633,507.7946721174008,24567400,-0.0012874538605909438
2024-11-14,504.11798095703125,508.1811066415075,503.2062364575977,507.30904134011206,28679500,-0.0069740166996332216
2024-11-15,492.1069030761719,498.80612454252906,490.04558089937717,498.41964553643646,51461100,-0.02411435431223301
2024-11-18,495.5259094238281,497.6268806924794,492.265501060555,493.6529120920853,27080800,0.00692366629073521
2024-11-19,498.9349365234375,499.4205530111832,492.61227457362634,492.94924529707794,24523000,0.006856057665989898
2024-11-20,498.6476135253906,498.9548248827178,492.0970072679585,498.63769372570533,29565500,-0.0005760385563636426
2024-11-21,500.4413757324219,502.40356062716495,493.0880515474197,501.6900305990874,34526700,0.003590799525750249
2024-11-22,501.2440490722656,501.9773883931018,498.2610927916357,499.8863672514566,23826600,0.0016026458841688412
2024-11-25,502.0368347167969,506.85316942781503,499.727789745264,505.31708246990956,26375200,0.0015803865544486357
2024-11-26,504.7323913574219,505.55494837109245,502.6710994101925,503.5134355358176,26557100,0.005354877785302224
2024-11-27,500.7584228515625,503.67200096615676,497.4187167746415,503.6026531011734,24957400,-0.007904575838142362
2024-11-29,505.15850830078125,505.7531216213566,500.7683318681806,501.38275454356886,15334000,0.008748462972468939
2024-12-02,510.6586608886719,511.6199741872277,506.03065079539806,506.4171600748149,25147200,0.010829126549233674
2024-12-03,512.2244873046875,512.5019997630951,508.755944494111,509.33074852467934,18597900,0.0030615963160023994
2024-12-04,518.5570068359375,518.8146796626284,514.9298686374995,515.6434288103802,26086200,0.01228698659306591
2024-12-05,517.1200561523438,519.3299939278061,516.733546890651,518.6065744020088,18169600,-0.0027749028283027455
2024-12-06,521.7481079101562,521.9859411713386,517.6552224953138,517.7840589262187,23762600,0.008909855041401793
2024-12-09,517.6849365234375,521.6192257616104,516.5353285463648,520.8264281316256,20674400,-0.00781809295830265
2024-12-10,515.9209594726562,520.6580271192222,514.4938993957188,518.9138358600111,24350000,-0.0034132521305934326
2024-12-11,525.1571655273438,525.8409663614733,519.8751140774373,520.2814024633593,32168600,0.017744006268859608
2024-12-12,521.7678833007812,524.2057949010591,521.2922168369533,522.9372703487448,23577500,-0.006474759718378143
2024-12-13,525.76171875,528.3779449247531,522.5607082907461,525.6923406392922,28780400,0.007625282938368364
2024-12-16,533.3329467773438,534.3041797331767,528.2094313308821,528.2887292324265,31979900,0.014297790846314528
2024-12-17,530.984375,532.6492683954417,529.3294014053522,531.5393394651472,28579100,-0.0044132995700754876
2024-12-18,511.8280334472656,532.0546259876975,510.38119437057514,530.3401942657196,54703200,-0.03674389874843734
2024-12-19,509.54876708984375,517.070576909416,509.2118567871215,516.5056926514047,46441800,-0.004463132782572479
2024-12-20,513.9984130859375,520.1030827285903,504.7126629138714,505.852321010616,60530000,0.008694614403020148
2024-12-23,519.006103515625,519.3833002478667,512.3159202923702,515.7106302984251,29672800,0.00969546517349693
2024-12-24,526.043701171875,526.1330021589947,520.316321172994,520.9516062143355,17558200,0.01346864811994176
2024-12-26,525.6864013671875,527.3142968325767,522.4207352238725,524.4158916610216,19090500,-0.0006794515390796148
2024-12-27,518.6984252929688,522.5596938208661,514.0331448619471,522.1229428744699,33839600,-0.013382194343000985
2024-12-30,511.7997741699219,515.5220627362082,508.04770850678767,511.7005373751371,34584000,-0.01338916300145503
2024-12-31,507.4521179199219,513.8345638741997,506.48928482473434,513.0802310210817,29117000,-0.008531124940317613
2025-01-02,506.45947265625,512.8221071633047,501.97285552495356,510.4993728244697,36389800,-0.0019580515501456987
2025-01-03,514.747802734375,515.8099028942349,508.74252327822325,509.5564103096281,29059500,0.01623277130306025
2025-01-06,520.6636962890625,524.0187233784725,518.1722957509822,520.1475802181556,36109700,0.01142725947320954
2025-01-07,511.3728332519531,522.1029453633986,509.4869105259949,521.7059376977747,36690300,-0.01800539762610072
2025-01-08,511.4622497558594,513.1000201476976,506.7969699488272,511.27365140459267,30777800,0.00017484051069333945
2025-01-10,503.4419250488281,507.7994676879478,500.1961008882431,507.70023091040883,40532500,-0.01580541664790792
2025-01-13,501.8240051269531,502.28059733248006,496.00732395497107,497.4962392396563,31694200,-0.0032188921762560264
2025-01-14,501.3475341796875,506.39001083545065,497.88333436019064,504.9804910575475,33737200,-0.0009499292283036307
2025-01-15,512.8816528320312,514.0231181011155,507.6803552886918,509.23879071405617,34957600,0.02274558072565385
2025-01-16,509.2884826660156,515.224272558158,509.1594384871324,515.1448467748171,28229000,-0.007030502734285471
2025-01-17,517.884521484375,520.1973205954457,509.3182891985664,518.9863044479358,51837900,0.016737666321060093
2025-01-21,520.9217529296875,522.0830897487288,516.2167908885407,520.6041104370049,23628000,0.005847558249676359
2025-01-22,527.5822143554688,529.8751413083515,525.3488415863966,525.6565483001042,33593000,0.012704865644994918
2025-01-23,528.703857421875,528.8229657869698,524.5448186856646,525.1304247166951,23096600,0.002123749461353631
2025-01-24,525.7161254882812,529.8453571094432,524.2470818339253,529.0810884811151,19878300,-0.0056670775936024246
2025-01-27,510.41009521484375,514.162130138184,506.3800700726188,507.2237947720407,60771700,-0.029546870810714422
2025-01-28,517.9539184570312,519.135127001106,507.9980395084438,511.4125906777684,33194200,0.01467176693367514
2025-01-29,516.981201171875,518.7282048637726,513.0802502522747,518.5991606876129,26649000,-0.0018797653169430962
2025-01-30,519.1847534179688,522.2122024136221,514.3805539731445,519.8399100776113,27431300,0.004253286953251823
2025-01-31,518.4303588867188,527.5921922182381,517.3385119017584,523.0261489535886,38755200,-0.0014540934402891472
2025-02-03,514.2813110351562,517.0010535797855,507.27348469906485,509.6755846757201,40580800,-0.0080352925144705
2025-02-04,520.5941772460938,521.2294622346358,514.4003000680867,514.7973683319532,26046800,0.012200394323521114
2025-02-05,522.9567260742188,523.1155776535062,516.7727831295116,517.9639276376615,21134100,0.004527911110070567
2025-02-06,525.6864013671875,525.8948713447239,521.8549400712387,523.4629639433027,19434500,0.005206120913572145
2025-02-07,519.0557250976562,528.1678797493125,518.3311390158517,526.2224024701397,29605500,-0.012693592290826112
2025-02-10,525.3389282226562,526.4407109622551,522.8574028177311,523.3239005134812,20852800,0.012032384330545315
2025-02-11,524.0882568359375,526.0039872775455,521.9442454321847,522.0732896066455,19325500,-0.0023835326483586427
2025-02-12,524.39599609375,525.2794337785684,518.0929450820138,518.4403344445669,25009400,0.0005870174316677965
2025-02-13,531.9398193359375,532.2574012792994,525.2793832223591,526.0635234537466,28714800,0.01428324474758749
2025-02-14,534.1731567382812,534.8580601398642,531.7114424599516,532.0489565555039,17862600,0.004189688559034811
2025-02-18,535.3841552734375,536.0095045421328,532.078746365208,535.7414804029439,20565000,0.002264486510532601
2025-02-19,535.5330200195312,536.8134652370089,532.4956355398415,534.5900283086233,19666900,0.00027801355788663996
2025-02-20,533.2599487304688,535.1161249242239,528.52523935916,534.7488640035847,26550800,-0.004253536059208012
2025-02-21,522.1923828125,534.421347555334,521.8251218909734,534.4014759647268,47093800,-0.02097294452796977
2025-02-24,516.0282592773438,525.1602852244356,515.6908057368098,523.9790766643296,39268400,-0.011874539410884339
2025-02-25,509.5267028808594,515.4823644051806,505.67537024840186,515.4029386213022,48940000,-0.01267926876165077
2025-02-26,510.7574157714844,515.8197027023189,507.59098734524076,511.7202790065038,34457600,0.0024124917070321083
2025-02-27,496.5730895996094,515.2341793751592,496.35471414579564,514.3011233717788,52448000,-0.028164070650868425
2025-02-28,504.4147033691406,505.02018100858754,493.25774490318094,496.4341094377578,47654000,0.015668071564447734
2025-03-03,493.37689208984375,509.2487196326077,489.93253345416554,507.7399630206097,44587200,-0.022125384913275304
2025-03-04,491.88800048828125,500.01748091232383,484.1357168084358,490.5281292836156,67875400,-0.003022319674890022
2025-03-05,498.3002014160156,499.9082249165119,487.629642939058,492.53313921136856,46323700,0.012951660199492877
2025-03-06,484.59228515625,494.8955530213461,482.60706486522406,490.04170516165766,57574300,-0.027894821262156304
2025-03-07,488.1557922363281,489.63477178176004,476.9789913818525,483.56000203653406,54714700,0.007326713059327434
2025-03-10,469.2366027832031,480.393531072757,465.1966722399011,479.8773847046623,76668000,-0.03952747650726915
2025-03-11,468.1149597167969,475.27167052229146,463.5588826960084,468.8594173402994,68760800,-0.0023932186100274148
2025-03-12,473.39569091796875,477.50508157643935,468.3035955192933,475.61912817116786,46971100,0.011217688452569631
2025-03-13,464.8790588378906,472.760386273074,462.98316971511383,472.7306091786664,46563300,-0.01815431138824814
2025-03-14,476.1153869628906,477.0087300371878,469.6237081167645,470.2292160585815,43563000,0.023882951203062403
2025-03-17,479.2024230957031,482.2497437290607,474.26914911026887,476.06577117794853,41744400,0.006462868891207941
2025-03-18,471.03326416015625,476.0657749736721,468.91899953639006,475.86727110411596,39072300,-0.01719438726559797
2025-03-19,477.33636474609375,481.7435264527976,471.36083156550126,473.2864979024419,40430300,0.013292693490894075
2025-03-20,475.7183837890625,480.96927004322396,472.6611273475336,473.35596661844284,36780500,-0.003395361103698374
2025-03-21,477.2867126464844,478.0510116397219,469.4153205735283,470.57665761140777,42234900,0.003291336592181592
2025-03-24,487.76043701171875,488.60541998448804,481.53742091872255,484.8576794709337,34567200,0.021706992509755222
2025-03-25,490.5438537597656,490.70291186860106,487.5218407035887,488.4861096315565,26035200,0.005690303691361802
2025-03-26,481.5175476074219,490.2456607367531,479.96676889831855,489.3907271556028,34627100,-0.018572007043723974
2025-03-27,478.7738342285156,483.70451433059617,477.41193517577676,479.5591741727875,33469800,-0.005714350658261787
2025-03-28,466.1687927246094,477.68034714960163,465.28403763438615,476.974551402309,46363800,-0.02668053885654254
2025-03-31,466.1488952636719,467.08331235256605,454.6273605455005,459.19026229129486,53000300,-4.26838645171978e-05
2025-04-01,469.90655517578125,470.83105198841025,461.6754876852753,464.53844262078127,41156200,0.00802875533817087
2025-04-02,473.3361511230469,476.7260031222664,463.1069521266998,463.3654253458386,49894500,0.007271958824238822
2025-04-03,447.9967956542969,457.3511902166352,447.4798795534505,453.742637111202,70456300,-0.05501973515430438
2025-04-04,420.17218017578125,437.76756110951874,420.17218017578125,435.55075905226965,117088400,-0.06412149976282955
2025-04-07,421.1861877441406,440.52125924890055,400.01207316550386,406.24500940343484,161557000,0.0024104070226820267
2025-04-08,413.60125732421875,440.52124286102435,407.3683213181599,435.5706616527368,101248100,-0.018172623950113282
2025-04-09,463.24615478515625,465.0653269802432,412.97499289588256,413.1141801222823,142876900,0.11335620147150638
2025-04-10,443.5432434082031,452.89763762867176,430.07333074405074,450.8796353482819,108384100,-0.04346326275063658
2025-04-11,451.71466064453125,453.0964608286063,438.72189215337244,442.0222794815872,52483800,0.018255396867474256
2025-04-14,454.7764892578125,462.3017305650004,449.95514472763216,461.7152208667026,43941200,0.006755367126259383
2025-04-15,455.28350830078125,459.6475802526805,453.45438538142065,455.83027629002765,35404200,0.0011142542179348796
2025-04-16,441.55511474609375,449.94524106408096,435.1730706709317,446.3764597793453,48980600,-0.030617472609571678
2025-04-17,441.4755859375,445.10401010316673,438.7517574071589,444.5274509761507,44837000,-0.00018012693952139437
2025-04-21,430.55047607421875,436.4851969411389,425.40109511314887,435.6402443758458,44149300,-0.025058153648620515
2025-04-22,441.8533630371094,444.9350193638807,435.03388632871594,436.2268070816329,52304400,0.025913502322702592
2025-04-23,451.8737487792969,460.641633756553,450.20368411807647,455.46243104941027,55801100,0.02242475475674991
2025-04-24,464.58819580078125,464.896361425193,453.1362539590864,453.78243704630535,45956100,0.027748588827144677
2025-04-25,469.76739501953125,470.2942617606861,462.639783263479,464.210432874224,38697100,0.01108625520163622
2025-04-28,469.6182556152344,472.0040665388327,463.27595392675005,470.23458681729716,33550800,-0.00031752540705548327
2025-04-29,472.7198486328125,473.60460372916896,466.81494870601875,467.3915381780168,30613100,0.006582784254847471
2025-04-30,472.6601867675781,474.37997416490805,459.697238824554,464.36947606745446,46810600,-0.0001262177390668863
2025-05-01,478.8334655761719,484.30096287876717,477.89901815565884,480.5532529218463,43316500,0.012976156834818958
2025-05-02,485.9411926269531,488.00891762969025,481.9648310617846,483.66474747370063,39218100,0.014734747825487981
2025-05-05,483.058349609375,486.14003597307794,481.2391774925475,481.73622270162116,28309500,-0.005950160753155637
2025-05-06,478.5650939941406,482.1835675083398,475.36412148604,476.7260205679887,32786300,-0.009345213754663762
2025-05-07,480.4438781738281,482.9291041737698,473.9624196873836,479.2310866723673,38006300,0.00391818353702428
2025-05-08,485.4044189453125,489.78836133137906,481.30877127503675,485.642990937839,39577600,0.01027197418722214
2025-05-09,485.0863037109375,488.63521379310254,483.326774588034,487.31305654497106,27767400,-0.0006555760675333335
2025-05-12,504.84881591796875,504.88858802841014,498.51646492128515,503.99388239825186,45090600,0.039932189131272985
2025-05-13,512.5430908203125,514.3324413872226,505.4154493764172,506.1510665570221,53269600,0.015125777093429415
2025-05-14,515.6148681640625,516.1616058199734,512.7021901958013,513.7161819509431,47014500,0.005975320147219114
2025-05-15,516.181396484375,518.845551249811,512.1254910070218,513.46754933804,50153300,0.001098140004291446
2025-05-16,518.4281005859375,518.6169801912382,514.0441278903378,517.5830873308704,48394600,0.004343102667178246
2025-05-19,518.9251708984375,519.442117353632,511.2010686059385,511.2010686059385,52536200,0.0009583434384549009
2025-05-20,517.1954345703125,517.8515075410328,513.6067220946634,516.4001137065187,42517600,-0.0033388737294311964
2025-05-21,510.0081787109375,519.9093421363043,508.2188279092248,513.2191323502661,71292800,-0.013994057377272405
2025-05-22,510.9625549316406,514.6506528032378,509.2725888212911,510.6245374397813,55607200,0.001869547220568406
2025-05-23,506.2306213378906,508.8152626278632,502.59224657648224,503.1887069260503,58368100,-0.00930397064910556
2025-05-27,518.1397705078125,518.6269257716245,511.5490069592283,513.099785560271,47226300,0.02325269424846012
2025-05-28,515.8434448242188,520.5852756508032,515.326559052752,519.0941399870436,46637200,-0.004441715155258164
2025-05-29,516.857421875,523.3687019543887,514.2628604553026,523.2196247969079,58513300,0.001963738792763207
2025-05-30,516.0422973632812,517.6030267064441,508.9047349583655,516.3703642123456,67662800,-0.001578322978988079
2025-06-02,520.1181030273438,520.3566750351536,512.9208369697641,514.18335129797,44762800,0.007867173237448797
2025-06-03,524.183837890625,525.6153304447355,519.6010958649408,520.4659496294596,44070300,0.007786551467944134
2025-06-04,525.645263671875,526.7089478092026,522.8617616763219,524.889745168766,41359300,0.002784123097893911
2025-06-05,521.688720703125,529.8999177687056,519.5713031286073,527.0468829475419,61031200,-0.007555492038863723
2025-06-06,526.788330078125,528.6572247503295,525.088474447436,526.8678742932818,42467000,0.009727727631706295
2025-06-09,527.5638427734375,529.2040557008712,525.8838273941709,527.0071545180014,33688700,0.0014710698287250005
2025-06-10,531.0531005859375,531.7390254485366,525.7645319173196,528.0310266756026,40664800,0.006592130364429773
2025-06-11,529.263671875,533.607902979141,526.9772759658763,532.4547240748923,53701000,-0.003375275118246414
2025-06-12,530.5062866210938,531.4805365276557,527.703004925698,527.9515275399644,34104900,0.002345066126086405
2025-06-13,523.8458862304688,528.7268432784747,522.6231138097035,524.5616021772432,55814400,-0.012634277538517978
2025-06-16,531.1325073242188,532.2061418831144,527.3152343861935,527.3649267684334,37622100,0.013814002279786063
2025-06-17,525.9534301757812,530.1783148927323,524.790300579849,528.5678931016404,42180900,-0.009798860064032635
2025-06-18,525.8638305664062,529.4027896913979,524.2832609295995,526.9672562637179,43983500,-0.00017037105766550602
2025-06-20,523.7166748046875,530.4068839390565,521.7781863439574,529.1145785233912,61643500,-0.004091460818911223
2025-06-23,529.1017456054688,529.6192118620138,521.1400908129034,524.2849177292203,50666100,0.010229907948158078
2025-06-24,537.1928100585938,538.1083833993794,533.6996241180443,534.3166475371182,45442000,0.015176331351862958
2025-06-25,538.5660400390625,540.7057587768334,536.7946036696304,539.461750381059,44804200,0.002553045650038752
2025-06-26,543.6018676757812,544.0497229160504,538.9244439782782,540.7456288167091,43811400,0.00930699192073455
2025-06-27,545.4629516601562,547.3538082383178,541.9299187322695,544.6369129629151,57577100,0.0034177686451054173
2025-06-30,548.9959106445312,550.150323841353,546.3785118204822,548.6177271894713,45548700,0.006456106076852257
2025-07-01,544.3682250976562,548.0704264374054,542.0493759591154,547.0950823478822,56166700,-0.008465090503140114
2025-07-02,548.159912109375,548.3589656247289,543.5023514145969,543.5421378206258,36538300,0.006941152554471166
2025-07-03,553.553955078125,554.5292991491806,550.528547956803,550.528547956803,26443500,0.009792172415583215
2025-07-07,549.3840942382812,551.6830197478901,546.9458251844275,550.8669428006658,45349300,-0.007561405121540097
2025-07-08,549.6925659179688,551.3545443122363,548.4584584278795,550.7275591514004,36153300,0.0005613287934679895
2025-07-09,553.5838012695312,554.957191559505,550.448875446199,551.8222657361728,43045500,0.007053992277089933
2025-07-10,552.7877197265625,554.6288283109999,550.1006487780387,554.2208201829343,34710900,-0.0014390856330797133
2025-07-11,551.5436401367188,553.1259849885996,549.4039211443059,550.6479296881262,39618600,-0.002253092072450654
2025-07-14,553.5440673828125,554.280510790838,548.9860026438791,551.3346764161255,36453300,0.0036203993900153176
2025-07-15,554.051513671875,558.1119745200461,553.9918036921638,557.5646229155932,43277700,0.0009163025444431846
2025-07-16,554.6188354492188,557.5248833529374,548.9163193085661,554.6089344039383,52314700,0.0010234274368595719
2025-07-17,559.1072387695312,559.6148040205102,554.5392729959415,555.3453881761403,40423800,0.008060200302327009
2025-07-18,558.56982421875,562.0231629422733,557.2959302535468,560.4208944407413,50484700,-0.0009616634535936332
2025-07-21,561.4658813476562,563.3468370391857,559.3660092861638,559.3958946507648,39595200,0.005171377249224138
2025-07-22,558.559814453125,561.6449312247784,555.9324539325285,561.5951830334812,43270600,-0.005189297757782499
2025-07-23,561.1075439453125,561.1473303500087,556.8978386154415,559.6446191045442,40215300,0.004550876419024741
2025-07-24,562.3018188476562,563.5259038068097,560.590031519654,562.4212388074466,42275500,0.002126162362176724
2025-07-25,563.6552734375,564.9789154964288,561.5653634434884,562.2221732082169,30630800,0.002404097369243723
2025-07-28,565.4169311523438,566.3125810251406,564.1529987987896,565.0188240471344,31498700,0.003120542932925311
2025-07-29,564.541015625,569.3677442783611,563.8145341030877,568.0242394036405,45463300,-0.0015503509759578016
2025-07-30,565.2974243164062,567.88493787487,562.3416283337683,565.4566306884598,43433800,0.001338968081941206
2025-07-31,562.3018188476562,571.8757036606775,561.1672684870435,571.7861083195327,64613600,-0.005313257408152593
2025-08-01,551.2252197265625,556.3405979294319,549.0357523301388,556.1515061828632,69400800,-0.019895277076308532
2025-08-04,561.3961181640625,561.6150952409816,556.2708397121321,556.3703360927129,47669800,0.018283276466736054
2025-08-05,557.5845947265625,563.8444243211386,557.047144120063,562.6800492447384,48666600,-0.006812518097541099
2025-08-06,564.6007690429688,565.0386624956789,557.9428326498341,558.4205125100245,41823700,0.012504646677923677
2025-08-07,566.5115356445312,570.5719965866228,562.4013265086303,568.9298809926769,44463000,0.003378565348839767
2025-08-08,571.7960815429688,572.0150586353669,567.4172078636645,567.7157577691117,35255500,0.009284983749656302
2025-08-11,570.104248046875,574.0353274481827,568.8304148017489,571.9354554685915,33112900,-0.002963191602949367
2025-08-12,577.2697143554688,577.568264258411,569.7459530883017,572.4031383383943,42143300,0.01249036443167345
2025-08-13,577.5584106445312,580.5241078283162,576.1650966595718,579.9667943828545,41209300,0.000499981406456681
2025-08-14,577.1105346679688,579.0909866487473,575.139983732242,575.508266162602,45425000,-0.0007757652110453469
2025-08-15,574.57275390625,577.060771050305,572.811218330625,577.0209239007323,49480200,-0.004407088119421071
2025-08-18,574.3438720703125,575.0007426774456,572.4828399211221,573.6771004174088,29831000,-0.0003984307194976646
2025-08-19,566.5513916015625,573.7964659713523,565.5262993771687,573.6272978127284,53752600,-0.013660503107766616
2025-08-20,563.1876220703125,565.7253875756548,556.1614636230435,565.6059676042936,76781100,-0.005954967352519332
2025-08-21,560.5802001953125,563.774775630925,558.2911756152315,561.6450181787756,46436900,-0.0046405075895972515
2025-08-22,569.2284545898438,571.238791941298,560.5702032580724,561.9634564557491,51502100,0.015309536306763022
2025-08-25,567.5864868164062,570.5422225712209,566.4320126331755,567.6661203876056,34044700,-0.0028887180409782843
2025-08-26,569.8653564453125,570.1738681264644,566.0736209319145,567.0987131018536,34103000,0.004006978742018988
2025-08-27,570.7412109375,571.6567843025553,567.6361701841732,568.8503542214644,36927100,0.001535769983063592
2025-08-28,574.3140258789062,575.2295992365423,569.7161747720991,571.3582297430389,46787900,0.006240443991247151
2025-08-29,567.666015625,572.273828233091,565.8148847062891,571.9055458127416,56030400,-0.011643085015967294
2025-09-02,562.908935546875,563.257233673264,556.8580604404501,558.6195961337324,65876800,-0.008415378648370053
2025-09-03,567.3375854492188,568.9597775003773,564.0135677896833,566.5015849549442,54230200,0.007836648881103974
2025-09-04,572.4728393554688,572.8410610450118,566.3026052373926,568.0043701424134,47526300,0.009010776775635707
2025-09-05,573.298828125,578.3345721151251,568.7905728965633,577.707586970244,68342500,0.001441803696256953
2025-09-08,576.0953979492188,578.0559870759845,575.0006946855148,575.5977945125156,46371400,0.004866172596408347
2025-09-09,577.7275390625,578.1554707195171,574.274139701763,576.8915385805233,44007600,0.0028291034084009475
2025-09-10,577.9166870117188,580.9719796320359,575.7769677758832,580.942094267134,49308000,0.00032734633486703016
2025-09-11,581.2804565429688,582.0766099053841,578.8322257294989,580.4444560297375,44745800,0.005803635717256259
2025-09-12,583.8480224609375,585.0422828265267,581.3002953608963,582.2357922273038,50745900,0.00440735956668228
2025-09-15,588.843994140625,588.9534523182087,585.4702282697297,585.6195335974215,44360300,0.008520569483881024
2025-09-16,588.3463745117188,590.018314719858,587.6596793599289,589.7695130089575,36942100,-0.0008454361703891993
2025-09-17,587.1720581054688,588.9136701422223,581.5690385221046,588.2667613743852,69384800,-0.0019979555646343766
2025-09-18,592.466552734375,595.2730433570825,590.1178791327126,592.058483907603,61069300,0.008976529136785837
2025-09-19,596.4772338867188,597.1738908683575,592.9940097211341,594.4669572446983,58196100,0.006746654316926612
2025-09-22,600.0083618164062,600.6759063866804,595.5446250028239,595.56457167487,57154800,0.00590251682814617
2025-09-23,596.0228881835938,600.376978885606,594.8072966999976,600.1776946146698,64635500,-0.006664522159132605
2025-09-24,593.9305419921875,597.7167610032964,591.2005236200914,597.3979183069385,49850300,-0.0035166894681787565
2025-09-25,591.3699951171875,592.9541745739684,586.3582716088486,590.0448183593098,70920200,-0.004320509065733364
2025-09-26,593.8009643554688,594.1297803627111,588.9088608410209,592.1868651388552,54337400,0.004102315582542298
2025-09-29,596.5509643554688,599.858888854889,595.2357610619866,596.929586249639,48332900,0.004620490505593646
2025-09-30,598.18505859375,598.5238479838199,593.9305790157047,596.2521164355429,46533800,0.002735491733528961
2025-10-01,601.0545043945312,601.592517201177,594.1696797218984,594.9966151966095,46899600,0.004785451323200659
2025-10-02,603.5254516601562,604.9502399376884,600.7356543050928,604.8506282086944,43765400,0.004102593138743781
2025-10-03,600.9848022460938,605.1197232184186,599.2013385970163,604.3027001978111,46482100,-0.0042185662989068385
2025-10-06,605.498291015625,607.1422494333636,603.7645725777412,606.2355880916678,41962100,0.007482093782821667
2025-10-07,602.3099365234375,607.4910236381941,600.835342343377,606.8035324139453,58209500,-0.005279583009126591
2025-10-08,609.2147216796875,609.523591030116,603.0572205300643,603.2066381307736,50629800,0.011398628777666224
2025-10-09,608.4774780273438,609.3841394863078,605.2691650224094,609.2546077331658,45551000,-0.0012108868605759458
2025-10-10,587.3545532226562,610.9483641105261,586.9061788056832,609.1748739271294,97614800,-0.03533125307681468
2025-10-13,599.8190307617188,600.7556121211176,595.056398092238,597.497493628088,65872600,0.020999347938596945
2025-10-14,595.8236694335938,600.4966033203683,587.9823159734815,593.1434568492728,69203200,-0.006683227687847462
2025-10-15,600.0283203125,604.4920576664449,593.7612333108135,601.8118449118447,62805500,0.0070320879869786666
2025-10-16,597.8064575195312,606.0961859916426,593.3328076253713,602.9078195311333,70982000,-0.0037098026911751457
2025-10-17,601.7320556640625,603.306322454893,594.1995718879336,595.7738386787643,72024900,0.0065452040358230015
2025-10-20,609.3143310546875,610.5697551235123,604.8606284241672,604.9303809627713,45761700,0.012522021533166424
2025-10-21,609.1549682617188,610.4900574537519,607.1024677916307,609.41403175621,44538200,-0.0002615786773895154
2025-10-22,603.286376953125,609.1848147458128,597.5573034367524,608.5969960402966,61478800,-0.00968069451499771
2025-10-23,608.3578491210938,609.1449520725764,602.3199065464308,602.7084409478078,42844300,0.008371272153050618
2025-10-24,614.8540649414062,616.1692681518385,612.8912638677524,613.7481193370727,47632500,0.010621670408383138
2025-10-27,625.80419921875,626.2624862060553,621.7589773359792,622.2471843336021,54098600,0.01765259450333195
2025-10-28,630.6165161132812,632.3701204498367,626.9598898422056,628.0658354818435,61195700,0.007660396503630738
2025-10-29,633.4561767578125,634.69165413006,627.9562469711387,633.276839153424,67422800,0.004492883102888614
2025-10-30,623.7715454101562,631.1944440896802,623.6619603385896,629.869267455657,61628600,-0.015406632770876501
2025-10-31,626.7805786132812,631.8919134270566,624.4092354874234,631.8619934183905,66305100,0.004812336810913628
2025-11-03,629.7796020507812,633.5059808284601,627.5576766411583,632.7985429356352,37154300,0.004773395143532112
2025-11-04,616.996337890625,624.6683271251044,616.2092348629542,621.0117005353788,63830800,-0.02050683162302534
2025-11-05,621.0116577148438,624.3195213581258,614.9637416360841,616.2390515684897,48688500,0.0064867657046226036
2025-11-06,609.4439086914062,619.7761638844125,608.078899450419,619.5270737190788,72115100,-0.018802937956516413
2025-11-07,607.5208740234375,607.730131632313,596.4911554011275,606.0960857298178,81835400,-0.003160381131631128
2025-11-10,620.9617919921875,622.0378784586748,614.644899897251,616.6674802752618,55919900,0.021883018301210838
2025-11-11,619.307861328125,620.4536395227035,615.2726130875191,618.3115007347396,44868800,-0.0026670517012567507
2025-11-12,618.8196411132812,622.5858524528388,615.5615225825271,622.5659665942537,47444400,-0.0007886429130851422
2025-11-13,606.185791015625,615.8703865003098,603.8742272112875,615.2924803459697,71333600,-0.020627333927824395
2025-11-14,606.6441040039062,611.1177533949825,594.9966460866717,597.3679891941105,80087300,0.0007557745929232412
2025-11-17,601.4630737304688,610.2509824067986,597.686888568112,604.0934805750228,63850400,-0.008577156285282652
2025-11-18,594.1397705078125,600.1179339423381,589.1878876531316,597.4377215700049,83327300,-0.012250547655252483
2025-11-19,597.6868286132812,603.9539148983285,592.4260762649179,594.897031094223,73111500,0.0059523232336186
2025-11-20,583.5385131835938,611.7953468701894,582.6218784315797,609.3940836964333,117743200,-0.023956465511158626
2025-11-21,587.9224853515625,594.807310091711,578.6264242609341,585.3319113971087,103344200,0.007484658284509737
2025-11-24,602.9575805664062,604.4720682054578,592.9939741263881,593.1135933516537,60168100,0.025251735358100397
2025-11-25,606.674072265625,608.0390815394395,595.1461718391749,601.3136469136847,57560900,0.006144851426171935
2025-11-26,612.034423828125,613.9474190856081,608.1685399702174,610.2808195033393,42393600,0.008796830656157325
2025-11-28,616.996337890625,617.0660904342964,613.1802595402138,613.8677508272276,23034400,0.008074559524692734
2025-12-01,614.923828125,617.1855860502521,610.2907880213397,611.3967336448243,40957600,-0.0033646851120008713
2025-12-02,619.7362670898438,621.4798980663827,615.3423437866954,617.2055331651553,54541800,0.007795608451378063
2025-12-03,621.2507934570312,621.9481972408511,615.7807833814271,617.3649627124794,47841600,0.0024408427247357813
2025-12-04,620.6728515625,622.6655726885474,617.2852013230104,622.6555993528335,47067800,-0.0009307205617168388
2025-12-05,623.2036743164062,626.6311575742,621.4401572213803,622.1077018660956,53614200,0.00406925638283818
2025-12-08,622.0079956054688,626.5513972974647,619.4273950138578,624.9273247300189,43462400,-0.001920443097830137
2025-12-09,622.775146484375,623.5921694288306,618.7398984397635,620.7425928652799,37156000,0.0012325857413910107
2025-12-10,625.3258666992188,626.920080160108,618.7299643381673,621.5795410824109,55031400,0.004087367511201745
2025-12-11,623.3033447265625,623.5026290294861,615.4719033941835,621.5497401616841,58272800,-0.003239590621465006
2025-12-12,611.3867797851562,621.2706598008424,609.1349951238292,619.8160122611713,75158700,-0.019303523593022284
2025-12-15,608.3179931640625,616.1693197420918,607.102462393675,616.1195138735233,49538200,-0.005032026051910032
2025-12-16,609.5235595703125,611.2771638485672,604.7011478051123,606.0462710202155,55152800,0.00197984179031945
2025-12-17,598.224853515625,611.4167192166101,598.0953825829183,610.8288396926666,70654300,-0.01871090960391306
2025-12-18,606.8931884765625,610.6992932536183,604.7111563372118,607.5806797208244,78875800,0.014386116809326503
2025-12-19,614.8043212890625,615.3722541519244,609.6431804668954,609.722906345813,60369800,0.012951231102140255
2025-12-22,617.7513427734375,620.1855972768566,616.3147325600856,619.8862552767364,43703100,0.0047819781064196015
2025-12-23,620.6444702148438,620.9437513214359,616.3247143117193,616.7437078609482,41120400,0.004672387736510809
2025-12-24,622.4602661132812,622.8094781897531,620.2554500580117,620.524833532521,18468700,0.002921390510044092
2025-12-26,622.4202880859375,624.0464530908596,621.672054895625,623.1884327551913,28959800,-6.422789274467806e-05
2025-12-29,619.4074096679688,621.312944373981,617.2724362589381,618.6392040742111,32458300,-0.004852338750347394
2025-12-30,617.9707641601562,620.7142858196408,617.7612369489017,618.3798323976478,31226800,-0.002322080967224036
2025-12-31,612.8628540039062,618.4995685313527,612.6034567489972,618.1903012408169,40746500,-0.00829996744363593
2026-01-02,611.6757202148438,621.3827805917631,608.7127456204436,618.5993746796253,61859200,-0.0019389085586393317
2026-01-05,616.5341796875,619.3475438678657,615.2671519649484,617.8610636312775,46828400,0.007911489419854187
2026-01-06,621.951416015625,622.550039153126,617.0829067758982,617.7712838046286,43137500,0.008748217816814775
2026-01-07,622.550048828125,626.4607976434537,621.0934661514185,621.5723159557587,44880300,0.0009620444420226397
2026-01-08,619.0083618164062,621.9514248328863,616.3446684463296,621.5623898130801,50435900,-0.005705243648816256
2026-01-09,625.173828125,626.4108973206594,617.6016810573577,619.946120817708,49688700,0.00991095488475612
2026-01-12,625.6925659179688,627.368601054656,620.7941591397378,620.8440291770474,37388700,0.0008294056426431345
2026-01-13,624.7647705078125,627.9871421828441,622.2307758506613,625.7923733874012,44481400,-0.0014839300044612392
2026-01-14,618.0905151367188,621.9813522711377,613.1122798122711,620.7741807448011,72598700,-0.01074030034967808
2026-01-15,620.3153076171875,628.5159146085045,619.2877047511574,625.1238996016858,53934900,0.0035929980835507996
2026-01-16,619.7965087890625,624.6051616315584,617.4221104790464,624.0265108868263,61058100,-0.0008366969035008165
2026-01-20,606.6276245117188,613.611135001854,605.6199939698072,609.0918377338978,81988900,-0.021476078403984473
2026-01-21,614.8282470703125,618.958448118544,606.4280383777512,608.0342310571399,79837900,0.0134278216147505
2026-01-22,619.2976684570312,620.9936758988773,616.3247080096578,620.8838887514372,42254800,0.007243087387034551
2026-01-23,621.2530517578125,623.9267921630139,617.1926928942361,618.2701049354484,43645800,0.0031524465518224464
2026-01-26,623.9866333007812,626.1315320367429,620.654474506515,621.7419335987944,35983000,0.004390457462666553
2026-01-27,629.6432495117188,630.5510790290263,625.8621995501378,627.428447510711,38997200,0.009024441229843394
2026-01-28,631.7283325195312,635.1003753282191,630.3216807638972,633.9631070350727,50691700,0.00330605974747412
2026-01-29,627.947265625,632.1772678570734,616.8135816536253,631.159712042883,79944000,-0.006003257117329632
2026-01-30,620.4050903320312,626.780052376051,617.8411370320566,624.2360714484229,65650700,-0.012083554819464267
2026-02-02,624.6650390625,627.0094788951942,617.2026180242116,617.2425627681274,49020300,0.006842932382385962
2026-02-03,615.0676879882812,628.4959413976924,609.5207880738473,626.8199062679399,81234000,-0.015483245050837946
2026-02-04,604.3230590820312,613.6510093064408,599.0554677378625,613.5712416010163,81850700,-0.017623402544910988
2026-02-05,595.6236572265625,603.3852988890579,593.3589849842447,598.7961590682759,89354500,-0.014499900962911242
2026-02-06,608.2138671875,609.9696699932801,597.3594924154261,598.7761302609774,78019300,0.02091755534548786
2026-02-09,612.8728637695312,615.0078372205985,603.6446538426547,606.1088060763491,56797600,0.007630939018748233
2026-02-10,610.029541015625,615.566515685603,609.5706636004911,613.8605219833995,53938900,-0.0046501304869109765
2026-02-11,611.6657104492188,616.0653561148772,606.2584951427149,614.9280269463444,58575100,0.002678524631827479
2026-02-12,599.22509765625,614.3593449076634,598.1576109292407,613.2619605146361,81378900,-0.020548591921097436
2026-02-13,600.5020751953125,605.0513310342399,595.0150312237765,599.0155948438262,69237500,0.0021287806931436742
2026-02-17,599.8834838867188,602.527265543405,591.9422745141455,596.9703796848319,69013800,-0.0010306544570979057
2026-02-18,604.3629150390625,608.3335807359596,599.3048511606997,600.691591343514,64250700,0.007439427372770084
2026-02-19,602.0484008789062,604.3929016136949,599.3348375008546,601.3899824064425,60960800,-0.0038370280008004024
2026-02-20,607.3758544921875,608.912204870808,597.818404566386,598.7063226521155,74127300,0.00880995737807975
2026-02-23,599.9932250976562,606.5777139403463,597.6387991893799,605.1809875790976,63859100,-0.012229435937566502
2026-02-24,606.4380493164062,607.5554060860559,598.3172099190714,600.9809641013653,55023700,0.010684214945387927
2026-02-25,615.227294921875,615.3769659271486,609.5606824638733,609.6305248735758,55710700,0.014389206171659013
2026-02-26,607.8048095703125,614.1398874724765,602.5571907580546,614.1398874724765,96178900,-0.012137991233678432
2026-02-27,605.859375,606.8869778398549,600.7714135107487,601.5595305738112,68125200,-0.0032058888467913385
2026-03-02,606.6575317382812,608.4831769130049,596.5812880631398,597.449233707877,75264600,0.0013165290300355826
2026-03-03,600.1629028320312,602.5373012472795,590.4757543096065,594.925270014521,97015500,-0.01076331062964133
2026-03-04,609.311279296875,611.4362666076488,602.0085154373871,602.7367763187228,70943900,0.015128145891415246
2026-03-05,607.4755249023438,611.316491745462,600.8412272682934,605.9691332548557,89602400,-0.0030173828003607845
2026-03-06,598.337158203125,604.5724349663923,596.9205203720956,598.8958365654587,86302300,-0.015157481402637382
2026-03-09,606.3283081054688,607.8347607375977,589.9370196014203,592.83015152989,93068200,0.013267197145365521
2026-03-10,606.3383178710938,611.8452732023572,603.9938171455258,606.3483040570791,64078900,1.6508684927659008e-05
2026-03-11,606.2584838867188,610.9873082570145,603.6047767674571,607.5155254821397,60114800,-0.00013167441044641592
2026-03-12,595.8530883789062,602.7168865412752,595.6435611395323,601.3401324342583,71836600,-0.017312295522057007
2026-03-13,592.3213500976562,602.1780807449821,591.1740956767717,598.3172021392496,63145500,-0.005944831950843222
2026-03-16,598.9656982421875,602.4374809704295,597.6986704778886,598.6264723831473,49077200,0.0111550227168346
2026-03-17,601.8887939453125,604.4727195335382,600.4521836848432,601.7192114600242,47106600,0.004868369141310366
2026-03-18,593.4986572265625,601.7391485345295,593.1594313501803,600.0730994941966,56128000,-0.014037748997582209
2026-03-19,591.623046875,594.3964663870662,585.6970372512312,588.1213056121308,75597600,-0.003165264649248654
2026-03-20,580.6888427734375,589.777367794347,577.177115328303,589.6676415345306,91964700,-0.01865462814763994
2026-03-23,587.3545532226562,594.426798587646,585.316814476339,589.8718065319924,89936100,0.011413587600842143
2026-03-24,583.3389282226562,587.2846043834495,581.291190762444,584.168034177979,57750900,-0.006860276943048109
2026-03-25,587.1747436523438,590.7208345412774,585.0470769253521,588.4933019738706,60475500,0.006554095441751243
2026-03-26,573.1600952148438,583.9882223389391,572.8005050402526,581.9604215239336,81492100,-0.024157388913031635
2026-03-27,561.9624633789062,570.3932010852176,560.953562318283,570.1834096572744,82702200,-0.019730019448686013
2026-03-30,557.6671752929688,567.4264087803426,554.990063621082,566.7571613464482,70602600,-0.007672732142518884
2026-03-31,576.54638671875,578.0048059355398,563.5906539497258,563.6705222317372,95878000,0.0332934747441379
2026-04-01,583.6685791015625,587.0948065489223,579.7828346644924,580.8416686249938,79435100,0.012277521075913629
2026-04-02,584.3378295898438,585.4066623334502,571.2921684003409,573.3399058573888,50941700,0.0011459707010890616
2026-04-06,587.85400390625,589.9616731281693,584.04818857967,585.5864761740653,35108500,0.005999333491502505
2026-04-07,587.9439086914062,588.33343423744,577.7650922119919,584.9971348275072,49948200,0.0001529255739752784
2026-04-08,605.4246826171875,609.2304976949432,601.4590090396181,608.0418015962135,63086000,0.029298616548572833
2026-04-09,609.5202026367188,609.8298599139192,602.3680889271087,605.2648690435934,37837500,0.0067419281026438165
2026-04-10,610.3992309570312,612.9963525292593,608.9108762966896,611.1684052317679,34038500,0.0014411254517957557
2026-04-13,616.7122802734375,626.0519920071752,607.4424380458482,608.8109292631304,32972100,0.010289374610302784
2026-04-14,627.909912109375,627.909912109375,619.4192432257902,619.5391066149297,49921100,0.017994109443091048
2026-04-15,636.7003173828125,637.1298380333551,627.5104045058445,628.389443361703,50102400,0.013902381380959105
2026-04-16,639.7669067382812,641.4750515662109,634.5626649382287,638.508341093032,42320600,0.004804816288567291
2026-04-17,648.1376953125,649.2864572780229,643.3629742993419,644.8813252169399,53488900,0.012999264752728733
2026-04-20,646.0799560546875,648.0478251654257,641.8146849601577,647.3285838511964,37138500,-0.0031798994389941088
2026-04-21,643.6226806640625,649.4862317832127,641.5050128476822,647.6981578004061,39580500,-0.003810612297942086
2026-04-22,654.390869140625,654.6106593494021,647.8081371457112,649.4363527672372,37368400,0.016592177358323502
2026-04-23,650.7048950195312,656.1988574654163,644.8114082493845,652.8325617169355,40099800,-0.0056486029959206905
2026-04-24,663.1512451171875,663.7805584259092,655.8093378063087,657.7871447947734,45563100,0.01894685734806014
2026-04-27,663.5008544921875,663.7006471456002,659.9647623025988,662.6718094811696,32717000,0.0005270551084132031
2026-04-28,656.8281860351562,658.9159186391063,653.0923012400261,656.6883250827437,34147900,-0.010107670226959518
2026-04-29,660.84375,660.9935487523345,655.8692364466933,657.906975030037,31724900,0.00609495624219003
2026-04-30,667.0069580078125,668.165718724101,656.8381407338443,664.6195670718752,40622200,0.009283050014774911
2026-05-01,673.4099731445312,675.2279215792395,668.0658095505829,668.425399726581,39172600,0.009553839094710392
2026-05-04,672.141357421875,675.9871067346722,668.165745937857,673.9193717407993,34542000,-0.0018856450433876817
2026-05-05,680.8617553710938,682.0205161358222,676.7662804889583,677.2157986999623,37101100,0.012890611441448364
2026-05-06,695.0062255859375,695.1660231170968,685.7263848294704,687.0250065058129,38778500,0.020561520052475232
2026-05-07,694.1771240234375,700.4701959320079,691.0106209986512,695.8153383268437,43779100,-0.0011936533232645772
2026-05-08,710.44921875,710.44921875,698.7321150158692,699.1516368844667,44320400,0.023170322549315968
2026-05-11,712.5069580078125,713.805579696499,708.1317613118729,709.5801817559162,36019100,0.002892205291790606
2026-05-12,706.463623046875,709.4003981235137,695.8752835015275,707.4425277497028,45873000,-0.008517965885225794
2026-05-13,713.9254760742188,715.8633489513101,704.0563165931343,709.1806902070881,40012500,0.010506869811020687
2026-05-14,718.9998168945312,721.2374091114184,713.4359241362712,713.8355094170396,33327500,0.007082521408242194
2026-05-15,708.1517944335938,714.3450008365951,704.7754998097428,709.3604881552494,51792700,-0.015202633423097531
2026-05-18,705.1051025390625,711.2883097073819,698.0827906816122,710.7588622671137,49834500,-0.00431159631466126
2026-05-19,700.7599487304688,705.714465040699,694.4868131207006,699.0418050981273,46827500,-0.006181486111535493
2026-05-20,712.3671875,712.3671875,703.0174157954351,704.5157692199168,36779200,0.01642810405387535
2026-05-21,713.7256469726562,716.3327671783537,705.9941534147096,708.2116871156971,36415400,0.00190514930123256
2026-05-22,716.7523193359375,721.3273088449104,715.1640988544713,717.2817668085307,33118600,0.004231700104705903
2026-05-26,729.4783935546875,730.3673702569255,723.3650554496121,725.1631283460116,34254700,0.01759940870283534
2026-05-27,728.6492919921875,732.515039000156,724.6436840304248,732.155448805963,35148700,-0.0011372140589216441
2026-05-28,734.79248046875,735.7913827320126,725.6125662306399,728.9289290608506,32840000,0.00839558454064457
2026-05-29,737.49951171875,740.815874477768,734.4428732975097,737.0300569298091,37541700,0.0036773062882472845
2026-06-01,741.9246826171875,744.8315224447946,735.1820921097265,736.2309273283665,33890600,0.005982305971067254
2026-06-02,745.3408813476562,745.6206032443648,738.4184960219842,741.5850600741305,30085200,0.004593940478789365
2026-06-03,743.39306640625,747.828194840854,740.1965670083828,746.4896389980919,40270200,-0.0026167416357909838
2026-06-04,739.7969970703125,742.6838392688934,731.815777671541,734.6726235372454,40782600,-0.004849110671582846
2026-06-05,704.2860107421875,730.8867822650427,703.5468328396532,729.2585667367451,99606600,-0.04919128136652138
2026-06-08,715.283935546875,722.2363170978037,712.2872288217055,717.0220156925686,47401500,0.015495037605172682
2026-06-09,707.052978515625,724.863361278284,685.6165148330579,722.1863106332692,91932200,-0.011573979178238936
2026-06-10,692.9285278320312,710.4992458337158,692.1693523412803,700.8897497708573,65334300,-0.02017873791071192
2026-06-11,716.332763671875,717.5813914617661,694.2370511794155,698.5223198057862,71798900,0.033217953298081464
2026-06-12,720.5481567382812,723.2152086039907,710.4992028084189,716.8222099862159,51168400,0.00586743842175724
2026-06-15,743.1832885742188,743.9424640540115,736.5705604269921,737.2897407963812,46710200,0.030930450325272207
2026-06-16,729.0587768554688,743.4029984406948,728.8390476265988,741.4351902855873,45348700,-0.019188346028391264
2026-06-17,721.7168579101562,734.8723831709506,720.058646070882,734.38293083454,51669300,-0.010121457029139838
2026-06-18,739.8070068359375,741.005701773832,731.7059239216511,736.390778085872,50154600,0.024756452193266106
2026-06-22,737.9500122070312,745.4500122070312,734.3900146484375,742.02001953125,43518600,-0.002513262440915354
2026-06-23,713.6500244140625,723.6099853515625,712.1099853515625,715.739990234375,53354200,-0.03348340788368682
2026-06-24,710.6199951171875,719.9299926757812,704.4500122070312,715.3699951171875,52480400,-0.00425485873687116
2026-06-25,716.3800048828125,726.8300170898438,705.2999877929688,725.9000244140625,49668000,0.008072937699171981
2026-06-26,706.52001953125,715.5599975585938,702.8099975585938,707.1300048828125,47081800,-0.013859221316670988
2026-06-29,724.0800170898438,724.5800170898438,705.1699829101562,713.989990234375,44939100,0.02455036918952256
2026-06-30,736.4000244140625,737.6199951171875,723.9099731445312,724.1799926757812,42121800,0.016871575391121125
2026-07-01,725.1699829101562,731.9199829101562,724.5999755859375,729.1900024414062,40803800,-0.015367395952347176
2026-07-02,712.5999755859375,730.8300170898438,707.5599975585938,725.5800170898438,50959800,-0.01748586764864489
2026-07-06,722.8200073242188,726.0800170898438,718.4500122070312,719.9299926757812,30220400,0.014240019728462614
2026-07-07,709.4299926757812,716.3499755859375,704.9000244140625,714.1699829101562,42483100,-0.01869841825986055
2026-07-08,711.4400024414062,712.260009765625,700.9099731445312,704.9500122070312,35603200,0.0028292681432302547
2026-07-09,723.280029296875,724.22998046875,715.1300048828125,718.3300170898438,33654700,0.01650537441166384
2026-07-10,725.510009765625,726.3900146484375,717.0,720.7000122070312,26415900,0.003078406352438468
2026-07-13,711.739990234375,718.739990234375,710.0800170898438,717.719970703125,36552400,-0.019162206825520382
2026-07-14,719.6900024414062,722.2899780273438,714.3400268554688,720.219970703125,29448100,0.011107904669584076
2026-07-15,717.739990234375,724.3599853515625,710.22998046875,723.8499755859375,32627600,-0.0027131942608764562
2026-07-16,705.9400024414062,713.5999755859375,702.6099853515625,712.010009765625,39402000,-0.01657712136589082
2026-07-17,695.3300170898438,702.2999877929688,686.760009765625,691.6500244140625,54109300,-0.015143673909127738
2026-07-20,696.0599975585938,705.7999877929688,695.510009765625,702.1599731445312,29687600,0.001049282412609157
2026-07-21,708.969970703125,710.0499877929688,702.7999877929688,706.5700073242188,33728300,0.018377311188778098
2026-07-22,705.3499755859375,709.6500244140625,703.6199951171875,703.6199951171875,23692200,-0.0051190722888647755
2026-07-23,691.9600219726562,698.6599731445312,687.7899780273438,694.6699829101562,44028600,-0.019165916674813394
2026-07-24,684.22998046875,692.6300048828125,682.47998046875,690.4099731445312,42876700,-0.011234092367193102
2026-07-27,682.1199951171875,692.2999877929688,675.9500122070312,691.6799926757812,42681500,-0.0030885015793880475
2026-07-28,675.489990234375,679.4000244140625,667.8800048828125,676.22998046875,51398700,-0.009767249301847058
2026-07-29,661.72998046875,680.0499877929688,661.1400146484375,675.510009765625,57233300,-0.02058075074336642
2026-07-30,683.5499877929688,685.1199951171875,673.2999877929688,674.760009765625,66753700,0.03244220027850485
2026-07-31,687.989990234375,695.77001953125,680.0499877929688,692.1099853515625,50540500,0.006474500229846181
2026-08-03,700.0700073242188,701.5900268554688,685.8200073242188,688.2999877929688,44965100,0.01740605175629989
2026-08-04,723.8499755859375,725.6599731445312,707.530029296875,708.1599731445312,59778600,0.03340381436612204
2026-08-05,717.2999877929688,728.5399780273438,716.9199829101562,726.25,33540200,-0.009090008757622461
2026-08-06,714.6500244140625,719.3200073242188,708.5,710.8200073242188,33035900,-0.0037011995969725166
2026-08-07,723.030029296875,723.6300048828125,716.510009765625,720.1500244140625,31070400,0.011657809076050442
2026-08-10,720.8699951171875,724.6699829101562,720.3300170898438,722.3900146484375,26141400,-0.002991946470674987
